"Name","Location","Function Signature","Function Size"
"`vector_constructor_iterator'","00401080","void `vector_constructor_iterator'(void * param_1\, uint param_2\, int param_3\, _func_void_ptr_void_ptr * param_4)","50"
"FUN_00401100","00401100","undefined FUN_00401100(int param_1)","59"
"InitOnce","004011e0","undefined InitOnce(int param_1)","1019"
"FUN_004015e0","004015e0","undefined4 FUN_004015e0(byte * param_1\, char * param_2)","462"
"FUN_004017b0","004017b0","undefined FUN_004017b0(void)","1"
"FUN_004017c0","004017c0","undefined FUN_004017c0(void)","66"
"FUN_00401820","00401820","undefined FUN_00401820(void)","1"
"FUN_00401850","00401850","undefined4 FUN_00401850(void)","3"
"FUN_00401860","00401860","undefined4 FUN_00401860(void)","3"
"FUN_00401870","00401870","undefined FUN_00401870(void)","1"
"FUN_004018a0","004018a0","undefined FUN_004018a0(void * param_1)","81"
"FUN_00401900","00401900","undefined4 * FUN_00401900(int param_1\, undefined4 param_2)","62"
"FUN_00401940","00401940","undefined4 FUN_00401940(int param_1\, int param_2\, int * param_3)","1052"
"FUN_00401d60","00401d60","undefined4 FUN_00401d60(void)","169"
"FUN_00401e10","00401e10","undefined4 FUN_00401e10(int param_1\, int param_2)","34"
"FUN_00401e40","00401e40","undefined FUN_00401e40(int * param_1)","2385"
"FUN_004027a0","004027a0","undefined FUN_004027a0(int param_1\, int param_2)","237"
"FUN_00402890","00402890","void * FUN_00402890(int * param_1\, uint * param_2)","36"
"FUN_00402910","00402910","undefined FUN_00402910(int param_1)","203"
"FUN_004029e0","004029e0","undefined FUN_004029e0(int param_1)","69"
"FUN_00402b80","00402b80","undefined FUN_00402b80(void)","173"
"FUN_00402c30","00402c30","undefined FUN_00402c30(int param_1\, undefined4 param_2\, int param_3)","173"
"FUN_00402ce0","00402ce0","undefined FUN_00402ce0(undefined4 param_1\, undefined4 param_2\, int param_3)","279"
"FUN_00402e00","00402e00","int FUN_00402e00(float param_1\, float * param_2\, int param_3\, float * param_4)","168"
"FUN_00402eb0","00402eb0","undefined FUN_00402eb0(undefined4 param_1\, undefined4 param_2\, int param_3)","581"
"FUN_00403240","00403240","undefined FUN_00403240(int param_1\, undefined4 param_2\, undefined4 * param_3)","172"
"FUN_00403300","00403300","undefined FUN_00403300(int param_1\, undefined4 * param_2)","46"
"FUN_00403450","00403450","int FUN_00403450(int param_1)","471"
"FUN_00403630","00403630","undefined FUN_00403630(void)","105"
"FUN_004036a0","004036a0","undefined FUN_004036a0(float param_1\, int param_2)","1457"
"FUN_00403c60","00403c60","undefined FUN_00403c60(int param_1\, undefined4 * param_2)","35"
"FUN_00403cb0","00403cb0","float10 FUN_00403cb0(float param_1\, float param_2)","54"
"FUN_00403cf0","00403cf0","ulonglong FUN_00403cf0(float param_1)","320"
"FUN_00403e70","00403e70","bool FUN_00403e70(undefined4 param_1\, int * param_2)","40"
"FUN_00403ea0","00403ea0","undefined8 FUN_00403ea0(undefined4 param_1\, undefined4 param_2\, undefined1 param_3)","178"
"FUN_00403f60","00403f60","undefined8 FUN_00403f60(int param_1\, char * param_2\, int param_3)","1710"
"FUN_00404620","00404620","undefined8 FUN_00404620(char * param_1\, int param_2)","560"
"FUN_00404850","00404850","undefined4 FUN_00404850(undefined4 param_1\, int param_2\, uint param_3)","201"
"FUN_00404990","00404990","undefined FUN_00404990(void)","184"
"FUN_00404a50","00404a50","undefined4 FUN_00404a50(int param_1\, undefined4 * param_2)","569"
"FUN_00404c90","00404c90","undefined FUN_00404c90(int param_1)","109"
"FUN_00404d00","00404d00","bool FUN_00404d00(void)","185"
"FUN_00404dc0","00404dc0","undefined FUN_00404dc0(void)","109"
"FUN_00404e30","00404e30","undefined FUN_00404e30(int param_1)","217"
"FUN_00404f10","00404f10","char FUN_00404f10(int param_1)","22"
"FUN_00404f30","00404f30","undefined FUN_00404f30(int param_1\, undefined4 * param_2\, undefined4 * param_3\, undefined4 * param_4\, char * param_5)","101"
"FUN_00404fa0","00404fa0","undefined4 FUN_00404fa0(int param_1)","288"
"FUN_004050c0","004050c0","undefined FUN_004050c0(char * param_1)","2006"
"FUN_004058a0","004058a0","bool FUN_004058a0(float param_1)","530"
"FUN_00405ac0","00405ac0","undefined FUN_00405ac0(void)","640"
"FUN_00405d70","00405d70","undefined4 FUN_00405d70(undefined4 param_1\, int param_2\, int * param_3)","700"
"FUN_00406030","00406030","undefined4 FUN_00406030(float param_1\, int * param_2\, int param_3)","1834"
"FUN_004068d0","004068d0","undefined4 FUN_004068d0(undefined4 param_1\, undefined4 param_2\, int * param_3)","240"
"FUN_00407ad0","00407ad0","undefined FUN_00407ad0(void)","144"
"FUN_00407b60","00407b60","undefined FUN_00407b60(int param_1)","403"
"FUN_00407d00","00407d00","int FUN_00407d00(byte * param_1)","285"
"FUN_00407e40","00407e40","int FUN_00407e40(int param_1\, int param_2)","1317"
"FUN_004087a0","004087a0","float10 FUN_004087a0(float param_1\, float param_2)","54"
"FUN_00408800","00408800","undefined FUN_00408800(int param_1)","127"
"FUN_00408880","00408880","int * FUN_00408880(int param_1\, int param_2\, int param_3)","147"
"FUN_00408960","00408960","undefined FUN_00408960(int param_1)","213"
"FUN_00408a40","00408a40","undefined FUN_00408a40(void)","175"
"FUN_00408af0","00408af0","undefined FUN_00408af0(void)","3711"
"FUN_00409980","00409980","undefined FUN_00409980(void)","2324"
"FUN_0040a2a0","0040a2a0","int FUN_0040a2a0(int param_1\, float * param_2\, float param_3)","517"
"FUN_0040a520","0040a520","float10 FUN_0040a520(int param_1)","45"
"FUN_0040a570","0040a570","undefined FUN_0040a570(float * param_1)","1047"
"FUN_0040aa00","0040aa00","undefined FUN_0040aa00(int param_1\, undefined4 param_2)","79"
"FUN_0040aa50","0040aa50","undefined4 FUN_0040aa50(void)","6"
"FUN_0040aa60","0040aa60","undefined4 FUN_0040aa60(void)","6"
"FUN_0040aa70","0040aa70","undefined4 * FUN_0040aa70(void)","6"
"FUN_0040aa90","0040aa90","undefined FUN_0040aa90(float * param_1)","133"
"FUN_0040ab20","0040ab20","undefined FUN_0040ab20(void)","693"
"FUN_0040ade0","0040ade0","undefined FUN_0040ade0(undefined4 * param_1)","14390"
"FUN_0040e690","0040e690","uint FUN_0040e690(int param_1)","106"
"FUN_0040e700","0040e700","undefined FUN_0040e700(void)","1"
"FUN_0040e870","0040e870","undefined FUN_0040e870(undefined4 * param_1)","95"
"FUN_0040e8e0","0040e8e0","undefined FUN_0040e8e0(void * this\, float * param_1)","91"
"FUN_0040e9a0","0040e9a0","int FUN_0040e9a0(undefined4 param_1\, int param_2\, undefined4 param_3\, float param_4)","133"
"FUN_0040ea30","0040ea30","undefined FUN_0040ea30(void)","319"
"FUN_0040ebf0","0040ebf0","undefined FUN_0040ebf0(undefined4 param_1\, uint * param_2)","513"
"FUN_0040ee00","0040ee00","undefined FUN_0040ee00(int * param_1)","102"
"FUN_0040ee70","0040ee70","void * FUN_0040ee70(uint * param_1)","132"
"FUN_0040ef00","0040ef00","undefined4 FUN_0040ef00(void * this\, undefined4 * param_1\, undefined4 param_2\, undefined4 param_3\, undefined4 param_4)","215"
"FUN_0040eff0","0040eff0","undefined FUN_0040eff0(undefined4 param_1\, undefined4 param_2\, float * param_3\, float * param_4)","1119"
"FUN_0040f450","0040f450","undefined FUN_0040f450(undefined4 param_1\, undefined4 param_2\, float * param_3\, float * param_4\, float param_5)","190"
"FUN_0040f510","0040f510","undefined FUN_0040f510(float * param_1\, int param_2)","163"
"FUN_0040f5c0","0040f5c0","float10 FUN_0040f5c0(undefined4 param_1\, undefined4 param_2)","302"
"FUN_0040f6f0","0040f6f0","float10 FUN_0040f6f0(undefined4 param_1\, float param_2)","344"
"FUN_0040f850","0040f850","undefined FUN_0040f850(undefined4 param_1)","194"
"FUN_0040f920","0040f920","undefined FUN_0040f920(int param_1\, int param_2\, int param_3)","406"
"FUN_0040fac0","0040fac0","undefined FUN_0040fac0(int param_1\, int param_2)","651"
"FUN_0040fd80","0040fd80","undefined FUN_0040fd80(float * param_1\, float * param_2)","534"
"FUN_0040ffa0","0040ffa0","undefined FUN_0040ffa0(undefined4 * param_1\, int param_2)","175"
"FUN_00410050","00410050","int FUN_00410050(undefined4 param_1\, int param_2)","44"
"FUN_004100b0","004100b0","undefined FUN_004100b0(undefined4 param_1\, int param_2)","181"
"FUN_00410170","00410170","undefined FUN_00410170(void)","196"
"FUN_00410240","00410240","undefined FUN_00410240(void)","115"
"FUN_004102c0","004102c0","undefined FUN_004102c0(float * param_1\, undefined4 param_2\, int param_3)","548"
"FUN_004104f0","004104f0","undefined4 FUN_004104f0(undefined4 * param_1\, float * param_2\, undefined4 param_3)","1101"
"FUN_00410940","00410940","undefined FUN_00410940(void)","206"
"FUN_00410a10","00410a10","undefined4 FUN_00410a10(float param_1\, int param_2\, float * param_3\, int param_4)","2640"
"FUN_00411470","00411470","undefined FUN_00411470(float * param_1)","380"
"FUN_004115f0","004115f0","int FUN_004115f0(void)","68"
"FUN_00411640","00411640","undefined FUN_00411640(undefined4 param_1\, int param_2\, float param_3)","501"
"FUN_004118d0","004118d0","undefined FUN_004118d0(void)","171"
"FUN_00411980","00411980","undefined FUN_00411980(void)","636"
"FUN_00411c00","00411c00","undefined FUN_00411c00(void)","699"
"FUN_00411f20","00411f20","undefined FUN_00411f20(int param_1)","724"
"FUN_00412210","00412210","undefined FUN_00412210(int param_1\, float * param_2)","320"
"FUN_00412580","00412580","undefined FUN_00412580(int param_1)","254"
"FUN_004126b0","004126b0","undefined4 FUN_004126b0(int param_1)","170"
"FUN_00412760","00412760","undefined4 FUN_00412760(void * this\, int param_1)","826"
"FUN_00412aa0","00412aa0","undefined4 FUN_00412aa0(int param_1\, int param_2)","294"
"FUN_00412bd0","00412bd0","undefined FUN_00412bd0(void * this\, int param_1\, int param_2\, int param_3)","960"
"FUN_00412fc0","00412fc0","undefined FUN_00412fc0(void)","581"
"FUN_00413230","00413230","undefined FUN_00413230(int param_1\, float * param_2)","52"
"FUN_00413270","00413270","undefined FUN_00413270(undefined4 * param_1)","509"
"FUN_00413470","00413470","undefined FUN_00413470(undefined4 param_1\, int param_2)","153"
"FUN_00413510","00413510","undefined FUN_00413510(float * param_1\, float * param_2\, float param_3\, float param_4)","425"
"FUN_004136c0","004136c0","undefined FUN_004136c0(void)","455"
"FUN_00413890","00413890","undefined FUN_00413890(void)","378"
"FUN_00413a20","00413a20","undefined FUN_00413a20(int param_1)","126"
"FUN_00413b10","00413b10","undefined FUN_00413b10(int param_1)","64"
"FUN_00413f20","00413f20","undefined FUN_00413f20(float * param_1)","28"
"FUN_00413f80","00413f80","undefined FUN_00413f80(undefined4 * param_1)","95"
"FUN_00413fe0","00413fe0","undefined FUN_00413fe0(int param_1)","162"
"FUN_00414090","00414090","undefined FUN_00414090(int param_1)","217"
"FUN_00414170","00414170","undefined FUN_00414170(int param_1)","219"
"FUN_00414250","00414250","undefined FUN_00414250(int param_1)","215"
"FUN_00414340","00414340","undefined FUN_00414340(undefined4 * param_1)","178"
"FUN_00414400","00414400","undefined FUN_00414400(void)","1174"
"ResetPlayerPacket","004148a0","undefined ResetPlayerPacket(PLAYERPACKET_s * playerPacket)","523"
"FUN_00414ab0","00414ab0","undefined FUN_00414ab0(int param_1\, undefined4 param_2)","25"
"FUN_00414ad0","00414ad0","undefined FUN_00414ad0(int param_1)","216"
"FUN_00414bb0","00414bb0","undefined FUN_00414bb0(float param_1)","158"
"FUN_00414c50","00414c50","undefined FUN_00414c50(int param_1)","78"
"FUN_00414ca0","00414ca0","undefined FUN_00414ca0(int param_1)","52"
"FUN_00414ce0","00414ce0","undefined FUN_00414ce0(void)","40"
"FUN_00414d10","00414d10","undefined FUN_00414d10(int param_1\, char param_2)","39"
"MakePlayerList","00414d40","int MakePlayerList(int param_1)","348"
"FUN_00414f20","00414f20","undefined FUN_00414f20(void)","82"
"FUN_00414f80","00414f80","undefined FUN_00414f80(int param_1)","119"
"FUN_00415000","00415000","undefined FUN_00415000(int param_1)","68"
"FUN_00415050","00415050","int FUN_00415050(int param_1)","117"
"ResetCharacterIdle","004150d0","undefined ResetCharacterIdle(GameObject_s * obj\, int param_2\, uint param_3)","240"
"FUN_004151c0","004151c0","undefined FUN_004151c0(int param_1\, uint param_2)","418"
"FUN_00415370","00415370","undefined FUN_00415370(int param_1)","409"
"FUN_00415510","00415510","undefined FUN_00415510(void)","600"
"FUN_00415770","00415770","undefined FUN_00415770(int param_1)","1250"
"FUN_00415c60","00415c60","undefined FUN_00415c60(float param_1)","1322"
"FUN_00416190","00416190","undefined FUN_00416190(float param_1)","2718"
"FUN_00416c30","00416c30","undefined FUN_00416c30(void)","91"
"FUN_00416c90","00416c90","undefined4 FUN_00416c90(undefined4 param_1\, int param_2)","202"
"FUN_00416d60","00416d60","undefined FUN_00416d60(float param_1)","7994"
"FUN_00418ca0","00418ca0","undefined FUN_00418ca0(float param_1)","772"
"FUN_00418fb0","00418fb0","undefined FUN_00418fb0(void * this\, int param_1\, int param_2\, int param_3)","291"
"FUN_004190e0","004190e0","undefined4 FUN_004190e0(int param_1)","70"
"FUN_00419130","00419130","float10 FUN_00419130(void)","158"
"FUN_004191d0","004191d0","undefined FUN_004191d0(int param_1)","365"
"FUN_00419340","00419340","undefined FUN_00419340(int param_1\, int param_2)","524"
"FUN_00419550","00419550","undefined FUN_00419550(int param_1\, int param_2)","516"
"FUN_00419760","00419760","undefined FUN_00419760(int param_1\, int param_2\, int param_3)","669"
"FUN_00419a00","00419a00","undefined FUN_00419a00(int param_1\, int param_2\, int param_3)","779"
"FUN_00419d10","00419d10","undefined FUN_00419d10(int param_1)","232"
"FUN_00419e00","00419e00","undefined FUN_00419e00(int param_1)","131"
"FUN_00419e90","00419e90","undefined FUN_00419e90(void)","284"
"FUN_00419fb0","00419fb0","undefined FUN_00419fb0(void)","808"
"FUN_0041a360","0041a360","undefined4 FUN_0041a360(uint param_1\, int param_2\, uint param_3\, int param_4)","365"
"FUN_0041a4d0","0041a4d0","int FUN_0041a4d0(int param_1)","44"
"FUN_0041a5b0","0041a5b0","uint FUN_0041a5b0(uint param_1\, int param_2)","1031"
"FUN_0041a9c0","0041a9c0","undefined FUN_0041a9c0(void)","314"
"FUN_0041ab00","0041ab00","undefined FUN_0041ab00(void)","142"
"FUN_0041ab90","0041ab90","undefined FUN_0041ab90(void)","168"
"FUN_0041ac40","0041ac40","undefined FUN_0041ac40(void)","406"
"FUN_0041ade0","0041ade0","undefined FUN_0041ade0(void)","215"
"FUN_0041aef0","0041aef0","undefined4 FUN_0041aef0(int param_1)","60"
"FUN_0041af30","0041af30","undefined4 FUN_0041af30(int param_1)","46"
"ResetPlayerMoves","0041af70","undefined ResetPlayerMoves(GameObject_s * obj)","290"
"FUN_0041b0a0","0041b0a0","undefined FUN_0041b0a0(int param_1)","884"
"FUN_0041b420","0041b420","undefined FUN_0041b420(int param_1\, int param_2\, undefined4 * param_3\, int param_4)","1900"
"FUN_0041bb90","0041bb90","undefined FUN_0041bb90(float param_1\, undefined4 param_2\, undefined4 param_3)","135"
"FUN_0041bc20","0041bc20","undefined4 FUN_0041bc20(int param_1\, int param_2\, int param_3)","1273"
"FUN_0041c120","0041c120","undefined FUN_0041c120(int * param_1\, int param_2)","1276"
"FUN_0041c620","0041c620","undefined FUN_0041c620(int param_1)","416"
"FUN_0041c7c0","0041c7c0","undefined4 FUN_0041c7c0(int param_1\, int param_2\, int param_3)","911"
"FUN_0041cb50","0041cb50","int FUN_0041cb50(short * param_1\, float * param_2\, float * param_3\, float * param_4\, float * param_5\, float * param_6\, int param_7\, undefined4 param_8)","2038"
"FUN_0041d350","0041d350","undefined4 FUN_0041d350(void)","1891"
"FUN_0041dad0","0041dad0","undefined FUN_0041dad0(void * param_1\, int param_2\, float param_3)","1746"
"FUN_0041e1c0","0041e1c0","undefined FUN_0041e1c0(undefined4 param_1\, float * param_2\, int param_3\, int param_4\, int param_5\, float * param_6)","255"
"FUN_0041e2c0","0041e2c0","undefined FUN_0041e2c0(int param_1\, int param_2)","497"
"FUN_0041e4c0","0041e4c0","undefined FUN_0041e4c0(void * param_1)","4021"
"FUN_0041f480","0041f480","undefined FUN_0041f480(void)","478"
"FUN_0041f660","0041f660","undefined FUN_0041f660(undefined4 param_1\, undefined4 param_2)","110"
"FUN_0041f6d0","0041f6d0","int * FUN_0041f6d0(int param_1\, int * param_2\, undefined2 param_3)","529"
"FUN_0041f8f0","0041f8f0","void * FUN_0041f8f0(uint param_1\, int param_2)","67"
"FUN_0041f940","0041f940","undefined FUN_0041f940(void)","1355"
"FUN_0041fe90","0041fe90","undefined FUN_0041fe90(int param_1)","526"
"FUN_004200c0","004200c0","undefined FUN_004200c0(void)","108"
"FUN_00420220","00420220","undefined FUN_00420220(void * this\, undefined4 * param_1)","249"
"FUN_00420330","00420330","undefined FUN_00420330(int param_1)","142"
"FUN_004203c0","004203c0","bool FUN_004203c0(int param_1)","90"
"FUN_00420450","00420450","undefined FUN_00420450(int param_1\, undefined4 param_2)","138"
"FUN_004204e0","004204e0","undefined4 FUN_004204e0(void * this\, int param_1\, int param_2\, int param_3)","130"
"FUN_00420570","00420570","undefined4 FUN_00420570(int param_1)","193"
"FUN_00420640","00420640","undefined4 FUN_00420640(int param_1\, int param_2\, int param_3)","67"
"FUN_00420690","00420690","undefined FUN_00420690(void * this\, int * param_1)","98"
"FUN_00420700","00420700","undefined FUN_00420700(int param_1\, float param_2\, float param_3\, float * param_4\, float * param_5)","124"
"FUN_00420780","00420780","uint FUN_00420780(undefined4 param_1\, undefined4 param_2\, uint param_3)","274"
"FUN_004208a0","004208a0","uint FUN_004208a0(float param_1\, float param_2)","118"
"FUN_00420920","00420920","undefined FUN_00420920(void * this\, float param_1\, float param_2\, undefined4 param_3\, float param_4\, float param_5\, undefined4 param_6\, float param_7\, float param_8)","1025"
"FUN_00420d30","00420d30","undefined FUN_00420d30(void * this\, float param_1\, float param_2\, undefined4 param_3\, float param_4\, float param_5\, float param_6\, float param_7)","738"
"FUN_00421050","00421050","uint FUN_00421050(uint * param_1)","161"
"FUN_00421100","00421100","undefined FUN_00421100(void * this\, char * param_1\, uint param_2\, uint param_3\, undefined4 param_4\, undefined1 param_5\, undefined4 param_6\, undefined4 param_7\, uint param_8\, undefined4 param_9\, undefined4 param_10\, uint param_11)","469"
"FUN_004212e0","004212e0","int FUN_004212e0(int * param_1)","57"
"FUN_00421320","00421320","undefined FUN_00421320(undefined4 * param_1)","210"
"FUN_00421410","00421410","undefined4 FUN_00421410(int param_1)","20"
"FUN_00421430","00421430","undefined FUN_00421430(void * param_1)","740"
"FUN_00421720","00421720","uint FUN_00421720(void * this\, float param_1\, int param_2\, float param_3)","2991"
"FUN_00422340","00422340","float10 FUN_00422340(int param_1\, byte * param_2\, float param_3\, float param_4\, undefined4 param_5\, byte param_6\, float param_7\, float param_8\, float param_9\, undefined4 param_10\, float param_11)","393"
"FUN_004224d0","004224d0","undefined FUN_004224d0(void * this\, float param_1)","608"
"FUN_004234b0","004234b0","undefined FUN_004234b0(void * this\, int param_1\, int param_2\, int param_3\, char param_4)","349"
"FUN_00423610","00423610","undefined FUN_00423610(int param_1\, int param_2\, int param_3\, char param_4)","31"
"FUN_00423670","00423670","undefined FUN_00423670(int param_1)","160"
"FUN_00423710","00423710","undefined FUN_00423710(int param_1)","217"
"FUN_004237f0","004237f0","undefined FUN_004237f0(int param_1)","219"
"FUN_004238d0","004238d0","int FUN_004238d0(char param_1)","40"
"FUN_00423900","00423900","undefined FUN_00423900(int param_1)","146"
"FUN_004239e0","004239e0","undefined FUN_004239e0(ushort param_1)","389"
"FUN_00423bc0","00423bc0","undefined FUN_00423bc0(int param_1)","99"
"FUN_00423c30","00423c30","undefined FUN_00423c30(int param_1\, int param_2)","867"
"FUN_00424040","00424040","undefined FUN_00424040(int param_1)","765"
"FUN_00424350","00424350","undefined FUN_00424350(int param_1)","96"
"FUN_004243b0","004243b0","undefined FUN_004243b0(void)","42"
"FUN_004243e0","004243e0","uint FUN_004243e0(int param_1\, int param_2\, int param_3)","273"
"FUN_00424500","00424500","undefined FUN_00424500(short * param_1)","491"
"FUN_004246f0","004246f0","undefined FUN_004246f0(undefined4 * param_1\, undefined4 * param_2)","90"
"FUN_00424750","00424750","undefined4 FUN_00424750(int param_1)","92"
"FUN_004247d0","004247d0","int FUN_004247d0(int param_1)","55"
"FUN_00424810","00424810","undefined4 FUN_00424810(void)","2725"
"FUN_00425350","00425350","undefined FUN_00425350(int param_1)","1467"
"FUN_00425910","00425910","undefined FUN_00425910(undefined4 param_1\, undefined4 param_2\, int param_3\, int param_4)","1655"
"FUN_00425fa0","00425fa0","undefined FUN_00425fa0(int param_1)","1087"
"FUN_004263fb","004263fb","undefined FUN_004263fb(void)","555"
"FUN_004265a0","004265a0","undefined FUN_004265a0(void)","1382"
"FUN_00426b30","00426b30","undefined FUN_00426b30(void)","21"
"FUN_00426b50","00426b50","undefined * FUN_00426b50(void)","81"
"FUN_00426bb0","00426bb0","float * FUN_00426bb0(float * param_1\, float param_2\, float param_3)","146"
"FUN_00426c50","00426c50","undefined * FUN_00426c50(void)","397"
"FUN_00426de0","00426de0","undefined FUN_00426de0(float * param_1\, uint param_2)","374"
"FUN_00426f60","00426f60","undefined FUN_00426f60(int param_1)","54"
"FUN_00426fa0","00426fa0","undefined FUN_00426fa0(void)","202"
"FUN_00427070","00427070","undefined FUN_00427070(void)","311"
"FUN_004271b0","004271b0","undefined FUN_004271b0(float param_1)","1522"
"FUN_004277d0","004277d0","undefined FUN_004277d0(void)","164"
"FUN_004278c0","004278c0","undefined4 FUN_004278c0(int param_1)","521"
"FUN_00427ad0","00427ad0","float10 FUN_00427ad0(undefined4 param_1\, undefined4 param_2\, int param_3)","103"
"FUN_00427b40","00427b40","undefined FUN_00427b40(int param_1)","196"
"FUN_00427c10","00427c10","undefined FUN_00427c10(int param_1)","96"
"FUN_00427c70","00427c70","undefined FUN_00427c70(int param_1)","90"
"FUN_00427cd0","00427cd0","undefined FUN_00427cd0(int param_1\, int param_2\, int param_3)","495"
"FUN_00427ec0","00427ec0","undefined4 FUN_00427ec0(void)","2672"
"FUN_004289a0","004289a0","float10 FUN_004289a0(int * param_1\, float param_2)","156"
"FUN_00428a40","00428a40","float10 FUN_00428a40(int * param_1)","219"
"FUN_00428b20","00428b20","undefined FUN_00428b20(void)","81"
"InitGameBeforeConfig","00428b90","undefined InitGameBeforeConfig(void)","466"
"FUN_00428f70","00428f70","int FUN_00428f70(int param_1\, int param_2)","118"
"FUN_00429010","00429010","undefined FUN_00429010(float param_1\, int param_2)","56"
"FUN_00429100","00429100","undefined FUN_00429100(int param_1)","261"
"FUN_00429210","00429210","undefined4 FUN_00429210(int param_1\, int param_2\, int param_3)","232"
"FUN_00429300","00429300","undefined FUN_00429300(int param_1\, int param_2)","381"
"FUN_00429480","00429480","undefined FUN_00429480(int param_1\, float * param_2)","77"
"FUN_004294d0","004294d0","undefined FUN_004294d0(undefined4 param_1\, undefined4 param_2\, int param_3\, float * param_4)","233"
"FUN_004295c0","004295c0","undefined4 FUN_004295c0(int param_1\, int param_2)","180"
"FUN_004299c0","004299c0","undefined FUN_004299c0(int param_1)","439"
"FUN_0042a070","0042a070","undefined4 FUN_0042a070(void)","305"
"FUN_0042a3d0","0042a3d0","undefined4 FUN_0042a3d0(void)","79"
"FUN_0042aa00","0042aa00","undefined FUN_0042aa00(int param_1)","489"
"FUN_0042abf0","0042abf0","undefined FUN_0042abf0(void)","1140"
"ReCalculateCompletionPoints","0042b080","undefined ReCalculateCompletionPoints(void)","1053"
"FUN_0042b4c0","0042b4c0","undefined FUN_0042b4c0(undefined4 param_1\, undefined4 param_2)","47"
"FUN_0042b550","0042b550","undefined FUN_0042b550(undefined4 param_1\, undefined4 param_2)","410"
"FUN_0042b6f0","0042b6f0","undefined FUN_0042b6f0(undefined4 param_1)","55"
"FUN_0042b730","0042b730","undefined FUN_0042b730(void)","137"
"FUN_0042b7c0","0042b7c0","undefined FUN_0042b7c0(void)","393"
"FUN_0042b960","0042b960","undefined FUN_0042b960(void)","2966"
"FUN_0042c500","0042c500","undefined FUN_0042c500(float * param_1\, int param_2\, float param_3\, float param_4\, int param_5\, int param_6)","569"
"FUN_0042c740","0042c740","undefined FUN_0042c740(int param_1)","1973"
"FUN_0042cf20","0042cf20","undefined FUN_0042cf20(void)","17"
"FUN_0042d000","0042d000","undefined FUN_0042d000(int param_1)","371"
"FUN_0042d180","0042d180","undefined FUN_0042d180(int param_1)","148"
"FUN_0042d2a0","0042d2a0","undefined FUN_0042d2a0(int param_1)","848"
"FUN_0042d5f0","0042d5f0","undefined FUN_0042d5f0(void)","335"
"FUN_0042d8e0","0042d8e0","undefined FUN_0042d8e0(float param_1)","285"
"FUN_0042da10","0042da10","undefined FUN_0042da10(int param_1)","138"
"FUN_0042dda0","0042dda0","undefined FUN_0042dda0(int param_1)","398"
"FUN_0042df30","0042df30","undefined FUN_0042df30(undefined4 param_1\, int param_2)","52"
"FUN_0042df70","0042df70","undefined FUN_0042df70(void)","124"
"FUN_0042dff0","0042dff0","undefined FUN_0042dff0(int param_1)","195"
"FUN_0042e160","0042e160","undefined FUN_0042e160(void)","4656"
"FUN_0042f3a0","0042f3a0","undefined FUN_0042f3a0(int param_1\, int param_2)","193"
"FUN_0042f4a0","0042f4a0","undefined FUN_0042f4a0(void)","319"
"FUN_0042f5e0","0042f5e0","undefined FUN_0042f5e0(float param_1)","869"
"FUN_0042f950","0042f950","undefined FUN_0042f950(int param_1\, float * param_2)","122"
"FUN_0042f9d0","0042f9d0","undefined FUN_0042f9d0(int param_1)","156"
"FUN_0042fa70","0042fa70","undefined FUN_0042fa70(char * param_1\, int * param_2\, uint * param_3)","317"
"FUN_0042fbb0","0042fbb0","undefined FUN_0042fbb0(undefined4 param_1\, undefined4 param_2\, float * param_3\, float * param_4\, float * param_5)","63"
"FUN_0042fbf0","0042fbf0","undefined FUN_0042fbf0(undefined4 param_1)","256"
"FUN_0042fcf0","0042fcf0","undefined FUN_0042fcf0(int param_1)","1063"
"FUN_004302e0","004302e0","undefined FUN_004302e0(int param_1\, float param_2\, float param_3)","332"
"FUN_00430430","00430430","undefined FUN_00430430(void)","2783"
"FUN_00430f20","00430f20","int FUN_00430f20(int * param_1\, int * param_2)","748"
"FUN_00431210","00431210","undefined FUN_00431210(int param_1)","1324"
"FUN_00431740","00431740","undefined FUN_00431740(float param_1\, int param_2)","2640"
"FUN_004321a0","004321a0","undefined FUN_004321a0(int param_1\, int param_2)","394"
"FUN_00432330","00432330","char FUN_00432330(int param_1\, int param_2\, undefined4 param_3\, uint param_4)","739"
"FUN_00432620","00432620","undefined4 FUN_00432620(int param_1\, float param_2\, int param_3)","381"
"FUN_004327a0","004327a0","undefined FUN_004327a0(int param_1)","94"
"FUN_00432860","00432860","undefined FUN_00432860(int param_1)","341"
"FUN_004329c0","004329c0","undefined FUN_004329c0(float * param_1)","48"
"FUN_00432a70","00432a70","undefined FUN_00432a70(float param_1)","148"
"FUN_00432b10","00432b10","undefined FUN_00432b10(int param_1)","30"
"FUN_00432f50","00432f50","undefined FUN_00432f50(undefined4 * param_1\, int param_2\, int param_3\, int param_4\, int param_5\, ushort param_6\, ushort param_7\, undefined4 param_8)","454"
"FUN_00433120","00433120","undefined FUN_00433120(void)","21"
"FUN_00433160","00433160","undefined FUN_00433160(undefined4 param_1\, undefined4 param_2\, float * param_3)","2248"
"FUN_00433a40","00433a40","undefined FUN_00433a40(undefined4 * param_1\, undefined4 param_2\, int param_3)","93"
"FUN_00433aa0","00433aa0","undefined FUN_00433aa0(int param_1)","306"
"FUN_00433be0","00433be0","undefined FUN_00433be0(int param_1\, float param_2\, int param_3)","520"
"FUN_00433df0","00433df0","int FUN_00433df0(int param_1\, float * param_2\, float * param_3\, float param_4\, float param_5\, uint param_6\, int param_7\, int param_8\, int param_9)","1167"
"FUN_00434280","00434280","undefined FUN_00434280(int param_1)","100"
"FUN_00434930","00434930","char * FUN_00434930(int param_1\, int param_2\, char * param_3)","227"
"FUN_00434a20","00434a20","undefined FUN_00434a20(float param_1)","6830"
"FUN_004364e0","004364e0","undefined4 FUN_004364e0(int param_1\, int param_2)","3750"
"FUN_00437390","00437390","undefined4 FUN_00437390(int param_1\, int param_2\, int param_3)","136"
"FUN_00437510","00437510","undefined FUN_00437510(undefined4 * param_1\, undefined4 param_2\, undefined4 param_3\, int param_4)","600"
"FUN_00437770","00437770","undefined FUN_00437770(int param_1\, int param_2\, int param_3\, int param_4\, float param_5\, int param_6\, ushort * param_7)","2663"
"FUN_004381e0","004381e0","undefined FUN_004381e0(int param_1\, int param_2\, float param_3)","69"
"FUN_00438230","00438230","undefined FUN_00438230(int param_1\, float param_2\, int param_3\, uint param_4\, int param_5)","5761"
"FUN_004398f0","004398f0","undefined4 FUN_004398f0(int * param_1\, int * param_2\, float param_3\, uint param_4\, uint param_5\, float param_6\, float param_7)","225"
"FUN_004399e0","004399e0","undefined FUN_004399e0(int param_1\, undefined4 * param_2)","101"
"FUN_00439a50","00439a50","undefined FUN_00439a50(int param_1\, int param_2\, int param_3\, int param_4\, int param_5\, int param_6\, int param_7\, uint param_8\, uint param_9)","3763"
"FUN_0043a910","0043a910","undefined FUN_0043a910(int param_1)","1155"
"FUN_0043ae00","0043ae00","undefined FUN_0043ae00(undefined4 param_1\, undefined4 param_2\, int param_3\, float param_4)","311"
"FUN_0043af40","0043af40","undefined FUN_0043af40(int param_1\, int param_2\, int param_3\, int param_4\, float param_5)","1217"
"FUN_0043b410","0043b410","undefined4 FUN_0043b410(void)","790"
"FUN_0043b730","0043b730","undefined FUN_0043b730(int param_1)","129"
"FUN_0043b7c0","0043b7c0","undefined FUN_0043b7c0(void)","368"
"FUN_0043b940","0043b940","undefined FUN_0043b940(int param_1)","467"
"FUN_0043bb20","0043bb20","undefined4 FUN_0043bb20(int param_1\, float * param_2\, float param_3)","223"
"FUN_0043bc00","0043bc00","uint FUN_0043bc00(byte * param_1)","112"
"FUN_0043bc70","0043bc70","undefined4 FUN_0043bc70(void)","63"
"FUN_0043c0c0","0043c0c0","undefined4 FUN_0043c0c0(byte * param_1\, undefined1 * param_2)","105"
"FUN_0043c480","0043c480","undefined FUN_0043c480(int param_1\, int param_2)","225"
"FUN_0043c570","0043c570","undefined4 FUN_0043c570(int * param_1)","279"
"FUN_0043c800","0043c800","undefined FUN_0043c800(void)","43"
"FUN_0043c830","0043c830","undefined FUN_0043c830(void)","353"
"FUN_0043c9a0","0043c9a0","undefined4 FUN_0043c9a0(int param_1\, int param_2\, int param_3)","522"
"FUN_0043cbb0","0043cbb0","undefined FUN_0043cbb0(int param_1\, undefined4 param_2\, undefined4 param_3\, undefined1 param_4)","50"
"FUN_0043cbf0","0043cbf0","undefined FUN_0043cbf0(int param_1)","51"
"FUN_0043cc30","0043cc30","undefined FUN_0043cc30(int * param_1)","97"
"FUN_0043cca0","0043cca0","int * FUN_0043cca0(int param_1\, int param_2\, int param_3\, byte * param_4\, byte * param_5\, int param_6\, byte * param_7\, int param_8\, int param_9)","672"
"FUN_0043d0c0","0043d0c0","undefined FUN_0043d0c0(int param_1)","797"
"FUN_0043d410","0043d410","bool FUN_0043d410(int param_1\, int param_2)","61"
"FUN_0043d450","0043d450","float10 FUN_0043d450(int param_1)","174"
"FUN_0043d500","0043d500","undefined FUN_0043d500(int param_1)","32"
"FUN_0043d590","0043d590","undefined FUN_0043d590(void)","760"
"FUN_0043d890","0043d890","void * FUN_0043d890(uint param_1\, float * param_2\, int param_3\, byte * param_4\, int * param_5\, int * param_6\, int param_7\, short * param_8\, float * param_9\, undefined4 param_10\, int param_11)","1963"
"FUN_0043e040","0043e040","undefined FUN_0043e040(int param_1\, undefined4 * param_2\, undefined4 * param_3\, undefined4 * param_4)","321"
"FUN_0043e1a0","0043e1a0","undefined FUN_0043e1a0(int * param_1\, int param_2\, int param_3)","80"
"FUN_0043e4b0","0043e4b0","int FUN_0043e4b0(void)","113"
"FUN_0043e530","0043e530","undefined FUN_0043e530(void)","6245"
"FUN_0043fda0","0043fda0","undefined FUN_0043fda0(int param_1)","390"
"FUN_0043ff30","0043ff30","int * FUN_0043ff30(int * param_1\, uint * param_2\, int param_3)","97"
"FUN_00440030","00440030","short FUN_00440030(int param_1)","226"
"FUN_00440120","00440120","undefined4 FUN_00440120(undefined4 param_1\, undefined4 param_2)","34"
"FUN_00440150","00440150","undefined4 FUN_00440150(int param_1\, int param_2)","312"
"FUN_00440290","00440290","undefined4 FUN_00440290(int param_1\, int param_2\, float param_3\, float * param_4\, float param_5\, int param_6\, float param_7\, float param_8)","469"
"FUN_00440660","00440660","undefined FUN_00440660(int param_1\, int param_2\, int param_3\, int param_4\, int param_5)","421"
"FUN_00440ad0","00440ad0","float10 FUN_00440ad0(void)","95"
"FUN_00440cd0","00440cd0","int FUN_00440cd0(int param_1\, byte * param_2)","82"
"FUN_00440d60","00440d60","int FUN_00440d60(int param_1\, byte * param_2)","82"
"FUN_00441200","00441200","float10 FUN_00441200(void)","253"
"FUN_004418c0","004418c0","int FUN_004418c0(undefined4 param_1\, byte * param_2)","78"
"FUN_00441f90","00441f90","int FUN_00441f90(undefined4 param_1\, byte * param_2)","53"
"FUN_00442060","00442060","char FUN_00442060(undefined4 param_1\, byte * param_2)","281"
"FUN_00442320","00442320","int FUN_00442320(int param_1\, byte * param_2)","125"
"FUN_004423f0","004423f0","int FUN_004423f0(int param_1\, byte * param_2)","102"
"FUN_004424c0","004424c0","int FUN_004424c0(undefined4 param_1\, byte * param_2\, int param_3)","71"
"FUN_004432e0","004432e0","int FUN_004432e0(int param_1\, byte * param_2)","82"
"FUN_00443340","00443340","float10 FUN_00443340(void)","68"
"FUN_00443430","00443430","float10 FUN_00443430(int param_1\, int param_2\, undefined4 param_3\, undefined4 param_4\, int param_5)","84"
"FUN_004436e0","004436e0","undefined4 FUN_004436e0(undefined4 param_1\, byte * param_2)","140"
"FUN_004437d0","004437d0","float10 FUN_004437d0(int param_1\, undefined4 param_2\, int param_3)","191"
"FUN_00443fc0","00443fc0","undefined4 FUN_00443fc0(undefined4 param_1\, int param_2\, int param_3\, int param_4\, int param_5\, int param_6)","728"
"FUN_00444940","00444940","undefined4 FUN_00444940(int param_1\, int param_2\, int param_3\, int param_4\, int param_5\, int param_6)","1463"
"FUN_00444f20","00444f20","undefined4 FUN_00444f20(undefined4 param_1\, int param_2\, int param_3\, int param_4\, int param_5\, int param_6)","651"
"FUN_00445230","00445230","undefined4 FUN_00445230(undefined4 param_1\, int param_2\, int param_3\, int param_4\, int param_5\, int param_6)","1233"
"FUN_00445740","00445740","undefined4 FUN_00445740(int param_1\, int param_2\, int param_3\, int param_4\, int param_5\, int param_6)","455"
"FUN_00445cf0","00445cf0","undefined FUN_00445cf0(int param_1\, float param_2\, int param_3\, int param_4\, int param_5\, int param_6)","745"
"FUN_00446060","00446060","undefined FUN_00446060(int param_1\, int param_2\, int param_3\, int param_4\, int param_5\, int param_6)","1001"
"FUN_00446450","00446450","undefined FUN_00446450(int param_1\, int param_2\, int param_3\, int param_4\, int param_5\, int param_6)","698"
"FUN_00446710","00446710","bool FUN_00446710(int param_1\, int param_2\, int param_3\, int param_4\, int param_5\, int param_6)","1047"
"FUN_00446b30","00446b30","undefined FUN_00446b30(int param_1\, int param_2\, int param_3\, int param_4\, int param_5\, int param_6)","608"
"FUN_00447230","00447230","undefined4 FUN_00447230(undefined4 param_1\, int param_2\, int param_3\, int param_4\, int param_5\, int param_6)","1413"
"FUN_004477c0","004477c0","undefined4 FUN_004477c0(undefined4 param_1\, undefined4 param_2\, int param_3\, int param_4\, int param_5\, int param_6)","759"
"FUN_00447ac0","00447ac0","undefined4 FUN_00447ac0(undefined4 param_1\, int param_2\, int param_3\, int param_4\, int param_5\, int param_6)","1068"
"FUN_00447f00","00447f00","undefined4 FUN_00447f00(undefined4 param_1\, int param_2\, float param_3\, int param_4\, int param_5\, int param_6\, float param_7)","2337"
"FUN_00448830","00448830","undefined4 FUN_00448830(undefined4 param_1\, int param_2\, int param_3\, int param_4\, int param_5\, int param_6\, float param_7)","959"
"FUN_00448fe0","00448fe0","undefined4 FUN_00448fe0(int param_1\, int param_2\, int param_3\, int param_4\, int param_5\, int param_6\, float param_7)","756"
"FUN_00449440","00449440","undefined4 FUN_00449440(undefined4 param_1\, undefined4 param_2\, int param_3\, int param_4\, int param_5\, int param_6)","565"
"FUN_00449680","00449680","undefined4 FUN_00449680(undefined4 param_1\, undefined4 param_2\, int param_3\, int param_4\, int param_5\, int param_6)","291"
"FUN_004497b0","004497b0","undefined4 FUN_004497b0(undefined4 param_1\, undefined4 param_2\, int param_3\, int param_4\, int param_5\, int param_6)","435"
"FUN_0044ac40","0044ac40","undefined4 FUN_0044ac40(undefined4 param_1\, int param_2\, float param_3\, int param_4\, int param_5\, int param_6)","1180"
"FUN_0044b360","0044b360","undefined4 FUN_0044b360(undefined4 param_1\, int param_2\, undefined4 param_3\, int param_4\, int param_5\, int param_6)","328"
"FUN_0044b4b0","0044b4b0","undefined4 FUN_0044b4b0(undefined4 param_1\, int param_2\, undefined4 param_3\, int param_4\, int param_5\, int param_6)","451"
"FUN_0044b950","0044b950","undefined4 FUN_0044b950(undefined4 param_1\, int param_2\, undefined4 param_3\, int param_4\, int param_5\, int param_6)","495"
"FUN_0044c5f0","0044c5f0","undefined4 FUN_0044c5f0(undefined4 param_1\, int param_2\, int param_3\, int param_4\, int param_5\, int param_6)","336"
"FUN_0044c750","0044c750","undefined4 FUN_0044c750(undefined4 param_1\, int param_2\, int param_3\, int param_4\, int param_5\, int param_6)","687"
"FUN_0044cd40","0044cd40","undefined4 FUN_0044cd40(void)","187"
"FUN_0044d210","0044d210","undefined4 FUN_0044d210(undefined4 param_1\, int param_2\, undefined4 param_3\, int param_4\, int param_5\, int param_6)","227"
"FUN_0044d5c0","0044d5c0","undefined4 FUN_0044d5c0(undefined4 param_1\, int param_2\, int param_3\, int param_4\, int param_5\, int param_6\, float param_7)","674"
"FUN_0044d870","0044d870","uint FUN_0044d870(void)","144"
"FUN_0044df30","0044df30","undefined4 FUN_0044df30(int param_1\, int param_2\, undefined4 param_3\, int param_4\, int param_5\, int param_6)","445"
"FUN_0044e160","0044e160","undefined4 FUN_0044e160(int param_1\, undefined4 param_2\, int param_3\, int param_4\, int param_5\, int param_6)","382"
"FUN_0044e2f0","0044e2f0","undefined4 FUN_0044e2f0(int param_1\, int param_2\, uint param_3\, undefined4 param_4\, undefined4 param_5\, int param_6)","381"
"FUN_0044e580","0044e580","undefined4 FUN_0044e580(int param_1\, int param_2\, int param_3\, int param_4\, int param_5\, int param_6)","724"
"FUN_0044ea70","0044ea70","undefined4 FUN_0044ea70(void)","362"
"FUN_0044ebe0","0044ebe0","undefined4 FUN_0044ebe0(void)","398"
"FUN_0044f6e0","0044f6e0","undefined4 FUN_0044f6e0(undefined4 param_1\, int param_2\, int param_3\, int param_4\, int param_5)","370"
"FUN_0044f930","0044f930","undefined4 FUN_0044f930(undefined4 param_1\, undefined4 param_2\, int param_3\, int param_4\, int param_5\, int param_6)","339"
"FUN_0044fd10","0044fd10","undefined4 FUN_0044fd10(undefined4 param_1\, int param_2\, int param_3\, int param_4\, int param_5\, int param_6)","549"
"FUN_004505d0","004505d0","undefined4 FUN_004505d0(int param_1\, undefined4 param_2\, undefined4 param_3\, int param_4\, int param_5\, int param_6)","479"
"FUN_004509d0","004509d0","undefined4 FUN_004509d0(int param_1\, int param_2\, int param_3\, int param_4\, int param_5\, int param_6)","1890"
"FUN_00451d50","00451d50","undefined4 FUN_00451d50(int param_1\, int param_2\, int param_3\, int param_4\, int param_5\, int param_6)","455"
"FUN_00451f20","00451f20","undefined4 FUN_00451f20(undefined4 param_1\, int param_2\, int param_3\, int param_4\, int param_5\, int param_6\, float param_7)","453"
"FUN_004521d0","004521d0","undefined4 FUN_004521d0(undefined4 param_1\, int param_2\, int param_3\, int param_4\, int param_5\, int param_6\, float param_7)","549"
"FUN_00452570","00452570","undefined4 FUN_00452570(int param_1\, int param_2\, int param_3\, int param_4\, int param_5\, int param_6)","613"
"FUN_004527e0","004527e0","undefined4 FUN_004527e0(undefined4 param_1\, undefined4 param_2\, undefined4 param_3\, int param_4\, int param_5\, int param_6\, int param_7\, int param_8)","634"
"FUN_00453aa0","00453aa0","undefined4 FUN_00453aa0(int param_1\, int param_2\, int param_3\, int param_4\, int param_5\, int param_6)","1159"
"FUN_004543e0","004543e0","undefined4 FUN_004543e0(undefined4 param_1\, int param_2\, int param_3\, int param_4\, int param_5\, int param_6)","493"
"FUN_00454700","00454700","undefined4 FUN_00454700(undefined4 param_1\, int param_2\, int param_3\, int param_4\, int param_5\, int param_6)","606"
"FUN_00454e30","00454e30","undefined4 FUN_00454e30(undefined4 param_1\, int param_2\, int param_3\, int param_4\, int param_5\, int param_6)","291"
"FUN_00454f60","00454f60","undefined4 FUN_00454f60(undefined4 param_1\, int param_2\, int param_3\, int param_4\, int param_5\, int param_6)","318"
"FUN_004557e0","004557e0","undefined4 FUN_004557e0(int param_1\, int param_2\, int param_3\, int param_4\, int param_5\, int param_6)","507"
"FUN_00455cc0","00455cc0","undefined4 FUN_00455cc0(undefined4 param_1\, undefined4 param_2\, int param_3\, int param_4\, int param_5\, int param_6)","366"
"FUN_00456590","00456590","undefined4 FUN_00456590(undefined4 param_1\, undefined4 param_2\, int param_3\, int param_4\, int param_5\, int param_6)","575"
"FUN_004568b0","004568b0","undefined FUN_004568b0(int param_1\, undefined4 * param_2)","255"
"FUN_00457ec0","00457ec0","float10 FUN_00457ec0(void)","145"
"FUN_00457f60","00457f60","undefined FUN_00457f60(void)","1"
"FUN_00458440","00458440","undefined FUN_00458440(void)","33"
"FUN_00458490","00458490","float10 FUN_00458490(float param_1\, float param_2)","54"
"FUN_00458550","00458550","undefined FUN_00458550(float param_1)","1392"
"FUN_0045910e","0045910e","undefined FUN_0045910e(void)","274"
"FUN_0045a630","0045a630","undefined FUN_0045a630(int param_1\, undefined4 param_2\, int param_3)","676"
"FUN_0045abb0","0045abb0","undefined FUN_0045abb0(undefined4 param_1\, undefined4 param_2\, int param_3\, int param_4\, int param_5)","1031"
"FUN_0045b0c4","0045b0c4","undefined FUN_0045b0c4(undefined4 param_1\, uint param_2)","272"
"FUN_0045b290","0045b290","undefined FUN_0045b290(undefined4 param_1\, undefined4 param_2\, int param_3\, int param_4\, int param_5)","1936"
"FUN_0045bfd0","0045bfd0","undefined FUN_0045bfd0(undefined4 param_1\, undefined4 param_2\, int param_3\, int param_4\, int param_5)","1414"
"FUN_0045c580","0045c580","undefined FUN_0045c580(int param_1\, int param_2\, float param_3)","531"
"FUN_0045cac0","0045cac0","undefined FUN_0045cac0(undefined4 param_1\, undefined4 param_2\, int param_3\, undefined4 param_4\, float param_5)","2119"
"FUN_0045d3d0","0045d3d0","undefined FUN_0045d3d0(int param_1\, int param_2\, float param_3)","870"
"FUN_0045e2e0","0045e2e0","undefined FUN_0045e2e0(void)","101"
"FUN_0045e370","0045e370","float10 FUN_0045e370(float param_1\, float param_2)","54"
"FUN_0045e430","0045e430","float10 FUN_0045e430(int param_1)","171"
"FUN_0045e56a","0045e56a","undefined FUN_0045e56a(void)","276"
"FUN_0045fc50","0045fc50","undefined FUN_0045fc50(int param_1\, int param_2\, int param_3)","1372"
"FUN_00460280","00460280","undefined FUN_00460280(undefined4 param_1\, undefined4 param_2\, int param_3\, int param_4\, int param_5)","598"
"FUN_004612d0","004612d0","undefined FUN_004612d0(int param_1\, int param_2\, float param_3)","531"
"FUN_00463ca0","00463ca0","undefined FUN_00463ca0(int param_1\, int param_2\, float param_3)","649"
"FUN_00463f30","00463f30","undefined FUN_00463f30(undefined4 param_1\, undefined4 param_2\, int param_3\, int param_4\, int param_5)","405"
"FUN_004642e0","004642e0","undefined FUN_004642e0(void)","94"
"FUN_00464480","00464480","undefined FUN_00464480(undefined4 param_1\, undefined4 param_2\, int param_3\, int param_4)","166"
"FUN_00464c50","00464c50","undefined FUN_00464c50(undefined4 param_1\, undefined4 param_2\, int param_3\, int param_4)","751"
"FUN_00465080","00465080","undefined FUN_00465080(undefined4 param_1\, undefined4 param_2\, int param_3\, int param_4)","693"
"FUN_00465590","00465590","undefined FUN_00465590(undefined4 * param_1\, undefined4 param_2\, int param_3\, int param_4)","389"
"FUN_00465720","00465720","undefined FUN_00465720(undefined4 * param_1\, undefined4 param_2\, int param_3\, int param_4)","335"
"FUN_004659b0","004659b0","undefined FUN_004659b0(undefined4 param_1\, undefined4 param_2\, int param_3\, int param_4)","195"
"FUN_00465af0","00465af0","undefined FUN_00465af0(undefined4 param_1\, undefined4 param_2\, int param_3\, int param_4)","366"
"GameRegisterGizActions","00465dc0","undefined GameRegisterGizActions(void)","12"
"FUN_004660b0","004660b0","undefined FUN_004660b0(int * param_1\, int param_2)","629"
"FUN_00466330","00466330","undefined FUN_00466330(int param_1\, int * param_2)","449"
"FUN_00466520","00466520","undefined FUN_00466520(int * param_1\, int param_2\, undefined4 param_3\, int * param_4)","89"
"FUN_00466650","00466650","undefined FUN_00466650(undefined4 param_1\, int * param_2\, undefined4 * param_3)","122"
"FUN_00466820","00466820","undefined FUN_00466820(int param_1)","31"
"FUN_00466840","00466840","int FUN_00466840(byte * param_1)","109"
"FUN_004668b0","004668b0","undefined FUN_004668b0(int param_1)","55"
"FUN_004669e0","004669e0","undefined FUN_004669e0(int param_1\, int param_2)","258"
"FUN_00466af0","00466af0","char * FUN_00466af0(undefined4 param_1\, char * param_2\, int param_3)","62"
"FUN_00466b30","00466b30","undefined FUN_00466b30(int param_1)","173"
"FUN_00466c20","00466c20","undefined FUN_00466c20(int param_1\, undefined4 * param_2)","784"
"FUN_00466f30","00466f30","undefined FUN_00466f30(int param_1\, int * param_2)","86"
"FUN_00466f90","00466f90","undefined FUN_00466f90(undefined4 param_1\, int * param_2\, int param_3\, int * param_4\, int param_5)","161"
"FUN_004671d0","004671d0","undefined FUN_004671d0(void)","48"
"FUN_00467200","00467200","undefined FUN_00467200(int param_1)","268"
"FUN_00467310","00467310","undefined FUN_00467310(void)","98"
"FUN_00467380","00467380","undefined FUN_00467380(void)","96"
"FUN_004673e0","004673e0","undefined FUN_004673e0(void)","104"
"FUN_00467450","00467450","undefined FUN_00467450(int param_1)","32"
"FUN_00467470","00467470","undefined FUN_00467470(int param_1)","32"
"FUN_00467490","00467490","float10 FUN_00467490(void)","155"
"FUN_00467530","00467530","undefined FUN_00467530(void)","76"
"FUN_00467580","00467580","undefined FUN_00467580(void)","122"
"FUN_004677d0","004677d0","undefined4 FUN_004677d0(int param_1\, int param_2)","69"
"FUN_00467820","00467820","undefined FUN_00467820(undefined4 param_1\, undefined4 param_2\, float * param_3\, int param_4)","54"
"FUN_00467860","00467860","undefined4 FUN_00467860(int param_1)","48"
"FUN_00467890","00467890","undefined4 FUN_00467890(int param_1)","93"
"FUN_004678f0","004678f0","undefined4 FUN_004678f0(int param_1\, int param_2)","42"
"FUN_00467920","00467920","undefined4 * FUN_00467920(int param_1\, int param_2\, float param_3\, float param_4)","386"
"FUN_00467ad0","00467ad0","undefined FUN_00467ad0(int * param_1\, int param_2\, undefined4 param_3\, int * param_4)","92"
"FUN_00467cd0","00467cd0","undefined FUN_00467cd0(undefined4 param_1\, undefined4 * param_2)","115"
"FUN_00467e80","00467e80","undefined4 FUN_00467e80(int param_1\, int param_2)","346"
"FUN_004680b0","004680b0","int * FUN_004680b0(int param_1\, float * param_2\, float * param_3\, undefined4 * param_4\, int param_5\, float * param_6\, float * param_7\, float param_8\, float param_9\, int param_10\, int param_11\, int param_12)","943"
"FUN_00468710","00468710","undefined4 FUN_00468710(int param_1\, byte * param_2)","41"
"FUN_00468740","00468740","int FUN_00468740(int param_1)","55"
"FUN_004688c0","004688c0","undefined FUN_004688c0(int param_1\, int * param_2\, int param_3)","646"
"FUN_00469820","00469820","undefined4 FUN_00469820(int param_1\, int param_2)","1985"
"FUN_0046a150","0046a150","undefined FUN_0046a150(int * param_1\, uint * param_2)","221"
"FUN_0046a230","0046a230","undefined FUN_0046a230(int * param_1\, uint * param_2)","267"
"FUN_0046a340","0046a340","undefined FUN_0046a340(int * param_1\, uint * param_2)","267"
"FUN_0046a450","0046a450","undefined4 FUN_0046a450(int * param_1\, undefined4 param_2\, int param_3\, undefined4 param_4\, undefined4 param_5\, undefined4 param_6\, undefined4 param_7\, undefined4 param_8\, undefined4 param_9\, undefined4 param_10)","624"
"FUN_0046a6d0","0046a6d0","undefined4 FUN_0046a6d0(int * param_1\, undefined4 param_2\, int * param_3\, int param_4\, undefined4 param_5\, undefined4 param_6\, undefined4 param_7\, undefined4 param_8)","287"
"FUN_0046a840","0046a840","undefined FUN_0046a840(void)","40"
"FUN_0046a8d0","0046a8d0","undefined FUN_0046a8d0(undefined4 param_1\, undefined4 param_2\, int param_3\, float * param_4)","101"
"FUN_0046a9f0","0046a9f0","undefined FUN_0046a9f0(undefined4 param_1\, undefined4 param_2)","148"
"FUN_0046aad0","0046aad0","undefined FUN_0046aad0(undefined4 param_1\, undefined4 param_2\, int param_3\, undefined4 param_4\, int param_5)","399"
"FUN_0046ac80","0046ac80","undefined FUN_0046ac80(int param_1)","140"
"FUN_0046ae30","0046ae30","undefined FUN_0046ae30(float * param_1)","136"
"FUN_0046aec0","0046aec0","undefined FUN_0046aec0(undefined4 param_1\, int param_2)","31"
"FUN_0046b1d0","0046b1d0","undefined FUN_0046b1d0(int param_1\, float * param_2\, int param_3\, int param_4\, float param_5)","994"
"FUN_0046b750","0046b750","undefined FUN_0046b750(float * param_1\, char * param_2)","436"
"FUN_0046bbd0","0046bbd0","undefined FUN_0046bbd0(int param_1)","247"
"FUN_0046bdb0","0046bdb0","undefined FUN_0046bdb0(undefined4 param_1\, undefined4 param_2\, undefined4 param_3\, undefined4 param_4)","340"
"FUN_0046bf10","0046bf10","undefined FUN_0046bf10(int param_1\, undefined4 param_2\, undefined4 param_3\, float param_4\, undefined4 param_5)","307"
"FUN_0046c050","0046c050","undefined FUN_0046c050(float param_1)","163"
"FUN_0046c100","0046c100","undefined FUN_0046c100(undefined4 * param_1)","173"
"FUN_0046c1b0","0046c1b0","int FUN_0046c1b0(float * param_1)","90"
"FUN_0046c210","0046c210","undefined FUN_0046c210(undefined4 param_1\, undefined4 param_2\, float param_3\, undefined4 param_4)","317"
"FUN_0046c350","0046c350","int FUN_0046c350(int param_1\, int * param_2\, int * param_3\, int * param_4\, int * param_5\, int * param_6\, int * param_7\, int * param_8)","176"
"FUN_0046c400","0046c400","undefined FUN_0046c400(int param_1\, float * param_2)","227"
"FUN_0046c4f0","0046c4f0","bool FUN_0046c4f0(void)","288"
"FUN_0046c610","0046c610","uint FUN_0046c610(int param_1\, int param_2)","127"
"FUN_0046c690","0046c690","undefined1 FUN_0046c690(void)","25"
"FUN_0046c6e0","0046c6e0","uint FUN_0046c6e0(int param_1\, int param_2)","225"
"FUN_0046c7d0","0046c7d0","undefined FUN_0046c7d0(void)","686"
"FUN_0046ca80","0046ca80","undefined FUN_0046ca80(int param_1\, int param_2\, int param_3\, float param_4)","42"
"FUN_0046cb50","0046cb50","undefined FUN_0046cb50(int param_1)","218"
"FUN_0046cd40","0046cd40","undefined FUN_0046cd40(int param_1\, undefined4 param_2\, undefined4 param_3\, undefined4 param_4\, float param_5)","464"
"FUN_0046cf10","0046cf10","undefined FUN_0046cf10(int param_1\, float * param_2\, int param_3\, undefined4 param_4\, undefined4 param_5\, int param_6)","854"
"FUN_0046d270","0046d270","undefined FUN_0046d270(int param_1\, int param_2\, int param_3\, int param_4\, float * param_5\, undefined4 * param_6\, undefined4 param_7\, int param_8\, float param_9\, undefined4 param_10\, int param_11\, int param_12\, uint param_13)","1276"
"FUN_0046d780","0046d780","undefined FUN_0046d780(float * param_1\, int param_2\, int param_3\, int param_4)","98"
"FUN_0046d820","0046d820","undefined FUN_0046d820(void)","94"
"FUN_0046d890","0046d890","undefined FUN_0046d890(int param_1)","91"
"FUN_0046d8f0","0046d8f0","undefined FUN_0046d8f0(int param_1)","81"
"FUN_0046db00","0046db00","undefined4 FUN_0046db00(int param_1)","164"
"FUN_0046dc10","0046dc10","undefined FUN_0046dc10(int param_1\, float * param_2\, int param_3)","195"
"FUN_0046dce0","0046dce0","undefined4 FUN_0046dce0(int param_1\, int param_2)","247"
"FUN_0046ddf0","0046ddf0","int FUN_0046ddf0(int param_1\, byte * param_2)","89"
"FUN_0046de50","0046de50","int FUN_0046de50(int param_1\, float * param_2\, int param_3\, float * param_4\, int param_5)","280"
"FUN_0046df70","0046df70","undefined FUN_0046df70(int param_1\, undefined4 param_2\, float param_3)","790"
"FUN_0046eac0","0046eac0","undefined FUN_0046eac0(int * param_1\, int param_2\, int param_3)","106"
"FUN_0046ebe0","0046ebe0","undefined FUN_0046ebe0(int param_1\, undefined4 param_2\, undefined4 * param_3)","182"
"FUN_0046eca0","0046eca0","undefined FUN_0046eca0(byte * param_1\, float * param_2\, uint param_3)","244"
"FUN_0046eda0","0046eda0","undefined FUN_0046eda0(undefined4 param_1\, int param_2\, int param_3)","1387"
"FUN_0046f310","0046f310","bool FUN_0046f310(short * param_1)","419"
"FUN_0046f4d0","0046f4d0","undefined FUN_0046f4d0(undefined4 * param_1)","326"
"FUN_0046f990","0046f990","undefined4 FUN_0046f990(int param_1)","174"
"FUN_0046fad0","0046fad0","int FUN_0046fad0(int param_1\, float * param_2\, float * param_3)","171"
"FUN_0046fbe0","0046fbe0","undefined FUN_0046fbe0(undefined * param_1)","580"
"FUN_0046fe50","0046fe50","undefined FUN_0046fe50(int * param_1\, int param_2\, int param_3)","101"
"FUN_00470050","00470050","undefined FUN_00470050(int param_1)","160"
"FUN_004700f0","004700f0","undefined FUN_004700f0(int param_1)","217"
"FUN_00470290","00470290","undefined FUN_00470290(int param_1)","131"
"FUN_00470370","00470370","undefined FUN_00470370(int param_1\, int param_2)","691"
"FUN_00470630","00470630","undefined4 FUN_00470630(void)","224"
"FUN_00470710","00470710","undefined FUN_00470710(undefined4 param_1\, undefined4 param_2)","144"
"FUN_004707a0","004707a0","int FUN_004707a0(int param_1\, undefined4 * param_2)","84"
"FUN_00470940","00470940","undefined FUN_00470940(int param_1)","1228"
"FUN_00470e10","00470e10","undefined FUN_00470e10(int param_1\, int param_2)","76"
"FUN_00470e60","00470e60","undefined FUN_00470e60(void)","615"
"FUN_004710d0","004710d0","undefined FUN_004710d0(int param_1)","772"
"FUN_004713e0","004713e0","undefined FUN_004713e0(int param_1\, float * param_2)","624"
"FUN_00471650","00471650","undefined FUN_00471650(int param_1)","4362"
"FUN_004727a0","004727a0","float10 FUN_004727a0(float param_1\, float param_2)","54"
"FUN_00472800","00472800","undefined FUN_00472800(int param_1\, float * param_2)","111"
"FUN_004729d0","004729d0","undefined FUN_004729d0(int param_1)","113"
"FUN_00472a50","00472a50","undefined4 FUN_00472a50(int param_1)","174"
"FUN_00472b80","00472b80","undefined FUN_00472b80(void)","335"
"FUN_00472d90","00472d90","int FUN_00472d90(int param_1\, float * param_2\, int param_3\, float * param_4)","244"
"FUN_00472e90","00472e90","undefined FUN_00472e90(int param_1\, undefined4 param_2\, float param_3)","334"
"FUN_00473eb0","00473eb0","undefined FUN_00473eb0(int * param_1\, int param_2\, int param_3)","106"
"FUN_00473fc0","00473fc0","undefined FUN_00473fc0(int param_1\, undefined4 param_2\, int param_3)","164"
"FUN_00474070","00474070","undefined FUN_00474070(int param_1\, float param_2\, int param_3)","1618"
"FUN_004748a0","004748a0","undefined FUN_004748a0(int param_1)","160"
"FUN_00474940","00474940","undefined FUN_00474940(int param_1)","162"
"FUN_004749f0","004749f0","undefined FUN_004749f0(int param_1)","217"
"FUN_00474ad0","00474ad0","undefined FUN_00474ad0(int param_1)","219"
"FUN_00474bb0","00474bb0","undefined FUN_00474bb0(int param_1)","215"
"FUN_00474cb0","00474cb0","undefined FUN_00474cb0(void)","121"
"FUN_00474d50","00474d50","undefined4 FUN_00474d50(int param_1)","46"
"FUN_00474d80","00474d80","undefined FUN_00474d80(void)","112"
"FUN_00474df0","00474df0","undefined FUN_00474df0(int param_1)","89"
"FUN_00474e50","00474e50","undefined FUN_00474e50(int param_1)","248"
"FUN_00474f50","00474f50","undefined FUN_00474f50(void)","122"
"FUN_00474fd0","00474fd0","undefined FUN_00474fd0(void)","79"
"FUN_00475350","00475350","int FUN_00475350(undefined4 param_1\, undefined4 * param_2)","50"
"FUN_00475850","00475850","int FUN_00475850(undefined4 * param_1)","62"
"FUN_00475890","00475890","undefined FUN_00475890(float param_1)","556"
"FUN_00475ac0","00475ac0","undefined FUN_00475ac0(void)","9"
"FUN_00475ad0","00475ad0","undefined FUN_00475ad0(int param_1)","133"
"FUN_00475b60","00475b60","undefined FUN_00475b60(int param_1)","249"
"FUN_00475c60","00475c60","undefined FUN_00475c60(int param_1\, int param_2)","833"
"FUN_00475fb0","00475fb0","undefined FUN_00475fb0(int param_1)","84"
"FUN_00476010","00476010","undefined FUN_00476010(int param_1)","258"
"FUN_00476120","00476120","undefined FUN_00476120(int param_1\, undefined4 * param_2\, undefined4 param_3)","231"
"FUN_00476250","00476250","undefined FUN_00476250(int param_1\, int param_2)","67"
"FUN_00476840","00476840","undefined FUN_00476840(undefined4 param_1\, uint param_2\, int param_3)","520"
"FUN_00476a50","00476a50","undefined4 FUN_00476a50(void)","282"
"FUN_00476c80","00476c80","undefined FUN_00476c80(void * this\, int param_1\, int param_2)","277"
"FUN_004778f0","004778f0","undefined FUN_004778f0(int param_1\, uint * param_2\, undefined4 * param_3)","269"
"FUN_00477a00","00477a00","undefined FUN_00477a00(int param_1)","392"
"FUN_00477b90","00477b90","undefined8 FUN_00477b90(int param_1)","450"
"FUN_00477d60","00477d60","undefined FUN_00477d60(int param_1)","1773"
"FUN_00478450","00478450","undefined FUN_00478450(int param_1)","1662"
"FUN_00478ae0","00478ae0","undefined FUN_00478ae0(void)","1"
"FUN_00478b00","00478b00","undefined FUN_00478b00(void * this\, float param_1\, float param_2\, int param_3\, float param_4)","544"
"FUN_00478d20","00478d20","undefined FUN_00478d20(undefined4 param_1\, undefined4 param_2\, int param_3\, float param_4\, float param_5\, float param_6\, int param_7\, int param_8)","517"
"FUN_00478f30","00478f30","undefined FUN_00478f30(undefined4 param_1\, undefined4 param_2\, float param_3\, uint param_4)","2012"
"FUN_00479710","00479710","undefined FUN_00479710(int param_1\, undefined4 param_2)","623"
"FUN_00479da0","00479da0","undefined FUN_00479da0(void)","21"
"FUN_0047a2d0","0047a2d0","undefined FUN_0047a2d0(char * param_1\, undefined4 param_2\, float param_3)","1536"
"FUN_0047a8d0","0047a8d0","undefined4 FUN_0047a8d0(void)","49"
"FUN_0047a990","0047a990","undefined FUN_0047a990(int * param_1)","147"
"Hub_MakeModelList","0047aa30","undefined Hub_MakeModelList(void)","151"
"FUN_0047ab00","0047ab00","undefined FUN_0047ab00(int param_1\, undefined4 param_2\, float param_3\, int param_4\, int param_5)","1123"
"FUN_0047af70","0047af70","undefined FUN_0047af70(undefined4 param_1\, undefined4 param_2\, float param_3)","494"
"FUN_0047ba10","0047ba10","undefined FUN_0047ba10(int param_1\, int param_2\, uint param_3)","340"
"FUN_0047cdd0","0047cdd0","undefined FUN_0047cdd0(int param_1)","3840"
"FUN_0047f660","0047f660","undefined4 FUN_0047f660(undefined4 param_1\, int param_2\, int * param_3)","647"
"FUN_00480760","00480760","undefined4 FUN_00480760(float param_1\, int * param_2\, int param_3)","1783"
"FUN_00480e70","00480e70","undefined4 FUN_00480e70(int param_1\, int * param_2)","213"
"FUN_004812e0","004812e0","undefined4 FUN_004812e0(undefined4 param_1\, undefined4 param_2\, int * param_3)","240"
"FUN_00481570","00481570","undefined FUN_00481570(int param_1)","318"
"FUN_004816b0","004816b0","undefined FUN_004816b0(void)","144"
"FUN_00481740","00481740","undefined FUN_00481740(int param_1)","152"
"FUN_004817e0","004817e0","int FUN_004817e0(byte * param_1)","310"
"FUN_00481ac0","00481ac0","undefined4 FUN_00481ac0(int param_1)","235"
"FUN_00481c10","00481c10","undefined FUN_00481c10(void)","347"
"FUN_00481db0","00481db0","undefined FUN_00481db0(int param_1\, undefined4 param_2\, int param_3)","133"
"FUN_00481e40","00481e40","int FUN_00481e40(float param_1\, float * param_2\, int param_3\, float * param_4)","179"
"FUN_00481f00","00481f00","undefined FUN_00481f00(int param_1)","162"
"FUN_004820e0","004820e0","undefined FUN_004820e0(int param_1\, undefined4 param_2\, undefined4 * param_3)","150"
"FUN_00482290","00482290","undefined FUN_00482290(undefined4 * param_1\, ushort param_2\, int param_3)","124"
"FUN_00482310","00482310","int FUN_00482310(int param_1\, float * param_2\, float * param_3\, float * param_4\, short * param_5)","1160"
"FUN_004827a0","004827a0","undefined FUN_004827a0(int param_1\, float param_2)","1105"
"FUN_00482c10","00482c10","float10 FUN_00482c10(float param_1\, float param_2)","54"
"FUN_00482c70","00482c70","undefined FUN_00482c70(int param_1)","217"
"FUN_00482d50","00482d50","undefined FUN_00482d50(int param_1)","219"
"FUN_00482e30","00482e30","undefined FUN_00482e30(int param_1)","215"
"FUN_00482f10","00482f10","undefined FUN_00482f10(int param_1)","43"
"FUN_00482f40","00482f40","undefined FUN_00482f40(byte * param_1\, ushort param_2\, float param_3\, float param_4\, undefined4 param_5\, undefined4 param_6\, int param_7)","583"
"FUN_00483190","00483190","undefined FUN_00483190(undefined4 param_1\, undefined4 param_2\, float param_3\, float param_4\, ushort param_5\, float param_6\, undefined4 param_7\, float param_8)","1265"
"FUN_00483690","00483690","int FUN_00483690(int param_1)","54"
"FUN_004836f0","004836f0","undefined FUN_004836f0(int param_1\, float param_2\, float param_3\, int param_4)","321"
"FUN_00483840","00483840","undefined FUN_00483840(void)","166"
"NextStatusStage","004838f0","undefined NextStatusStage(STATUSPACKET_s * statusPacket)","410"
"FUN_00483a90","00483a90","undefined4 FUN_00483a90(int param_1\, undefined2 param_2)","46"
"FUN_00483ac0","00483ac0","undefined FUN_00483ac0(int param_1\, undefined1 param_2\, undefined1 param_3)","48"
"FUN_00483af0","00483af0","int FUN_00483af0(int * param_1)","283"
"FUN_00483c10","00483c10","undefined FUN_00483c10(undefined4 * param_1)","96"
"InitStatusScreen","00483c70","undefined InitStatusScreen(int param_1)","5012"
"FUN_00485030","00485030","undefined FUN_00485030(int param_1\, float param_2\, float param_3)","165"
"FUN_004850e0","004850e0","float10 FUN_004850e0(undefined4 param_1\, undefined4 param_2)","58"
"FUN_00485120","00485120","undefined4 FUN_00485120(undefined4 param_1\, int param_2)","135"
"FUN_004851b0","004851b0","undefined FUN_004851b0(float param_1\, float param_2\, float param_3\, float param_4\, float param_5\, int param_6\, int param_7)","1511"
"FUN_004857d0","004857d0","undefined FUN_004857d0(void)","913"
"FUN_00485b70","00485b70","undefined FUN_00485b70(void * this\, int param_1\, int param_2\, float param_3)","1121"
"FUN_00486940","00486940","undefined FUN_00486940(int param_1)","694"
"UpdateAchievements","00486c00","undefined UpdateAchievements(void)","1"
"FUN_00486c10","00486c10","undefined FUN_00486c10(undefined4 param_1\, undefined4 param_2\, undefined4 * param_3)","67"
"FUN_00486c60","00486c60","undefined FUN_00486c60(void)","698"
"FUN_00486f20","00486f20","undefined FUN_00486f20(void)","1"
"FUN_00486f50","00486f50","undefined FUN_00486f50(undefined4 param_1)","10"
"FUN_00486f60","00486f60","int FUN_00486f60(int param_1)","184"
"FUN_00487020","00487020","int FUN_00487020(int param_1)","378"
"FUN_004871a0","004871a0","undefined FUN_004871a0(int param_1\, undefined4 * param_2)","93"
"FUN_00487200","00487200","undefined FUN_00487200(undefined4 * param_1)","105"
"FUN_00487270","00487270","undefined FUN_00487270(int param_1)","344"
"FUN_004873d0","004873d0","undefined4 FUN_004873d0(int param_1\, int param_2\, int param_3)","273"
"FUN_004874f0","004874f0","undefined FUN_004874f0(int param_1\, uint param_2)","419"
"FUN_004876a0","004876a0","undefined4 FUN_004876a0(int param_1\, int param_2\, int param_3\, int param_4)","1530"
"FUN_00487ca0","00487ca0","undefined4 FUN_00487ca0(int param_1\, int param_2)","278"
"FUN_00487dc0","00487dc0","undefined FUN_00487dc0(uint param_1)","1283"
"ReleaseTakeOver","004882d0","undefined ReleaseTakeOver(GameObject_s * obj)","864"
"ReleaseAllTakeOvers","00488630","undefined ReleaseAllTakeOvers(void)","36"
"FUN_00488660","00488660","undefined FUN_00488660(int param_1\, int param_2\, int param_3)","197"
"FUN_00488730","00488730","undefined FUN_00488730(int param_1\, uint param_2\, int param_3\, int param_4)","50"
"FUN_00488770","00488770","undefined FUN_00488770(float param_1\, int param_2)","1810"
"FUN_00488ed0","00488ed0","undefined4 FUN_00488ed0(void)","133"
"FUN_00488f60","00488f60","undefined FUN_00488f60(short * param_1)","376"
"FUN_004890e0","004890e0","undefined4 FUN_004890e0(undefined4 param_1\, int param_2)","104"
"FUN_00489150","00489150","undefined FUN_00489150(int param_1\, uint param_2\, uint param_3)","1563"
"FUN_00489770","00489770","undefined4 FUN_00489770(int param_1\, int param_2\, float param_3)","118"
"FUN_004897f0","004897f0","undefined FUN_004897f0(int param_1\, int param_2\, float param_3)","44"
"FUN_00489820","00489820","undefined FUN_00489820(int param_1\, int param_2\, float param_3\, int param_4)","42"
"FUN_00489850","00489850","undefined4 FUN_00489850(int param_1\, int param_2\, float param_3\, byte * param_4)","68"
"FUN_004898a0","004898a0","undefined FUN_004898a0(void)","500"
"FUN_00489aa0","00489aa0","undefined FUN_00489aa0(void)","155"
"FUN_00489b60","00489b60","undefined FUN_00489b60(int param_1)","307"
"FUN_00489ca0","00489ca0","undefined FUN_00489ca0(void)","251"
"FUN_00489da0","00489da0","undefined FUN_00489da0(void)","690"
"FUN_0048a060","0048a060","undefined4 FUN_0048a060(int param_1\, byte * param_2\, int param_3)","262"
"FUN_0048a170","0048a170","undefined FUN_0048a170(int param_1)","48"
"FUN_0048a1a0","0048a1a0","undefined FUN_0048a1a0(uint * param_1)","26"
"FUN_0048a1c0","0048a1c0","undefined FUN_0048a1c0(int param_1\, int param_2)","133"
"FUN_0048a250","0048a250","undefined FUN_0048a250(int param_1\, int param_2)","177"
"FUN_0048a310","0048a310","undefined FUN_0048a310(int param_1\, byte * param_2)","209"
"FUN_0048a3f0","0048a3f0","undefined FUN_0048a3f0(int param_1)","54"
"FUN_0048a430","0048a430","undefined FUN_0048a430(void)","126"
"FUN_0048a4b0","0048a4b0","undefined FUN_0048a4b0(void)","482"
"FUN_0048a6a0","0048a6a0","undefined FUN_0048a6a0(void)","1351"
"FUN_0048abf0","0048abf0","undefined FUN_0048abf0(void)","835"
"FUN_0048af40","0048af40","undefined FUN_0048af40(undefined4 * param_1)","148"
"FUN_0048afe0","0048afe0","undefined FUN_0048afe0(void)","1095"
"ClearUpAreaData","0048b430","undefined ClearUpAreaData(void)","260"
"FUN_0048b540","0048b540","undefined FUN_0048b540(void)","3370"
"FUN_0048c270","0048c270","undefined FUN_0048c270(int param_1\, void * param_2\, int param_3)","372"
"FUN_0048c3f0","0048c3f0","undefined FUN_0048c3f0(int param_1\, int param_2)","417"
"FUN_0048c5a0","0048c5a0","int FUN_0048c5a0(int param_1\, int param_2\, int param_3)","136"
"FUN_0048c630","0048c630","undefined FUN_0048c630(int param_1)","470"
"FUN_0048ce00","0048ce00","undefined FUN_0048ce00(char * param_1)","2222"
"FUN_0048d7d0","0048d7d0","undefined FUN_0048d7d0(void)","95"
"FUN_0048da50","0048da50","undefined FUN_0048da50(undefined4 * param_1)","6857"
"FUN_0048f670","0048f670","undefined FUN_0048f670(void)","73"
"FUN_0048f6f0","0048f6f0","undefined FUN_0048f6f0(int param_1)","72"
"ClearAreaProgress","0048f740","undefined ClearAreaProgress(int param_1\, int param_2)","252"
"FUN_0048f840","0048f840","undefined FUN_0048f840(int param_1\, void * param_2\, int param_3)","333"
"FUN_0048f990","0048f990","undefined FUN_0048f990(int param_1)","27"
"FUN_0048f9b0","0048f9b0","undefined FUN_0048f9b0(void)","631"
"FUN_0048fc80","0048fc80","undefined FUN_0048fc80(int param_1)","132"
"FUN_0048fd10","0048fd10","undefined4 FUN_0048fd10(int param_1)","485"
"FUN_0048ff00","0048ff00","undefined FUN_0048ff00(int param_1)","108"
"FUN_0048ffc0","0048ffc0","undefined FUN_0048ffc0(int param_1)","42"
"FUN_004900e0","004900e0","undefined FUN_004900e0(int param_1\, float * param_2)","114"
"FUN_00490160","00490160","int FUN_00490160(float param_1\, float * param_2\, int param_3\, float * param_4)","231"
"FUN_00490b40","00490b40","undefined4 FUN_00490b40(int param_1)","40"
"FUN_00490b70","00490b70","byte FUN_00490b70(int param_1)","17"
"FUN_00490c60","00490c60","undefined FUN_00490c60(int param_1\, undefined4 param_2\, undefined4 * param_3)","172"
"FUN_00490d10","00490d10","undefined FUN_00490d10(float param_1\, int param_2)","768"
"FUN_00491010","00491010","undefined FUN_00491010(void)","284"
"FUN_00491170","00491170","undefined FUN_00491170(int param_1\, undefined4 param_2\, int param_3)","207"
"FUN_00491380","00491380","undefined FUN_00491380(int param_1)","475"
"FUN_004915c0","004915c0","undefined4 FUN_004915c0(void)","40"
"FUN_00491620","00491620","undefined FUN_00491620(int param_1)","311"
"FUN_00491840","00491840","undefined FUN_00491840(int param_1)","595"
"FUN_00491bd0","00491bd0","undefined FUN_00491bd0(int param_1)","318"
"FUN_00491d50","00491d50","undefined FUN_00491d50(ushort * param_1\, int param_2\, undefined4 * param_3)","2715"
"FUN_004927f0","004927f0","undefined FUN_004927f0(void * param_1)","846"
"_NuMain","00492b40","undefined4 _NuMain(int param_1\, undefined4 param_2)","4330"
"FUN_00493de0","00493de0","undefined FUN_00493de0(void)","119"
"FUN_00493e60","00493e60","undefined FUN_00493e60(float param_1\, float param_2\, int param_3\, int param_4)","794"
"FUN_00494180","00494180","undefined FUN_00494180(float param_1)","203"
"FUN_00494bb0","00494bb0","undefined4 FUN_00494bb0(void)","571"
"FUN_00494eed","00494eed","undefined FUN_00494eed(undefined4 param_1\, int param_2)","519"
"FUN_00495310","00495310","undefined FUN_00495310(undefined4 * param_1\, int param_2)","1070"
"FUN_00495770","00495770","undefined FUN_00495770(float * param_1)","201"
"FUN_00496040","00496040","undefined FUN_00496040(int param_1)","1000"
"FUN_00496740","00496740","undefined FUN_00496740(void)","89"
"FUN_004967b0","004967b0","undefined FUN_004967b0(void)","1167"
"FUN_004975a0","004975a0","undefined FUN_004975a0(undefined4 param_1\, undefined4 param_2)","378"
"FUN_00497720","00497720","undefined FUN_00497720(int * param_1\, int param_2)","49"
"FUN_00497760","00497760","undefined FUN_00497760(int param_1\, int param_2\, int param_3)","144"
"FUN_004977f0","004977f0","undefined FUN_004977f0(int param_1)","336"
"FUN_00497c40","00497c40","ulonglong FUN_00497c40(float param_1)","320"
"FUN_00497de0","00497de0","undefined FUN_00497de0(int param_1)","160"
"FUN_00497e80","00497e80","undefined FUN_00497e80(int param_1)","217"
"FUN_00497f60","00497f60","undefined FUN_00497f60(int param_1)","219"
"FUN_00498040","00498040","undefined FUN_00498040(int param_1)","215"
"FUN_00498120","00498120","undefined4 FUN_00498120(void)","388"
"FUN_004982f0","004982f0","bool FUN_004982f0(void)","37"
"FUN_00498320","00498320","float10 FUN_00498320(undefined4 param_1\, undefined4 param_2\, int param_3)","342"
"FUN_00498480","00498480","float10 FUN_00498480(int param_1)","263"
"FUN_00498590","00498590","float10 FUN_00498590(float param_1\, float * param_2)","792"
"DrawOffsetCode","004988b0","undefined DrawOffsetCode(GameObject_s * obj\, int param_2)","393"
"FUN_00498a40","00498a40","undefined FUN_00498a40(int param_1)","753"
"FUN_00498d40","00498d40","float10 FUN_00498d40(int param_1)","1057"
"FUN_00499170","00499170","undefined FUN_00499170(float param_1\, undefined4 param_2\, int * param_3)","395"
"FUN_00499300","00499300","undefined FUN_00499300(float param_1\, int param_2\, int param_3\, int param_4)","509"
"FUN_00499500","00499500","undefined4 FUN_00499500(uint param_1\, undefined4 param_2\, int param_3\, float * param_4)","133"
"FUN_00499590","00499590","float10 FUN_00499590(int param_1\, float param_2)","126"
"FUN_00499610","00499610","undefined FUN_00499610(float param_1)","770"
"FUN_00499920","00499920","float10 FUN_00499920(void)","180"
"FUN_004999e0","004999e0","float10 FUN_004999e0(int param_1\, float param_2)","342"
"FUN_00499b40","00499b40","undefined4 FUN_00499b40(int param_1)","24"
"FUN_00499b60","00499b60","undefined FUN_00499b60(void)","128"
"FUN_00499be0","00499be0","float10 FUN_00499be0(int param_1)","178"
"FUN_00499ca0","00499ca0","undefined FUN_00499ca0(int param_1\, int param_2\, int param_3)","288"
"FUN_00499e20","00499e20","undefined4 FUN_00499e20(float param_1)","1076"
"FUN_0049a260","0049a260","undefined4 FUN_0049a260(float param_1)","904"
"FUN_0049a5f0","0049a5f0","undefined FUN_0049a5f0(float param_1)","766"
"FUN_0049a8f0","0049a8f0","undefined4 FUN_0049a8f0(float param_1)","1099"
"FUN_0049ad40","0049ad40","undefined FUN_0049ad40(int param_1)","76"
"FUN_0049ad90","0049ad90","undefined FUN_0049ad90(undefined4 param_1\, undefined4 param_2\, int param_3\, int param_4\, undefined4 param_5\, int param_6\, int param_7)","955"
"FUN_0049b150","0049b150","undefined FUN_0049b150(undefined4 param_1\, undefined4 param_2\, int param_3\, float * param_4)","345"
"FUN_0049b2b0","0049b2b0","undefined FUN_0049b2b0(undefined4 param_1\, ushort param_2\, int param_3)","123"
"FUN_0049b330","0049b330","undefined FUN_0049b330(int param_1\, undefined4 param_2\, int param_3\, int param_4\, int param_5)","1206"
"FUN_0049b7f0","0049b7f0","undefined FUN_0049b7f0(undefined4 param_1\, undefined4 param_2\, int param_3\, float * param_4)","179"
"FUN_0049b8b0","0049b8b0","undefined FUN_0049b8b0(void)","170"
"FUN_0049b9d0","0049b9d0","undefined FUN_0049b9d0(undefined4 param_1\, undefined4 param_2)","596"
"FUN_0049bc30","0049bc30","undefined FUN_0049bc30(int param_1\, int param_2)","454"
"FUN_0049be00","0049be00","undefined FUN_0049be00(float param_1)","554"
"FUN_0049c030","0049c030","undefined FUN_0049c030(void)","72"
"FUN_0049c080","0049c080","undefined FUN_0049c080(int param_1)","866"
"FUN_0049c3f0","0049c3f0","uint FUN_0049c3f0(int param_1)","232"
"FUN_0049c4e0","0049c4e0","undefined FUN_0049c4e0(int param_1)","87"
"FUN_0049c610","0049c610","undefined FUN_0049c610(void)","811"
"FUN_0049c940","0049c940","undefined FUN_0049c940(void)","197"
"FUN_0049ca80","0049ca80","int FUN_0049ca80(int param_1\, float param_2\, float param_3\, int param_4\, int param_5\, int param_6)","1179"
"FUN_0049cf20","0049cf20","undefined FUN_0049cf20(float param_1\, float param_2\, int param_3)","189"
"FUN_0049cfe0","0049cfe0","int FUN_0049cfe0(float param_1\, float param_2\, int param_3)","531"
"FUN_0049d200","0049d200","char FUN_0049d200(float param_1\, int param_2\, int param_3)","547"
"FUN_0049d430","0049d430","undefined FUN_0049d430(undefined1 param_1\, undefined1 param_2)","160"
"FUN_0049d520","0049d520","undefined FUN_0049d520(int param_1\, undefined4 param_2)","24"
"FUN_0049d540","0049d540","undefined FUN_0049d540(int param_1)","373"
"thunk_FUN_0049d540","0049d6c0","thunk undefined thunk_FUN_0049d540(int param_1)","5"
"FUN_0049d6d0","0049d6d0","undefined4 FUN_0049d6d0(int param_1)","72"
"FUN_0049d720","0049d720","undefined FUN_0049d720(int param_1)","494"
"FUN_0049d910","0049d910","undefined4 FUN_0049d910(float param_1)","215"
"FUN_0049d9f0","0049d9f0","undefined FUN_0049d9f0(int param_1\, undefined4 param_2\, float param_3)","542"
"FUN_0049dc10","0049dc10","undefined FUN_0049dc10(void)","71"
"FUN_0049dc60","0049dc60","undefined FUN_0049dc60(int param_1\, int param_2)","170"
"FUN_0049dd10","0049dd10","undefined FUN_0049dd10(int param_1\, int param_2\, int param_3)","697"
"FUN_0049dfd0","0049dfd0","undefined FUN_0049dfd0(int param_1\, int param_2)","258"
"FUN_0049e110","0049e110","int FUN_0049e110(void)","114"
"FUN_0049e190","0049e190","int FUN_0049e190(void)","172"
"FUN_0049e240","0049e240","int FUN_0049e240(int param_1)","110"
"FUN_0049e2b0","0049e2b0","undefined FUN_0049e2b0(int param_1)","192"
"FUN_0049e370","0049e370","undefined4 FUN_0049e370(void)","213"
"FUN_0049e450","0049e450","undefined FUN_0049e450(int param_1\, int param_2\, int param_3\, int param_4)","927"
"FUN_0049e7f0","0049e7f0","undefined FUN_0049e7f0(void)","415"
"FUN_0049ea00","0049ea00","undefined FUN_0049ea00(int param_1)","107"
"FUN_0049ea70","0049ea70","undefined FUN_0049ea70(float param_1\, int param_2\, int param_3\, int param_4\, int param_5\, float param_6)","2972"
"FUN_0049f630","0049f630","undefined FUN_0049f630(float * param_1\, float * param_2\, float * param_3\, float * param_4\, float param_5\, float param_6)","329"
"FUN_0049f780","0049f780","undefined4 FUN_0049f780(undefined4 param_1\, int * param_2\, int param_3)","115"
"FUN_0049f800","0049f800","undefined4 FUN_0049f800(int param_1\, undefined4 * param_2)","69"
"FUN_0049f850","0049f850","undefined FUN_0049f850(int param_1)","492"
"FUN_0049fa50","0049fa50","undefined FUN_0049fa50(void * this\, int param_1\, int param_2)","3737"
"FUN_004a0900","004a0900","undefined FUN_004a0900(void * param_1)","635"
"FUN_004a0bc0","004a0bc0","undefined FUN_004a0bc0(void)","1249"
"FUN_004a10c0","004a10c0","undefined FUN_004a10c0(int param_1\, int param_2\, int param_3\, int param_4)","2991"
"FUN_004a1c70","004a1c70","undefined FUN_004a1c70(int param_1\, int param_2)","724"
"FUN_004a1f50","004a1f50","undefined FUN_004a1f50(int param_1)","86"
"FUN_004a1fb0","004a1fb0","undefined FUN_004a1fb0(int param_1)","187"
"FUN_004a2070","004a2070","undefined FUN_004a2070(void * this\, int param_1)","1109"
"FUN_004a24d0","004a24d0","undefined FUN_004a24d0(int param_1\, undefined4 * param_2\, undefined4 * param_3)","210"
"FUN_004a25b0","004a25b0","undefined FUN_004a25b0(int param_1)","246"
"FUN_004a26b0","004a26b0","undefined FUN_004a26b0(int param_1\, int param_2)","551"
"FUN_004a28e0","004a28e0","undefined FUN_004a28e0(int param_1)","2441"
"FUN_004a3270","004a3270","undefined FUN_004a3270(uint param_1\, int param_2\, int param_3)","2263"
"FUN_004a3b60","004a3b60","uint FUN_004a3b60(int param_1\, int param_2)","123"
"FUN_004a3be0","004a3be0","undefined FUN_004a3be0(void)","712"
"FUN_004a3eb0","004a3eb0","undefined4 FUN_004a3eb0(undefined4 param_1\, undefined4 param_2\, float param_3\, undefined4 * param_4)","1014"
"FUN_004a42b0","004a42b0","undefined4 FUN_004a42b0(uint param_1\, undefined4 param_2\, int param_3)","146"
"FUN_004a4350","004a4350","undefined4 FUN_004a4350(int param_1\, int param_2)","196"
"FUN_004a4420","004a4420","undefined FUN_004a4420(int param_1)","1223"
"FUN_004a48f0","004a48f0","undefined FUN_004a48f0(void)","13"
"FUN_004a4900","004a4900","undefined FUN_004a4900(int param_1\, int param_2\, float param_3\, undefined4 param_4)","58"
"FUN_004a4940","004a4940","undefined FUN_004a4940(int * param_1)","220"
"FUN_004a4a20","004a4a20","undefined FUN_004a4a20(int param_1)","635"
"FUN_004a4ca0","004a4ca0","undefined FUN_004a4ca0(int param_1)","51"
"FUN_004a4ce0","004a4ce0","undefined FUN_004a4ce0(float * param_1\, float param_2\, float param_3\, float param_4)","771"
"FUN_004a4ff0","004a4ff0","undefined FUN_004a4ff0(undefined2 param_1)","1188"
"FUN_004a54b0","004a54b0","undefined FUN_004a54b0(int param_1\, int param_2\, float param_3\, int param_4)","475"
"FUN_004a56a0","004a56a0","undefined FUN_004a56a0(float * param_1\, float param_2)","1001"
"FUN_004a5a90","004a5a90","undefined FUN_004a5a90(int param_1)","104"
"FUN_004a5bb0","004a5bb0","undefined FUN_004a5bb0(float param_1)","128"
"FUN_004a5dd0","004a5dd0","ushort FUN_004a5dd0(int param_1\, float * param_2)","238"
"FUN_004a5ec0","004a5ec0","undefined4 FUN_004a5ec0(int param_1\, uint param_2)","161"
"FUN_004a5f70","004a5f70","undefined4 FUN_004a5f70(int param_1\, uint param_2)","107"
"FUN_004a5fe0","004a5fe0","undefined4 FUN_004a5fe0(int param_1\, uint param_2)","107"
"FUN_004a6050","004a6050","int FUN_004a6050(int param_1)","83"
"FUN_004a60b0","004a60b0","undefined4 FUN_004a60b0(int param_1)","173"
"FUN_004a6160","004a6160","undefined FUN_004a6160(int param_1\, int param_2)","2162"
"FUN_004a69e0","004a69e0","undefined FUN_004a69e0(void)","442"
"FUN_004a6c30","004a6c30","undefined FUN_004a6c30(int param_1\, int param_2\, undefined4 param_3\, int param_4)","1460"
"FUN_004a71f0","004a71f0","undefined FUN_004a71f0(int param_1\, int param_2)","362"
"FUN_004a7360","004a7360","undefined FUN_004a7360(int param_1)","289"
"FUN_004a7490","004a7490","undefined4 FUN_004a7490(int param_1)","69"
"FUN_004a74e0","004a74e0","undefined4 FUN_004a74e0(int param_1\, int param_2)","304"
"FUN_004a7610","004a7610","undefined FUN_004a7610(int param_1)","167"
"FUN_004a76c0","004a76c0","undefined4 FUN_004a76c0(float param_1\, undefined4 param_2\, int param_3\, ushort param_4\, float param_5)","371"
"FUN_004a7840","004a7840","undefined FUN_004a7840(int param_1)","53"
"FUN_004a7880","004a7880","undefined FUN_004a7880(int param_1)","883"
"FUN_004a7c00","004a7c00","undefined FUN_004a7c00(void)","172"
"FUN_004a7d00","004a7d00","undefined FUN_004a7d00(void)","149"
"FUN_004a7da0","004a7da0","undefined FUN_004a7da0(int param_1)","1278"
"FUN_004a82a0","004a82a0","undefined FUN_004a82a0(int param_1\, int param_2)","818"
"FUN_004a85e0","004a85e0","undefined FUN_004a85e0(int param_1)","96"
"FUN_004a8640","004a8640","undefined FUN_004a8640(int param_1)","280"
"FUN_004a8760","004a8760","undefined FUN_004a8760(void)","537"
"FUN_004a89f0","004a89f0","undefined FUN_004a89f0(void)","366"
"FUN_004a8b60","004a8b60","undefined FUN_004a8b60(undefined4 param_1\, undefined4 param_2\, int param_3)","712"
"FUN_004a8e30","004a8e30","undefined FUN_004a8e30(undefined4 param_1\, undefined4 param_2\, int param_3\, undefined4 * param_4\, float param_5)","178"
"FUN_004a8f20","004a8f20","undefined FUN_004a8f20(int param_1)","1024"
"FUN_004a9320","004a9320","undefined FUN_004a9320(undefined4 param_1\, undefined4 param_2\, int param_3)","297"
"FUN_004a9450","004a9450","undefined FUN_004a9450(int param_1)","727"
"FUN_004a9b80","004a9b80","undefined FUN_004a9b80(int param_1)","782"
"FUN_004aa200","004aa200","undefined FUN_004aa200(int param_1)","52"
"FUN_004aa240","004aa240","undefined FUN_004aa240(int param_1)","52"
"FUN_004aa280","004aa280","undefined4 FUN_004aa280(int param_1)","50"
"FUN_004aa5a0","004aa5a0","float10 FUN_004aa5a0(int param_1)","143"
"FUN_004aa800","004aa800","undefined FUN_004aa800(uint param_1)","694"
"FUN_004aad20","004aad20","undefined FUN_004aad20(void)","76"
"FUN_004aad70","004aad70","undefined FUN_004aad70(void)","326"
"FUN_004aaec0","004aaec0","undefined FUN_004aaec0(void)","328"
"FUN_004ab1f0","004ab1f0","undefined FUN_004ab1f0(int param_1\, float param_2\, float param_3\, int param_4)","350"
"FUN_004ab350","004ab350","undefined FUN_004ab350(void)","344"
"FUN_004ab4b0","004ab4b0","undefined FUN_004ab4b0(int param_1)","226"
"FUN_004ab5a0","004ab5a0","undefined FUN_004ab5a0(undefined4 param_1\, undefined4 param_2\, float param_3\, int param_4\, int param_5)","114"
"FUN_004ab620","004ab620","undefined FUN_004ab620(float param_1)","363"
"FUN_004ab790","004ab790","float10 FUN_004ab790(int param_1)","258"
"FUN_004ab8a0","004ab8a0","undefined FUN_004ab8a0(int param_1\, int param_2)","104"
"FUN_004ab910","004ab910","undefined FUN_004ab910(float param_1)","386"
"FUN_004abaa0","004abaa0","float10 FUN_004abaa0(int param_1)","12"
"FUN_004abac0","004abac0","undefined FUN_004abac0(undefined4 param_1\, undefined4 param_2\, float param_3\, float * param_4\, float param_5\, float param_6\, float * param_7)","2543"
"FUN_004ac620","004ac620","undefined FUN_004ac620(float param_1)","10904"
"FUN_004af0c0","004af0c0","undefined FUN_004af0c0(int param_1\, undefined * param_2\, float param_3)","6146"
"FUN_004b08d0","004b08d0","undefined4 FUN_004b08d0(float param_1)","827"
"FUN_004b0c10","004b0c10","uint FUN_004b0c10(void)","109"
"FUN_004b0c80","004b0c80","undefined FUN_004b0c80(void)","1327"
"FUN_004b11b0","004b11b0","undefined FUN_004b11b0(int param_1\, int param_2)","553"
"FUN_004b13e0","004b13e0","undefined FUN_004b13e0(void * this\, int param_1)","465"
"FUN_004b15c0","004b15c0","undefined FUN_004b15c0(int param_1\, int param_2)","1259"
"FUN_004b1ab0","004b1ab0","undefined FUN_004b1ab0(undefined * param_1)","3904"
"FUN_004b29f0","004b29f0","undefined FUN_004b29f0(int param_1\, int param_2)","701"
"FUN_004b2cb0","004b2cb0","undefined FUN_004b2cb0(float param_1)","843"
"FUN_004b3000","004b3000","undefined FUN_004b3000(float param_1)","224"
"FUN_004b30e0","004b30e0","undefined FUN_004b30e0(float param_1)","350"
"FUN_004b3240","004b3240","undefined FUN_004b3240(float param_1)","269"
"FUN_004b3350","004b3350","undefined FUN_004b3350(float param_1)","50"
"FUN_004b3390","004b3390","undefined FUN_004b3390(void * param_1)","1355"
"FUN_004b38e0","004b38e0","undefined FUN_004b38e0(float param_1)","257"
"FUN_004b39f0","004b39f0","undefined FUN_004b39f0(int param_1\, int param_2\, float param_3)","352"
"FUN_004b3b50","004b3b50","undefined FUN_004b3b50(float param_1)","41"
"FUN_004b3b80","004b3b80","undefined FUN_004b3b80(void * param_1)","444"
"FUN_004b3d40","004b3d40","undefined4 FUN_004b3d40(int param_1\, int param_2\, int param_3\, int param_4\, int param_5\, int param_6)","3449"
"FUN_004b4ac0","004b4ac0","undefined FUN_004b4ac0(char * param_1)","1622"
"FUN_004b5820","004b5820","undefined FUN_004b5820(char * param_1)","1289"
"FUN_004b5e10","004b5e10","undefined FUN_004b5e10(float param_1)","209"
"FUN_004b62f0","004b62f0","undefined FUN_004b62f0(float param_1)","308"
"FUN_004b6430","004b6430","undefined FUN_004b6430(float param_1)","231"
"FUN_004b6520","004b6520","undefined FUN_004b6520(float param_1)","208"
"FUN_004b6800","004b6800","undefined FUN_004b6800(void * param_1)","2672"
"FUN_004b6b80","004b6b80","undefined FUN_004b6b80(int param_1)","111"
"FUN_004b6bf0","004b6bf0","undefined FUN_004b6bf0(uint param_1\, undefined4 param_2\, void * param_3)","1121"
"FUN_004b7080","004b7080","undefined FUN_004b7080(void)","108"
"FUN_004b7120","004b7120","float10 FUN_004b7120(undefined4 param_1\, undefined4 param_2\, int param_3)","108"
"FUN_004b71a0","004b71a0","undefined FUN_004b71a0(void)","1955"
"FUN_004b79a0","004b79a0","undefined FUN_004b79a0(undefined4 param_1\, int param_2\, float param_3\, undefined4 param_4\, undefined4 param_5\, int param_6\, undefined4 param_7\, undefined4 param_8\, undefined4 param_9\, undefined4 param_10\, undefined4 param_11\, undefined4 param_12\, undefined4 param_13)","1846"
"FUN_004b80e0","004b80e0","undefined FUN_004b80e0(uint param_1\, float param_2\, float param_3\, int param_4\, float param_5\, byte param_6\, byte param_7\, byte param_8)","562"
"FUN_004b8320","004b8320","undefined FUN_004b8320(undefined4 param_1\, undefined4 param_2\, float param_3\, float param_4\, float param_5\, int param_6\, int param_7)","432"
"FUN_004b84d0","004b84d0","undefined FUN_004b84d0(int param_1\, undefined4 param_2\, int param_3)","530"
"FUN_004b86f0","004b86f0","undefined FUN_004b86f0(undefined4 param_1\, undefined4 param_2\, float param_3\, float param_4\, int param_5\, int param_6\, float param_7\, float param_8\, float param_9\, float param_10)","444"
"FUN_004b88b0","004b88b0","undefined FUN_004b88b0(float param_1\, float param_2\, float param_3\, float param_4\, int param_5\, float param_6\, int param_7)","1076"
"FUN_004b8cf0","004b8cf0","undefined FUN_004b8cf0(float param_1\, int param_2\, int param_3\, float param_4\, undefined4 * param_5)","718"
"FUN_004b8fc0","004b8fc0","undefined4 FUN_004b8fc0(int param_1)","107"
"FUN_004b9040","004b9040","float10 FUN_004b9040(undefined4 param_1\, undefined4 param_2)","79"
"FUN_004b9090","004b9090","undefined FUN_004b9090(undefined4 param_1\, undefined4 param_2)","122"
"FUN_004b9110","004b9110","undefined FUN_004b9110(int param_1)","4213"
"FUN_004ba190","004ba190","undefined FUN_004ba190(void)","87"
"FUN_004ba1f0","004ba1f0","undefined4 FUN_004ba1f0(void)","211"
"FUN_004ba2d0","004ba2d0","undefined FUN_004ba2d0(undefined4 param_1)","10"
"FUN_004ba2e0","004ba2e0","undefined FUN_004ba2e0(void * this\, int param_1\, int param_2\, uint param_3)","496"
"FUN_004ba4d0","004ba4d0","undefined FUN_004ba4d0(int param_1\, undefined4 param_2\, int param_3\, int param_4)","430"
"FUN_004ba680","004ba680","undefined FUN_004ba680(int param_1\, int param_2\, int param_3\, char param_4\, int * param_5)","1087"
"FUN_004baad0","004baad0","undefined FUN_004baad0(int param_1\, int param_2\, int param_3\, int param_4)","386"
"FUN_004bac60","004bac60","undefined FUN_004bac60(undefined4 param_1\, int param_2\, int param_3)","367"
"InitPanel","004badd0","undefined InitPanel(float param_1)","106"
"FUN_004bae40","004bae40","undefined FUN_004bae40(void)","3494"
"FUN_004bbbf0","004bbbf0","undefined FUN_004bbbf0(void)","286"
"FUN_004bbd10","004bbd10","undefined FUN_004bbd10(undefined4 param_1\, undefined4 param_2\, int param_3)","927"
"FUN_004bc2f0","004bc2f0","undefined FUN_004bc2f0(undefined4 param_1\, undefined4 param_2\, int param_3)","436"
"FUN_004bc750","004bc750","undefined FUN_004bc750(undefined4 param_1\, undefined4 param_2\, int param_3)","173"
"FUN_004bcaf0","004bcaf0","undefined FUN_004bcaf0(void)","31"
"FUN_004bcb10","004bcb10","undefined FUN_004bcb10(undefined4 param_1\, undefined4 param_2)","418"
"FUN_004bccc0","004bccc0","undefined FUN_004bccc0(byte * param_1\, byte * param_2\, int param_3)","353"
"FUN_004bce60","004bce60","undefined FUN_004bce60(ushort param_1)","146"
"FUN_004bcf00","004bcf00","undefined4 FUN_004bcf00(int param_1)","109"
"FUN_004bcf70","004bcf70","undefined FUN_004bcf70(int param_1)","105"
"FUN_004bd090","004bd090","undefined FUN_004bd090(void)","244"
"FUN_004bd3d0","004bd3d0","int FUN_004bd3d0(float param_1\, float * param_2\, int param_3\, float * param_4)","207"
"FUN_004bda50","004bda50","undefined FUN_004bda50(int param_1)","160"
"FUN_004bdaf0","004bdaf0","undefined FUN_004bdaf0(float param_1\, int param_2)","436"
"FUN_004bde10","004bde10","undefined FUN_004bde10(int param_1)","8845"
"FUN_004c00c0","004c00c0","undefined FUN_004c00c0(void)","60"
"FUN_004c0130","004c0130","undefined4 FUN_004c0130(int param_1)","163"
"FUN_004c0230","004c0230","undefined FUN_004c0230(void)","151"
"FUN_004c02d0","004c02d0","undefined FUN_004c02d0(int param_1\, undefined4 param_2\, int param_3)","218"
"FUN_004c03f0","004c03f0","undefined FUN_004c03f0(int param_1)","48"
"FUN_004c0740","004c0740","undefined FUN_004c0740(int param_1)","404"
"FUN_004c0a20","004c0a20","undefined FUN_004c0a20(int param_1\, undefined4 param_2\, undefined4 * param_3)","178"
"FUN_004c0c00","004c0c00","undefined FUN_004c0c00(int param_1\, undefined4 param_2)","123"
"FUN_004c0c80","004c0c80","undefined FUN_004c0c80(int param_1\, int param_2)","82"
"FUN_004c0d00","004c0d00","undefined FUN_004c0d00(float * param_1\, undefined4 param_2)","36"
"FUN_004c0d50","004c0d50","undefined FUN_004c0d50(undefined4 * param_1)","95"
"FUN_004c0db0","004c0db0","undefined FUN_004c0db0(int param_1)","217"
"FUN_004c0e90","004c0e90","undefined FUN_004c0e90(int param_1)","219"
"FUN_004c0f70","004c0f70","undefined FUN_004c0f70(int param_1)","215"
"FUN_004c1050","004c1050","bool FUN_004c1050(void)","39"
"FUN_004c1080","004c1080","undefined FUN_004c1080(void)","314"
"FUN_004c11c0","004c11c0","undefined FUN_004c11c0(void)","461"
"FUN_004c1390","004c1390","undefined FUN_004c1390(void)","372"
"FUN_004c1510","004c1510","undefined FUN_004c1510(void)","208"
"FUN_004c15e0","004c15e0","undefined FUN_004c15e0(void)","77"
"FUN_004c1630","004c1630","undefined FUN_004c1630(int param_1)","4100"
"FUN_004c2660","004c2660","undefined4 FUN_004c2660(int param_1\, uint param_2\, int param_3)","197"
"FUN_004c2730","004c2730","undefined4 FUN_004c2730(int param_1\, uint param_2)","949"
"FUN_004c2b00","004c2b00","ulonglong FUN_004c2b00(undefined4 param_1\, undefined4 param_2\, undefined4 * param_3\, float * param_4\, int param_5)","1789"
"FUN_004c3200","004c3200","ulonglong FUN_004c3200(undefined4 param_1\, undefined4 param_2\, int * param_3\, float * param_4\, int param_5)","1788"
"FUN_004c3900","004c3900","undefined FUN_004c3900(void)","136"
"FUN_004c41a0","004c41a0","undefined FUN_004c41a0(void)","3480"
"FUN_004c5020","004c5020","undefined FUN_004c5020(float * param_1\, undefined4 param_2\, float param_3\, ushort param_4\, ushort param_5\, ushort param_6)","450"
"FUN_004c51f0","004c51f0","undefined FUN_004c51f0(int * param_1\, undefined4 * param_2\, float param_3\, undefined4 param_4\, float param_5\, ushort param_6\, ushort param_7\, ushort param_8)","165"
"FUN_004c52a0","004c52a0","undefined FUN_004c52a0(int * param_1\, float param_2)","94"
"FUN_004c5300","004c5300","undefined FUN_004c5300(float param_1\, float param_2\, int param_3\, float param_4\, ushort param_5\, ushort param_6\, ushort param_7)","201"
"FUN_004c53d0","004c53d0","undefined FUN_004c53d0(float * param_1\, undefined4 param_2\, float param_3\, ushort param_4\, ushort param_5\, ushort param_6)","129"
"FUN_004c5460","004c5460","undefined FUN_004c5460(void)","496"
"FUN_004c58e0","004c58e0","undefined FUN_004c58e0(undefined4 param_1\, undefined4 param_2)","2783"
"FUN_004c6c20","004c6c20","undefined FUN_004c6c20(int param_1)","47"
"FUN_004c6c50","004c6c50","undefined FUN_004c6c50(void)","21"
"FUN_004c6e90","004c6e90","undefined4 FUN_004c6e90(void)","1613"
"FUN_004c76d0","004c76d0","undefined FUN_004c76d0(undefined4 * param_1\, undefined4 param_2\, float param_3)","125"
"FUN_004c7820","004c7820","undefined FUN_004c7820(undefined4 * param_1)","89"
"FUN_004c78b0","004c78b0","undefined4 FUN_004c78b0(int param_1)","198"
"FUN_004c7980","004c7980","undefined FUN_004c7980(int param_1)","75"
"FUN_004c7a90","004c7a90","undefined FUN_004c7a90(int param_1)","79"
"FUN_004c7b20","004c7b20","undefined FUN_004c7b20(void)","319"
"FUN_004c7c60","004c7c60","undefined FUN_004c7c60(int param_1\, undefined4 param_2\, int param_3)","194"
"FUN_004c7d30","004c7d30","undefined FUN_004c7d30(int param_1)","551"
"FUN_004c7f60","004c7f60","int FUN_004c7f60(float param_1\, float * param_2\, int param_3\, float * param_4)","197"
"FUN_004c8030","004c8030","undefined FUN_004c8030(float param_1)","653"
"FUN_004c83f0","004c83f0","undefined FUN_004c83f0(int param_1\, undefined4 param_2\, undefined4 * param_3)","197"
"FUN_004c85e0","004c85e0","undefined FUN_004c85e0(float param_1\, float param_2)","697"
"FUN_004c88c0","004c88c0","undefined FUN_004c88c0(int param_1\, int param_2)","749"
"FUN_004c9080","004c9080","undefined FUN_004c9080(undefined4 param_1\, undefined4 param_2)","340"
"FUN_004c91e0","004c91e0","bool FUN_004c91e0(int param_1)","47"
"FUN_004c9260","004c9260","undefined FUN_004c9260(int param_1)","33"
"FUN_004c9290","004c9290","undefined4 FUN_004c9290(undefined4 param_1\, int param_2\, float param_3\, undefined4 param_4\, undefined4 param_5\, int param_6\, float param_7)","1794"
"FUN_004c99b0","004c99b0","float10 FUN_004c99b0(float * param_1\, float * param_2)","85"
"FUN_004c9a40","004c9a40","undefined FUN_004c9a40(void)","108"
"FUN_004c9b20","004c9b20","undefined FUN_004c9b20(void)","169"
"FUN_004c9bd0","004c9bd0","undefined FUN_004c9bd0(void)","309"
"FUN_004c9d10","004c9d10","undefined4 FUN_004c9d10(undefined2 param_1)","97"
"FUN_004c9db0","004c9db0","undefined FUN_004c9db0(void)","93"
"FUN_004c9e10","004c9e10","undefined FUN_004c9e10(void)","81"
"FUN_004c9eb0","004c9eb0","float10 FUN_004c9eb0(float param_1\, float param_2)","163"
"LoadPermDataFn","004c9fb0","undefined LoadPermDataFn(int param_1)","1526"
"LoadPerm","004ca5b0","undefined LoadPerm(void)","1986"
"FUN_004cadb0","004cadb0","undefined4 FUN_004cadb0(undefined4 param_1\, int param_2\, int * param_3)","742"
"FUN_004cb120","004cb120","undefined4 FUN_004cb120(float param_1\, int * param_2)","492"
"FUN_004cb790","004cb790","undefined4 FUN_004cb790(int param_1\, int * param_2)","323"
"FUN_004cbda0","004cbda0","undefined FUN_004cbda0(void)","174"
"FUN_004cbe50","004cbe50","undefined FUN_004cbe50(int param_1)","283"
"FUN_004cbf70","004cbf70","int FUN_004cbf70(byte * param_1)","485"
"FUN_004cc160","004cc160","undefined4 FUN_004cc160(int param_1\, int * param_2\, int param_3)","1861"
"FUN_004cc8e0","004cc8e0","undefined FUN_004cc8e0(void)","51"
"FUN_004cc920","004cc920","int FUN_004cc920(undefined * * param_1)","42"
"FUN_004cc950","004cc950","undefined * * FUN_004cc950(char param_1)","44"
"FUN_004cc9a0","004cc9a0","undefined * * FUN_004cc9a0(int param_1\, int param_2)","84"
"FUN_004cca00","004cca00","undefined * * FUN_004cca00(int param_1)","52"
"FUN_004cca60","004cca60","undefined FUN_004cca60(void)","1"
"FUN_004cca90","004cca90","int FUN_004cca90(int param_1)","57"
"FUN_004ccad0","004ccad0","int * FUN_004ccad0(int param_1)","370"
"FUN_004ccc60","004ccc60","undefined FUN_004ccc60(int param_1\, float param_2)","424"
"FUN_004cce10","004cce10","undefined4 FUN_004cce10(int param_1)","304"
"FUN_004ccf90","004ccf90","undefined FUN_004ccf90(void)","174"
"FUN_004cd080","004cd080","undefined FUN_004cd080(int param_1\, undefined4 param_2\, int param_3)","132"
"FUN_004cd120","004cd120","int FUN_004cd120(float param_1\, float * param_2\, int param_3\, float * param_4)","180"
"FUN_004cd750","004cd750","undefined FUN_004cd750(int param_1\, undefined4 param_2\, undefined4 * param_3)","126"
"FUN_004cd920","004cd920","undefined4 FUN_004cd920(int param_1)","113"
"FUN_004cd9a0","004cd9a0","undefined4 FUN_004cd9a0(int param_1\, undefined4 * param_2\, undefined4 * param_3)","142"
"FUN_004cda40","004cda40","int FUN_004cda40(int param_1)","97"
"FUN_004cdab0","004cdab0","undefined FUN_004cdab0(float param_1\, float param_2)","604"
"FUN_004cdd60","004cdd60","undefined FUN_004cdd60(int param_1)","200"
"FUN_004cde50","004cde50","undefined FUN_004cde50(int param_1)","38"
"FUN_004cdec0","004cdec0","undefined FUN_004cdec0(int param_1)","60"
"FUN_004cdf00","004cdf00","undefined FUN_004cdf00(int param_1)","213"
"FUN_004cdfe0","004cdfe0","undefined FUN_004cdfe0(int param_1)","62"
"FUN_004ce020","004ce020","undefined FUN_004ce020(int param_1\, int param_2)","503"
"FUN_004ce220","004ce220","int FUN_004ce220(int param_1\, float param_2)","547"
"FUN_004ce450","004ce450","undefined FUN_004ce450(void * this\, int param_1)","138"
"FUN_004ce4e0","004ce4e0","undefined FUN_004ce4e0(int param_1)","162"
"FUN_004ce590","004ce590","undefined FUN_004ce590(int param_1)","92"
"FUN_004ce5f0","004ce5f0","undefined FUN_004ce5f0(int param_1)","62"
"FUN_004ce630","004ce630","undefined FUN_004ce630(ushort * param_1)","254"
"FUN_004ce740","004ce740","undefined FUN_004ce740(int param_1)","238"
"FUN_004ce830","004ce830","undefined FUN_004ce830(float param_1\, int param_2)","1947"
"FUN_004cf0f0","004cf0f0","undefined FUN_004cf0f0(int * param_1\, int param_2\, int param_3)","86"
"FUN_004cf3c0","004cf3c0","undefined FUN_004cf3c0(void)","177"
"FUN_004cf4b0","004cf4b0","undefined FUN_004cf4b0(void)","1"
"FUN_004cf4c0","004cf4c0","undefined FUN_004cf4c0(uint * param_1\, int * param_2)","403"
"FUN_004cf680","004cf680","undefined FUN_004cf680(int param_1)","413"
"FUN_004cf820","004cf820","undefined FUN_004cf820(int param_1)","451"
"FUN_004cfb30","004cfb30","undefined FUN_004cfb30(int param_1)","124"
"FUN_004cfbb0","004cfbb0","undefined FUN_004cfbb0(int param_1)","993"
"FUN_004cffa0","004cffa0","undefined FUN_004cffa0(int param_1\, undefined4 param_2)","744"
"FUN_004d0290","004d0290","undefined4 FUN_004d0290(int param_1)","727"
"FUN_004d06a0","004d06a0","undefined4 FUN_004d06a0(int param_1)","253"
"FUN_004d0800","004d0800","undefined FUN_004d0800(void)","99"
"FUN_004d0870","004d0870","undefined FUN_004d0870(int param_1\, undefined4 param_2\, int param_3)","112"
"FUN_004d09a0","004d09a0","int FUN_004d09a0(int param_1\, int param_2\, float * param_3)","477"
"FUN_004d1110","004d1110","undefined FUN_004d1110(int param_1\, undefined4 param_2\, undefined4 * param_3)","127"
"FUN_004d12a0","004d12a0","undefined4 FUN_004d12a0(int param_1)","183"
"FUN_004d1360","004d1360","undefined4 FUN_004d1360(int param_1)","422"
"FUN_004d1510","004d1510","undefined4 FUN_004d1510(int param_1)","614"
"FUN_004d1780","004d1780","undefined4 FUN_004d1780(int param_1\, undefined4 * param_2)","278"
"FUN_004d18a0","004d18a0","undefined FUN_004d18a0(int param_1\, int param_2)","1098"
"FUN_004d1cf0","004d1cf0","undefined4 FUN_004d1cf0(undefined4 param_1\, undefined4 param_2\, int param_3)","384"
"FUN_004d1ea0","004d1ea0","float10 FUN_004d1ea0(float param_1\, float param_2)","54"
"FUN_004d1ee0","004d1ee0","ulonglong FUN_004d1ee0(float param_1)","320"
"FUN_004d2040","004d2040","undefined FUN_004d2040(float * param_1)","28"
"FUN_004d2100","004d2100","undefined FUN_004d2100(int param_1)","162"
"FUN_004d21b0","004d21b0","undefined FUN_004d21b0(int param_1)","219"
"FUN_004d22b0","004d22b0","undefined * FUN_004d22b0(void)","52"
"FreeTorpedoPacket","004d22f0","undefined FreeTorpedoPacket(undefined4 * param_1)","90"
"FUN_004d2350","004d2350","undefined FUN_004d2350(byte * param_1\, uint param_2)","130"
"FUN_004d23e0","004d23e0","undefined4 FUN_004d23e0(int param_1)","72"
"FUN_004d2430","004d2430","int FUN_004d2430(void)","91"
"FUN_004d2490","004d2490","undefined FUN_004d2490(int param_1\, int param_2\, char param_3)","85"
"FUN_004d24f0","004d24f0","undefined FUN_004d24f0(uint param_1)","1271"
"FUN_004d29f0","004d29f0","int FUN_004d29f0(int param_1\, float * param_2\, float param_3\, undefined1 * param_4)","573"
"FUN_004d2c40","004d2c40","undefined FUN_004d2c40(int param_1\, int param_2)","746"
"FUN_004d2f90","004d2f90","undefined FUN_004d2f90(int param_1\, int param_2)","438"
"FUN_004d3150","004d3150","undefined FUN_004d3150(float param_1)","204"
"FUN_004d3220","004d3220","undefined FUN_004d3220(undefined4 param_1\, undefined4 param_2\, int param_3\, float * param_4\, float param_5)","546"
"FUN_004d3460","004d3460","undefined FUN_004d3460(int param_1)","41"
"FUN_004d3490","004d3490","undefined FUN_004d3490(int * param_1)","340"
"FUN_004d3620","004d3620","undefined FUN_004d3620(float param_1)","102"
"FUN_004d3690","004d3690","undefined FUN_004d3690(int param_1)","196"
"FUN_004d3760","004d3760","int FUN_004d3760(float * param_1)","133"
"FUN_004d3800","004d3800","undefined FUN_004d3800(float param_1\, int param_2\, undefined4 param_3)","1820"
"FUN_004d3f20","004d3f20","undefined FUN_004d3f20(int param_1)","663"
"FUN_004d4380","004d4380","int FUN_004d4380(byte * param_1)","197"
"FUN_004d4450","004d4450","undefined FUN_004d4450(int param_1)","77"
"FUN_004d44a0","004d44a0","undefined FUN_004d44a0(int param_1\, int param_2)","650"
"FUN_004d4810","004d4810","undefined FUN_004d4810(int param_1)","363"
"FUN_004d4980","004d4980","undefined FUN_004d4980(int param_1)","373"
"FUN_004d4b00","004d4b00","undefined FUN_004d4b00(uint param_1)","424"
"FUN_004d4ce0","004d4ce0","undefined FUN_004d4ce0(int param_1)","215"
"FUN_004d4dc0","004d4dc0","undefined FUN_004d4dc0(int param_1\, float param_2)","1102"
"FUN_004d5210","004d5210","undefined FUN_004d5210(float * param_1\, float param_2\, float param_3)","685"
"FUN_004d54c0","004d54c0","int FUN_004d54c0(int param_1)","131"
"FUN_004d55d0","004d55d0","ulonglong FUN_004d55d0(float param_1)","320"
"FUN_004d5770","004d5770","undefined FUN_004d5770(int param_1)","160"
"FUN_004d5810","004d5810","undefined FUN_004d5810(int param_1)","217"
"FUN_004d58f0","004d58f0","undefined FUN_004d58f0(int param_1)","219"
"FUN_004d59d0","004d59d0","undefined FUN_004d59d0(int param_1)","215"
"FUN_004d5b00","004d5b00","undefined4 FUN_004d5b00(int param_1)","460"
"FUN_004d5d20","004d5d20","undefined FUN_004d5d20(void)","303"
"FUN_004d5f00","004d5f00","int FUN_004d5f00(int param_1\, float * param_2\, float param_3\, float * param_4\, int * param_5\, int param_6)","311"
"FUN_004d6060","004d6060","undefined FUN_004d6060(undefined4 param_1\, undefined4 param_2\, float param_3\, int param_4)","3774"
"FUN_004d6f20","004d6f20","undefined FUN_004d6f20(undefined4 * param_1)","165"
"FUN_004d6fd0","004d6fd0","undefined FUN_004d6fd0(int param_1)","133"
"FUN_004d70f0","004d70f0","undefined FUN_004d70f0(undefined4 param_1\, uint param_2\, int param_3\, float param_4)","172"
"FUN_004d71a0","004d71a0","undefined FUN_004d71a0(undefined4 param_1\, undefined4 param_2\, int param_3)","833"
"FUN_004d7620","004d7620","undefined FUN_004d7620(int param_1\, undefined4 param_2\, undefined4 * param_3)","126"
"FUN_004d7800","004d7800","undefined FUN_004d7800(char * param_1\, uint * param_2)","300"
"FUN_004d7930","004d7930","undefined FUN_004d7930(float * param_1\, float * param_2\, float param_3\, int param_4\, float param_5\, float param_6\, float param_7\, float param_8)","1672"
"FUN_004d7fc0","004d7fc0","undefined FUN_004d7fc0(void)","442"
"FUN_004d8280","004d8280","undefined FUN_004d8280(undefined4 * param_1)","95"
"FUN_004d8510","004d8510","undefined FUN_004d8510(void)","278"
"FUN_004d8630","004d8630","undefined FUN_004d8630(void)","820"
"FUN_004d8990","004d8990","undefined FUN_004d8990(void)","239"
"FUN_004d8a90","004d8a90","undefined FUN_004d8a90(void)","90"
"FUN_004d8af0","004d8af0","int * FUN_004d8af0(void)","540"
"FUN_004d8d70","004d8d70","undefined FUN_004d8d70(void)","208"
"FUN_004d8e40","004d8e40","undefined FUN_004d8e40(int param_1)","118"
"FUN_004d8ec0","004d8ec0","undefined FUN_004d8ec0(void)","942"
"FUN_004d9280","004d9280","undefined FUN_004d9280(void)","261"
"FUN_004d9390","004d9390","undefined FUN_004d9390(void)","282"
"FUN_004d94b0","004d94b0","int FUN_004d94b0(void)","52"
"FUN_004d94f0","004d94f0","undefined FUN_004d94f0(float * param_1\, undefined4 param_2\, int param_3)","539"
"FUN_004d9760","004d9760","undefined4 FUN_004d9760(undefined4 param_1\, undefined4 param_2\, undefined4 * param_3\, int param_4)","1897"
"FUN_004d9ed0","004d9ed0","undefined FUN_004d9ed0(void)","181"
"FUN_004d9f90","004d9f90","undefined FUN_004d9f90(void)","8"
"FUN_004d9fa0","004d9fa0","undefined FUN_004d9fa0(int param_1\, undefined4 * param_2\, int param_3\, float param_4)","1038"
"FUN_004da6c0","004da6c0","undefined FUN_004da6c0(undefined4 param_1\, undefined4 param_2\, float param_3)","500"
"FUN_004da8c0","004da8c0","undefined FUN_004da8c0(undefined4 param_1\, undefined4 param_2\, int param_3)","399"
"FUN_004daa70","004daa70","undefined4 FUN_004daa70(int param_1)","55"
"FUN_004daab0","004daab0","undefined FUN_004daab0(undefined4 param_1\, undefined4 param_2\, int param_3)","49"
"FUN_004db280","004db280","undefined4 FUN_004db280(undefined4 param_1\, int param_2\, int param_3\, undefined4 param_4\, undefined4 param_5\, int param_6)","1165"
"FUN_004db740","004db740","undefined FUN_004db740(int param_1\, int param_2)","1054"
"FUN_004dbb60","004dbb60","float10 FUN_004dbb60(int param_1)","28"
"FUN_004dbb80","004dbb80","float10 FUN_004dbb80(int param_1)","91"
"FUN_004dbbe0","004dbbe0","undefined FUN_004dbbe0(int param_1\, byte * param_2)","241"
"FUN_004dbf80","004dbf80","undefined FUN_004dbf80(undefined4 param_1\, undefined4 param_2)","461"
"FUN_004dc150","004dc150","undefined4 FUN_004dc150(undefined4 param_1\, int param_2)","437"
"FUN_004dc310","004dc310","undefined FUN_004dc310(int param_1)","542"
"FUN_004dc530","004dc530","undefined FUN_004dc530(void)","261"
"FUN_004dcf70","004dcf70","undefined FUN_004dcf70(undefined4 param_1\, undefined4 param_2)","256"
"FUN_004dd110","004dd110","undefined FUN_004dd110(void)","78"
"FUN_004dd2f0","004dd2f0","undefined FUN_004dd2f0(int param_1)","139"
"FUN_004dd3b0","004dd3b0","undefined FUN_004dd3b0(int param_1)","208"
"FUN_004dd480","004dd480","undefined FUN_004dd480(void)","94"
"FUN_004dd810","004dd810","undefined4 FUN_004dd810(undefined4 param_1\, undefined4 param_2\, int param_3\, int param_4\, int param_5\, int param_6)","1135"
"FUN_004ddc80","004ddc80","undefined FUN_004ddc80(void)","1"
"FUN_004ddcb0","004ddcb0","undefined4 FUN_004ddcb0(int param_1)","64"
"FUN_004ddcf0","004ddcf0","undefined FUN_004ddcf0(void)","105"
"FUN_004ddd60","004ddd60","undefined FUN_004ddd60(void)","134"
"FUN_004dddf0","004dddf0","undefined FUN_004dddf0(void)","56"
"FUN_004dde30","004dde30","undefined FUN_004dde30(int param_1)","687"
"FUN_004de100","004de100","undefined4 FUN_004de100(int param_1\, undefined4 param_2\, void * param_3\, float param_4)","406"
"FUN_004de2a0","004de2a0","undefined FUN_004de2a0(void)","185"
"FUN_004de360","004de360","undefined FUN_004de360(int param_1)","963"
"FUN_004de740","004de740","undefined FUN_004de740(int param_1)","656"
"FUN_004de9d0","004de9d0","undefined FUN_004de9d0(int param_1)","245"
"FUN_004dead0","004dead0","undefined FUN_004dead0(int param_1)","1087"
"FUN_004def30","004def30","undefined4 * FUN_004def30(void)","357"
"FUN_004df0c0","004df0c0","undefined FUN_004df0c0(int param_1)","90"
"FUN_004df9b0","004df9b0","undefined FUN_004df9b0(void)","666"
"FUN_004dfc90","004dfc90","undefined FUN_004dfc90(int param_1)","105"
"FUN_004dfd00","004dfd00","undefined FUN_004dfd00(int param_1)","229"
"FUN_004dfff0","004dfff0","undefined FUN_004dfff0(int param_1)","391"
"FUN_004e01b0","004e01b0","undefined FUN_004e01b0(int param_1)","1326"
"FUN_004e06e0","004e06e0","undefined FUN_004e06e0(int param_1)","361"
"FUN_004e0850","004e0850","int FUN_004e0850(undefined4 param_1\, int param_2)","83"
"FUN_004e08b0","004e08b0","undefined FUN_004e08b0(int param_1)","652"
"FUN_004e1260","004e1260","undefined FUN_004e1260(int param_1)","507"
"FUN_004e1460","004e1460","undefined4 FUN_004e1460(int param_1)","229"
"FUN_004e1550","004e1550","undefined FUN_004e1550(void)","107"
"FUN_004e15c0","004e15c0","undefined FUN_004e15c0(int param_1)","2398"
"FUN_004e2300","004e2300","undefined4 FUN_004e2300(void)","101"
"FUN_004e23a0","004e23a0","bool FUN_004e23a0(void)","13"
"FUN_004e23e0","004e23e0","undefined FUN_004e23e0(int param_1)","231"
"FUN_004e25f0","004e25f0","undefined FUN_004e25f0(float param_1)","333"
"FUN_004e2b20","004e2b20","undefined FUN_004e2b20(int param_1)","311"
"FUN_004e2cf0","004e2cf0","undefined FUN_004e2cf0(int param_1)","81"
"FUN_004e2f80","004e2f80","undefined FUN_004e2f80(int param_1)","177"
"FUN_004e3440","004e3440","undefined FUN_004e3440(void)","251"
"FUN_004e36d0","004e36d0","undefined FUN_004e36d0(undefined4 * param_1)","313"
"FUN_004e3810","004e3810","undefined FUN_004e3810(int param_1)","121"
"FUN_004e3890","004e3890","undefined FUN_004e3890(int param_1)","250"
"FUN_004e3a00","004e3a00","undefined4 FUN_004e3a00(int param_1\, int param_2\, float param_3\, int param_4\, int param_5\, int param_6)","546"
"FUN_004e3c30","004e3c30","undefined FUN_004e3c30(void)","82"
"FUN_004e3c90","004e3c90","undefined FUN_004e3c90(void)","281"
"FUN_004e4220","004e4220","undefined FUN_004e4220(undefined4 param_1\, byte * param_2)","64"
"FUN_004e4350","004e4350","undefined FUN_004e4350(int param_1)","276"
"FUN_004e4a40","004e4a40","undefined FUN_004e4a40(int param_1)","56"
"FUN_004e4a80","004e4a80","undefined4 FUN_004e4a80(int param_1)","48"
"FUN_004e4bb0","004e4bb0","undefined FUN_004e4bb0(int param_1)","67"
"FUN_004e4c10","004e4c10","undefined FUN_004e4c10(void)","465"
"FUN_004e4f80","004e4f80","undefined FUN_004e4f80(int param_1)","219"
"FUN_004e5060","004e5060","undefined FUN_004e5060(int param_1)","203"
"FUN_004e5240","004e5240","undefined FUN_004e5240(undefined4 param_1\, undefined4 param_2\, int param_3)","307"
"FUN_004e5380","004e5380","undefined FUN_004e5380(void)","89"
"FUN_004e54d0","004e54d0","undefined FUN_004e54d0(int param_1)","73"
"FUN_004e55c0","004e55c0","undefined FUN_004e55c0(void)","98"
"FUN_004e5660","004e5660","undefined4 FUN_004e5660(void)","264"
"FUN_004e5770","004e5770","undefined FUN_004e5770(int param_1)","946"
"FUN_004e5ba0","004e5ba0","undefined FUN_004e5ba0(int param_1)","751"
"FUN_004e5ec0","004e5ec0","undefined FUN_004e5ec0(float * param_1\, undefined4 param_2)","36"
"FUN_004e5fe0","004e5fe0","undefined FUN_004e5fe0(void)","21"
"FUN_004e6000","004e6000","undefined FUN_004e6000(int param_1\, uint param_2)","600"
"FUN_004e6260","004e6260","undefined FUN_004e6260(void)","250"
"FUN_004e6410","004e6410","undefined FUN_004e6410(int param_1)","81"
"FUN_004e6590","004e6590","undefined FUN_004e6590(void)","100"
"FUN_004e66c0","004e66c0","undefined FUN_004e66c0(int param_1)","535"
"FUN_004e68f0","004e68f0","undefined FUN_004e68f0(int param_1)","630"
"FUN_004e6b70","004e6b70","undefined FUN_004e6b70(void)","450"
"FUN_004e6d40","004e6d40","undefined FUN_004e6d40(int param_1)","505"
"FUN_004e6f40","004e6f40","undefined FUN_004e6f40(void)","12"
"FUN_004e7090","004e7090","undefined FUN_004e7090(int param_1)","409"
"FUN_004e73d0","004e73d0","undefined FUN_004e73d0(void)","595"
"FUN_004e7630","004e7630","undefined FUN_004e7630(int param_1)","425"
"FUN_004e82b0","004e82b0","undefined FUN_004e82b0(int param_1)","82"
"FUN_004e8380","004e8380","undefined4 FUN_004e8380(int param_1\, int param_2\, float * param_3)","129"
"FUN_004e8420","004e8420","undefined FUN_004e8420(int param_1)","148"
"FUN_004e8640","004e8640","undefined FUN_004e8640(void)","13"
"FUN_004e8650","004e8650","undefined FUN_004e8650(void)","624"
"FUN_004e8d50","004e8d50","undefined FUN_004e8d50(void)","598"
"FUN_004e9000","004e9000","undefined4 FUN_004e9000(float param_1\, byte * param_2)","220"
"FUN_004e90e0","004e90e0","undefined FUN_004e90e0(void)","979"
"FUN_004e94c0","004e94c0","undefined4 FUN_004e94c0(int param_1)","816"
"FUN_004e9980","004e9980","undefined FUN_004e9980(void)","384"
"FUN_004ea050","004ea050","int FUN_004ea050(float param_1)","191"
"FUN_004ea8e0","004ea8e0","float10 FUN_004ea8e0(int param_1)","90"
"FUN_004eab80","004eab80","undefined FUN_004eab80(int param_1)","765"
"FUN_004eae80","004eae80","undefined FUN_004eae80(void)","154"
"FUN_004ebbe0","004ebbe0","undefined FUN_004ebbe0(void)","112"
"FUN_004ebc50","004ebc50","undefined FUN_004ebc50(int param_1)","48"
"FUN_004ebd10","004ebd10","undefined FUN_004ebd10(int param_1)","142"
"FUN_004ec330","004ec330","undefined FUN_004ec330(int param_1)","81"
"FUN_004ec420","004ec420","undefined FUN_004ec420(void)","901"
"FUN_004ec7b0","004ec7b0","undefined4 FUN_004ec7b0(int param_1)","39"
"FUN_004ec7e0","004ec7e0","undefined FUN_004ec7e0(void)","867"
"FUN_004ecb50","004ecb50","undefined FUN_004ecb50(int param_1)","702"
"FUN_004ece10","004ece10","int FUN_004ece10(undefined4 param_1\, int param_2)","83"
"FUN_004ece70","004ece70","undefined FUN_004ece70(int param_1\, uint param_2\, int param_3)","2086"
"FUN_004ed6e0","004ed6e0","undefined FUN_004ed6e0(int param_1)","549"
"FUN_004edfe0","004edfe0","undefined FUN_004edfe0(int param_1)","185"
"FUN_004ee4c0","004ee4c0","undefined FUN_004ee4c0(int param_1)","1154"
"FUN_004eeb10","004eeb10","undefined FUN_004eeb10(float * param_1\, float * param_2\, int param_3)","641"
"FUN_004eeda0","004eeda0","undefined FUN_004eeda0(void)","1"
"FUN_004eedc0","004eedc0","undefined FUN_004eedc0(void)","1"
"_NuMemAllocFn","004eef40","int * _NuMemAllocFn(uint param_1\, char * param_2\, int param_3)","471"
"_NuMemFreeFn","004ef280","undefined _NuMemFreeFn(int param_1)","450"
"_NuMemDumpFn","004ef5c0","undefined _NuMemDumpFn(undefined4 param_1)","98"
"_NuMemCpy","004ef660","undefined _NuMemCpy(undefined1 * param_1\, undefined1 * param_2\, int param_3)","84"
"FUN_004ef6e0","004ef6e0","undefined FUN_004ef6e0(void * param_1\, byte param_2\, int param_3)","25"
"FUN_004ef790","004ef790","undefined FUN_004ef790(void)","1"
"FUN_004ef7b0","004ef7b0","undefined FUN_004ef7b0(void)","1"
"FUN_004ef870","004ef870","undefined FUN_004ef870(void)","27"
"FUN_004ef8a0","004ef8a0","undefined FUN_004ef8a0(undefined4 param_1\, int * param_2\, uint * param_3\, uint * param_4\, int param_5)","177"
"FUN_004efa40","004efa40","uint * FUN_004efa40(void * this\, int * param_1\, uint * param_2\, int param_3)","179"
"FUN_004efb00","004efb00","undefined FUN_004efb00(uint * param_1\, uint param_2)","227"
"FUN_004efdf0","004efdf0","undefined FUN_004efdf0(int param_1\, char * param_2)","112"
"FUN_004efec0","004efec0","undefined FUN_004efec0(int param_1\, char * param_2)","106"
"FUN_004eff30","004eff30","undefined4 FUN_004eff30(void)","6"
"FUN_004effb0","004effb0","undefined FUN_004effb0(undefined4 * param_1)","124"
"FUN_004f01f0","004f01f0","undefined4 FUN_004f01f0(int param_1)","59"
"FUN_004f0230","004f0230","undefined FUN_004f0230(void)","156"
"FUN_004f02d0","004f02d0","int FUN_004f02d0(int param_1\, int param_2\, int param_3)","113"
"FUN_004f0360","004f0360","undefined4 FUN_004f0360(int param_1)","19"
"FUN_004f0380","004f0380","size_t FUN_004f0380(int param_1\, void * param_2\, size_t param_3)","77"
"FUN_004f03d0","004f03d0","undefined FUN_004f03d0(int param_1\, void * param_2\, size_t param_3)","66"
"FUN_004f04b0","004f04b0","undefined FUN_004f04b0(int param_1\, undefined4 param_2)","126"
"FUN_004f0530","004f0530","undefined FUN_004f0530(int param_1\, undefined4 param_2)","126"
"FUN_004f0750","004f0750","undefined FUN_004f0750(int param_1\, char * param_2)","93"
"FUN_004f0a80","004f0a80","undefined8 FUN_004f0a80(int * param_1\, uint param_2)","38"
"FUN_004f0ae0","004f0ae0","undefined8 FUN_004f0ae0(int param_1\, uint param_2\, int param_3\, int param_4)","130"
"FUN_004f0bd0","004f0bd0","int FUN_004f0bd0(void)","107"
"FUN_004f0c40","004f0c40","int FUN_004f0c40(int param_1\, undefined4 param_2)","98"
"FUN_004f0cb0","004f0cb0","int FUN_004f0cb0(int param_1)","65"
"_NuDatSet","004f0d40","undefined4 _NuDatSet(undefined4 param_1)","16"
"FUN_004f0d50","004f0d50","undefined4 FUN_004f0d50(void)","6"
"FUN_004f0de0","004f0de0","int FUN_004f0de0(int param_1\, byte * param_2)","33"
"FUN_004f0e10","004f0e10","undefined FUN_004f0e10(undefined4 param_1\, int param_2\, int param_3)","54"
"FUN_004f0e60","004f0e60","uint FUN_004f0e60(int * param_1)","159"
"FUN_004f0f30","004f0f30","undefined4 FUN_004f0f30(int * param_1\, int param_2\, int * param_3\, int * param_4)","114"
"FUN_004f0fb0","004f0fb0","undefined4 FUN_004f0fb0(int * param_1\, int param_2\, uint param_3)","97"
"FUN_004f10e0","004f10e0","undefined4 FUN_004f10e0(int param_1\, undefined4 param_2)","63"
"FUN_004f1120","004f1120","undefined4 FUN_004f1120(int param_1\, undefined4 param_2)","63"
"FUN_004f1160","004f1160","undefined4 FUN_004f1160(int param_1\, undefined4 param_2\, undefined4 param_3)","63"
"FUN_004f11e0","004f11e0","undefined FUN_004f11e0(int param_1)","24"
"FUN_004f1200","004f1200","undefined4 FUN_004f1200(undefined4 param_1)","16"
"FUN_004f1240","004f1240","int * FUN_004f1240(void)","134"
"FUN_004f12e0","004f12e0","undefined FUN_004f12e0(undefined4 * param_1)","11"
"FUN_004f12f0","004f12f0","int FUN_004f12f0(undefined4 * param_1)","26"
"FUN_004f1310","004f1310","undefined FUN_004f1310(int * param_1\, undefined4 * param_2)","40"
"FUN_004f1340","004f1340","undefined FUN_004f1340(int * param_1\, int * param_2)","40"
"FUN_004f1410","004f1410","undefined FUN_004f1410(int * param_1\, int * param_2)","47"
"FUN_004f1440","004f1440","undefined4 FUN_004f1440(undefined4 * param_1)","7"
"FUN_004f1450","004f1450","undefined4 FUN_004f1450(int param_1)","8"
"FUN_004f1460","004f1460","undefined4 FUN_004f1460(undefined4 * param_1\, undefined4 * param_2)","15"
"FUN_004f1470","004f1470","undefined4 FUN_004f1470(int param_1\, int param_2)","16"
"FUN_004f1730","004f1730","undefined4 FUN_004f1730(float * param_1\, float * param_2)","67"
"FUN_004f1780","004f1780","undefined4 FUN_004f1780(void * param_1)","178"
"FUN_004f1840","004f1840","undefined FUN_004f1840(void * this\, int param_1)","39"
"FUN_004f1870","004f1870","int FUN_004f1870(void * this\, undefined2 param_1)","66"
"FUN_004f18c0","004f18c0","undefined4 FUN_004f18c0(void * param_1\, int param_2\, float * param_3\, float * param_4\, void * param_5\, int param_6)","965"
"FUN_004f1c90","004f1c90","undefined FUN_004f1c90(void * param_1\, void * param_2\, float param_3\, undefined4 param_4\, undefined4 param_5\, undefined4 param_6)","98"
"_NuStrCat","004f1e80","undefined _NuStrCat(char * param_1\, char * param_2)","51"
"FUN_004f1ec0","004f1ec0","int FUN_004f1ec0(char * param_1\, char * param_2\, int param_3)","73"
"_NuStrCpy","004f1f10","int _NuStrCpy(char * param_1\, char * param_2)","42"
"FUN_004f1f40","004f1f40","int FUN_004f1f40(char * param_1\, char * param_2\, int param_3)","75"
"FUN_004f1f90","004f1f90","char * FUN_004f1f90(char * param_1\, char param_2)","33"
"FUN_004f1fc0","004f1fc0","char * FUN_004f1fc0(char * param_1\, char param_2)","43"
"FUN_004f1ff0","004f1ff0","int FUN_004f1ff0(char * param_1)","28"
"FUN_004f2010","004f2010","int FUN_004f2010(char * param_1)","57"
"FUN_004f2050","004f2050","undefined FUN_004f2050(char * param_1\, int param_2)","78"
"FUN_004f20a0","004f20a0","char * FUN_004f20a0(char * param_1\, char * param_2)","77"
"FUN_004f20f0","004f20f0","undefined4 FUN_004f20f0(char * param_1\, char * param_2)","57"
"FUN_004f2130","004f2130","undefined4 FUN_004f2130(char * param_1\, char * param_2\, int param_3)","103"
"FUN_004f2280","004f2280","int FUN_004f2280(short * param_1\, short * param_2)","48"
"FUN_004f2370","004f2370","int FUN_004f2370(short * param_1)","26"
"FUN_004f24e0","004f24e0","undefined4 FUN_004f24e0(ushort * param_1\, ushort * param_2)","133"
"FUN_004f26e0","004f26e0","undefined FUN_004f26e0(short * param_1\, short * param_2)","76"
"_vsprintf","004f2730","thunk int _vsprintf(char * _Dest\, char * _Format\, va_list _Args)","5"
"_NuSPrintf","004f2740","undefined _NuSPrintf(char * param_1\, char * param_2\, ...)","43"
"FUN_004f2770","004f2770","undefined4 FUN_004f2770(undefined1 param_1)","36"
"FUN_004f2860","004f2860","undefined FUN_004f2860(int param_1\, char * param_2\, int param_3)","121"
"FUN_004f28e0","004f28e0","float10 FUN_004f28e0(char * param_1)","191"
"FUN_004f29a0","004f29a0","int FUN_004f29a0(char * param_1)","70"
"FUN_004f2b20","004f2b20","undefined FUN_004f2b20(int param_1\, short * param_2\, int param_3)","122"
"FUN_004f2ba0","004f2ba0","float10 FUN_004f2ba0(ushort * param_1)","204"
"FUN_004f2d80","004f2d80","byte FUN_004f2d80(byte param_1)","21"
"FUN_004f2dc0","004f2dc0","undefined FUN_004f2dc0(undefined1 * param_1\, ushort * param_2)","147"
"FUN_004f2e60","004f2e60","undefined FUN_004f2e60(byte * param_1\, ushort * param_2)","124"
"FUN_004f2ee0","004f2ee0","undefined FUN_004f2ee0(undefined2 * param_1\, byte * param_2)","53"
"FUN_004f2f20","004f2f20","undefined FUN_004f2f20(ushort * param_1\, byte * param_2)","170"
"FUN_004f2fd0","004f2fd0","byte * FUN_004f2fd0(ushort * param_1\, byte * param_2)","147"
"FUN_004f3070","004f3070","byte * FUN_004f3070(byte * param_1\, uint param_2)","90"
"FUN_004f30d0","004f30d0","undefined FUN_004f30d0(undefined4 param_1)","10"
"FUN_004f30f0","004f30f0","undefined FUN_004f30f0(uint param_1)","16"
"FUN_004f3460","004f3460","undefined4 FUN_004f3460(void)","84"
"FUN_004f34f0","004f34f0","short * FUN_004f34f0(short * param_1\, short * param_2\, int * param_3\, int param_4)","342"
"FUN_004f3650","004f3650","undefined FUN_004f3650(short * param_1\, short * param_2\, short * param_3)","212"
"FUN_004f3730","004f3730","undefined FUN_004f3730(byte * param_1\, byte * param_2\, byte * param_3)","130"
"FUN_004f37c0","004f37c0","undefined FUN_004f37c0(int param_1\, byte * param_2)","948"
"FUN_004f3bb0","004f3bb0","float10 FUN_004f3bb0(void)","7"
"FUN_004f3bd0","004f3bd0","undefined FUN_004f3bd0(int * param_1)","18"
"FUN_004f3bf0","004f3bf0","undefined FUN_004f3bf0(int * param_1\, uint * param_2\, uint * param_3)","58"
"FUN_004f3c30","004f3c30","float10 FUN_004f3c30(int * param_1)","102"
"FUN_004f3ca0","004f3ca0","float10 FUN_004f3ca0(int * param_1)","108"
"FUN_004f3d10","004f3d10","float10 FUN_004f3d10(int * param_1)","108"
"_NuAPIInit","004f3db0","undefined _NuAPIInit(void)","112"
"FUN_004f3e20","004f3e20","undefined FUN_004f3e20(void)","32"
"FUN_004f3f50","004f3f50","undefined FUN_004f3f50(undefined4 param_1\, char * param_2)","197"
"FUN_004f4040","004f4040","undefined FUN_004f4040(undefined4 param_1)","10"
"_NuCommandLine","004f4060","undefined _NuCommandLine(undefined4 * param_1\, undefined4 * param_2)","24"
"FUN_004f40a0","004f40a0","undefined FUN_004f40a0(void * this\, int * param_1)","112"
"FUN_004f4110","004f4110","undefined FUN_004f4110(void * param_1)","221"
"FUN_004f41f0","004f41f0","int * FUN_004f41f0(int param_1\, int param_2)","105"
"FUN_004f4280","004f4280","float10 FUN_004f4280(float param_1)","71"
"FUN_004f42d0","004f42d0","undefined FUN_004f42d0(int param_1\, int param_2)","109"
"FUN_004f4340","004f4340","undefined FUN_004f4340(int param_1\, undefined1 param_2)","21"
"FUN_004f4370","004f4370","undefined FUN_004f4370(int param_1)","1038"
"_NuPadSetMaxGamePads","004f4790","undefined _NuPadSetMaxGamePads(undefined4 param_1)","10"
"FUN_004f47f0","004f47f0","undefined FUN_004f47f0(int param_1\, int param_2)","231"
"FUN_004f48e0","004f48e0","undefined4 FUN_004f48e0(int param_1)","31"
"FUN_004f4920","004f4920","undefined FUN_004f4920(void)","122"
"FUN_004f49b0","004f49b0","int FUN_004f49b0(int * param_1)","528"
"FUN_004f4c10","004f4c10","undefined FUN_004f4c10(int param_1)","95"
"FUN_004f4c80","004f4c80","undefined FUN_004f4c80(void)","110"
"FUN_004f4cf0","004f4cf0","undefined FUN_004f4cf0(byte * param_1)","510"
"FUN_004f4f40","004f4f40","int * FUN_004f4f40(int * param_1)","50"
"FUN_004f4fc0","004f4fc0","undefined4 FUN_004f4fc0(void)","6"
"FUN_004f4fd0","004f4fd0","undefined4 FUN_004f4fd0(void)","6"
"FUN_004f5100","004f5100","undefined4 FUN_004f5100(void)","6"
"FUN_004f5110","004f5110","undefined FUN_004f5110(void)","1"
"FUN_004f5120","004f5120","undefined FUN_004f5120(undefined4 param_1)","16"
"FUN_004f5240","004f5240","undefined4 FUN_004f5240(void)","6"
"FUN_004f5250","004f5250","undefined FUN_004f5250(undefined4 param_1)","10"
"FUN_004f5260","004f5260","undefined4 FUN_004f5260(void)","6"
"_NuRegionSet","004f5270","undefined _NuRegionSet(undefined4 param_1)","10"
"FUN_004f52a0","004f52a0","undefined4 FUN_004f52a0(void)","34"
"FUN_004f5310","004f5310","int FUN_004f5310(char param_1)","36"
"FUN_004f5380","004f5380","undefined FUN_004f5380(void)","1098"
"FUN_004f5880","004f5880","uint FUN_004f5880(int * param_1)","151"
"FUN_004f5950","004f5950","uint FUN_004f5950(void)","287"
"FUN_004f5ab0","004f5ab0","uint FUN_004f5ab0(uint * param_1)","191"
"FUN_004f5be0","004f5be0","undefined FUN_004f5be0(undefined4 param_1)","47"
"FUN_004f5c10","004f5c10","undefined FUN_004f5c10(char * param_1)","67"
"FUN_004f5d00","004f5d00","undefined FUN_004f5d00(uint param_1)","117"
"FUN_004f5e30","004f5e30","undefined FUN_004f5e30(char * param_1)","119"
"FUN_004f5eb0","004f5eb0","undefined FUN_004f5eb0(char * param_1)","125"
"FUN_004f5f30","004f5f30","int FUN_004f5f30(void)","149"
"FUN_004f6000","004f6000","undefined FUN_004f6000(uint param_1\, int param_2\, uint param_3\, int param_4)","643"
"FUN_004f6740","004f6740","undefined FUN_004f6740(int * param_1\, void * param_2\, int param_3)","26"
"FUN_004f6760","004f6760","undefined FUN_004f6760(void)","177"
"FUN_004f6900","004f6900","undefined FUN_004f6900(char * param_1)","42"
"FUN_004f6930","004f6930","undefined FUN_004f6930(void * this\, char * param_1)","111"
"FUN_004f6b40","004f6b40","longlong FUN_004f6b40(int param_1)","116"
"FUN_004f6bc0","004f6bc0","undefined FUN_004f6bc0(int param_1)","86"
"FUN_004f6c20","004f6c20","longlong FUN_004f6c20(int param_1)","68"
"FUN_004f6c70","004f6c70","longlong FUN_004f6c70(int param_1\, uint param_2\, int param_3\, int param_4)","148"
"FUN_004f6d10","004f6d10","longlong FUN_004f6d10(int param_1)","139"
"FUN_004f6de0","004f6de0","longlong FUN_004f6de0(int param_1\, uint param_2\, int param_3\, int param_4)","190"
"FUN_004f6f60","004f6f60","longlong FUN_004f6f60(int param_1)","329"
"FUN_004f75f0","004f75f0","int FUN_004f75f0(int param_1\, uint param_2)","251"
"FUN_004f76f0","004f76f0","int FUN_004f76f0(int param_1\, char * param_2)","214"
"FUN_004f77d0","004f77d0","undefined4 FUN_004f77d0(void * this\, char * param_1)","81"
"FUN_004f7830","004f7830","undefined FUN_004f7830(char param_1\, char param_2)","113"
"_NuFileExtInit","004f78b0","undefined _NuFileExtInit(void)","954"
"FUN_004f7c70","004f7c70","char * FUN_004f7c70(char * param_1)","84"
"FUN_004f7cf0","004f7cf0","undefined4 FUN_004f7cf0(char * param_1\, char * param_2)","150"
"FUN_004f7df0","004f7df0","uint FUN_004f7df0(int param_1)","423"
"FUN_004f7fb0","004f7fb0","undefined FUN_004f7fb0(int param_1)","335"
"FUN_004f8100","004f8100","undefined FUN_004f8100(int param_1)","149"
"FUN_004f81a0","004f81a0","undefined FUN_004f81a0(int param_1\, float * param_2)","179"
"FUN_004f8260","004f8260","undefined FUN_004f8260(int param_1\, int * param_2)","164"
"FUN_004f8310","004f8310","undefined FUN_004f8310(int param_1)","182"
"FUN_004f8420","004f8420","undefined FUN_004f8420(undefined4 * param_1)","744"
"FUN_004f8790","004f8790","float10 FUN_004f8790(int * param_1)","115"
"FUN_004f8830","004f8830","float10 FUN_004f8830(void)","80"
"FUN_004f8880","004f8880","float10 FUN_004f8880(int * param_1)","82"
"FUN_004f88e0","004f88e0","undefined FUN_004f88e0(undefined4 param_1\, undefined4 param_2)","48"
"FUN_004f8a70","004f8a70","char * FUN_004f8a70(char * param_1\, byte * param_2)","120"
"FUN_004f8b10","004f8b10","undefined4 FUN_004f8b10(byte * param_1\, byte * param_2)","100"
"FUN_004f8b80","004f8b80","undefined4 FUN_004f8b80(byte * param_1\, byte * param_2\, int param_3)","150"
"FUN_004f8c20","004f8c20","undefined FUN_004f8c20(byte * param_1\, byte * param_2)","59"
"FUN_004f8c60","004f8c60","undefined FUN_004f8c60(char * param_1\, char * param_2)","65"
"FUN_004f8cb0","004f8cb0","uint FUN_004f8cb0(byte * param_1)","81"
"FUN_004f8e90","004f8e90","undefined * FUN_004f8e90(byte * param_1)","123"
"FUN_004f8f10","004f8f10","undefined FUN_004f8f10(char * param_1\, char * param_2\, char * param_3\, int param_4\, char * param_5)","419"
"FUN_004f90c0","004f90c0","undefined FUN_004f90c0(char * param_1\, char * param_2\, char * param_3\, int param_4)","45"
"FUN_004f90f0","004f90f0","undefined FUN_004f90f0(float param_1)","256"
"FUN_004f91f0","004f91f0","undefined FUN_004f91f0(void)","614"
"FUN_004f9570","004f9570","undefined FUN_004f9570(uint param_1\, uint param_2\, int param_3)","319"
"FUN_004f96b0","004f96b0","undefined FUN_004f96b0(void)","349"
"FUN_004f9820","004f9820","uint FUN_004f9820(void)","151"
"FUN_004f98c0","004f98c0","undefined4 * FUN_004f98c0(byte * param_1)","113"
"_NuFileInitEx","004f9940","undefined4 _NuFileInitEx(undefined4 param_1)","123"
"_NuFileClose","004f99e0","undefined _NuFileClose(int param_1)","122"
"FUN_004f9aa0","004f9aa0","undefined FUN_004f9aa0(int param_1\, byte * param_2)","300"
"FUN_004f9bd0","004f9bd0","int FUN_004f9bd0(int * param_1\, byte * param_2\, int param_3)","425"
"FUN_004f9de0","004f9de0","int FUN_004f9de0(int * param_1\, byte * param_2)","134"
"FUN_004f9e70","004f9e70","undefined FUN_004f9e70(int param_1)","226"
"FUN_004f9f60","004f9f60","undefined FUN_004f9f60(int param_1)","181"
"FUN_004fa020","004fa020","undefined FUN_004fa020(int param_1)","347"
"FUN_004fa180","004fa180","undefined FUN_004fa180(int param_1\, undefined4 param_2)","318"
"FUN_004fa2c0","004fa2c0","undefined FUN_004fa2c0(int param_1)","55"
"FUN_004fa300","004fa300","undefined FUN_004fa300(undefined4 * param_1)","22"
"FUN_004fa320","004fa320","undefined FUN_004fa320(int param_1)","202"
"FUN_004fa3f0","004fa3f0","undefined FUN_004fa3f0(byte * param_1\, int param_2\, int * param_3\, int param_4)","504"
"FUN_004fa5f0","004fa5f0","undefined FUN_004fa5f0(byte * param_1\, int param_2)","27"
"FUN_004fa610","004fa610","uint FUN_004fa610(byte * param_1)","126"
"FUN_004fa690","004fa690","longlong FUN_004fa690(byte * param_1)","165"
"FUN_004fa740","004fa740","int FUN_004fa740(int * param_1\, byte * param_2\, uint * param_3\, undefined4 * param_4)","205"
"FUN_004fa810","004fa810","int FUN_004fa810(int param_1)","107"
"FUN_004fadd0","004fadd0","undefined FUN_004fadd0(byte * param_1)","133"
"FUN_004faea0","004faea0","int FUN_004faea0(undefined4 param_1\, void * param_2\, undefined4 param_3\, uint param_4)","180"
"FUN_004faf60","004faf60","uint FUN_004faf60(uint param_1\, void * param_2\, uint param_3)","451"
"FUN_004fb130","004fb130","undefined FUN_004fb130(void)","854"
"FUN_004fb4f0","004fb4f0","uint FUN_004fb4f0(uint param_1\, void * param_2\, uint param_3)","93"
"FUN_004fb550","004fb550","uint FUN_004fb550(uint param_1\, void * param_2\, uint param_3)","380"
"FUN_004fb730","004fb730","float10 FUN_004fb730(uint param_1)","26"
"FUN_004fb750","004fb750","undefined4 FUN_004fb750(uint param_1)","26"
"FUN_004fb7f0","004fb7f0","undefined1 FUN_004fb7f0(uint3 param_1\, uint param_2)","31"
"FUN_004fb810","004fb810","uint FUN_004fb810(uint param_1)","35"
"FUN_004fb960","004fb960","uint FUN_004fb960(int * param_1\, byte * param_2\, void * param_3\, int param_4)","474"
"FUN_004fbb40","004fbb40","undefined FUN_004fbb40(byte * param_1\, int * param_2\, int * param_3\, short param_4)","1898"
"_NuDatOpen","004fc2b0","undefined _NuDatOpen(byte * param_1\, int * param_2\, int * param_3)","26"
"FUN_004fc2d0","004fc2d0","uint FUN_004fc2d0(int * param_1)","137"
"FUN_004fc360","004fc360","short FUN_004fc360(int * param_1)","41"
"FUN_004fc390","004fc390","uint FUN_004fc390(int * param_1)","455"
"FUN_004fc5b0","004fc5b0","uint FUN_004fc5b0(int * param_1)","327"
"FUN_004fc750","004fc750","int * FUN_004fc750(uint param_1)","272"
"FUN_004fc860","004fc860","int * FUN_004fc860(byte * param_1)","94"
"FUN_004fc900","004fc900","int * FUN_004fc900(char * param_1\, int param_2\, int param_3)","181"
"FUN_004fc9c0","004fc9c0","int FUN_004fc9c0(int param_1\, uint param_2)","390"
"FUN_004fcc60","004fcc60","uint FUN_004fcc60(uint param_1\, byte * param_2\, int param_3)","997"
"FUN_004fd050","004fd050","float10 FUN_004fd050(void)","987"
"FUN_004fd550","004fd550","int * FUN_004fd550(byte * param_1)","118"
"FUN_004fd5d0","004fd5d0","uint FUN_004fd5d0(byte * param_1\, byte * param_2\, int param_3)","344"
"FUN_004fd730","004fd730","undefined FUN_004fd730(byte * param_1\, int * param_2\, int * param_3)","34"
"FUN_004fd760","004fd760","int FUN_004fd760(byte * param_1\, byte * param_2\, void * param_3\, uint param_4)","229"
"FUN_004fd850","004fd850","undefined FUN_004fd850(byte * param_1\, byte * param_2)","75"
"FUN_004fd8a0","004fd8a0","byte * FUN_004fd8a0(byte * param_1\, int * param_2\, int param_3\, int param_4\, int param_5)","332"
"FUN_004fd9f0","004fd9f0","undefined FUN_004fd9f0(byte * param_1\, int * param_2\, int param_3\, int param_4)","33"
"FUN_004fda90","004fda90","undefined FUN_004fda90(byte * param_1\, uint * param_2\, int param_3\, byte * param_4\, byte * param_5)","1260"
"FUN_004fdf80","004fdf80","undefined4 FUN_004fdf80(byte * param_1\, uint * param_2\, int param_3)","888"
"FUN_004fe390","004fe390","undefined FUN_004fe390(byte * param_1\, int * param_2\, int param_3)","656"
"FUN_004fe640","004fe640","undefined FUN_004fe640(void)","1"
"FUN_004fea50","004fea50","undefined1 * FUN_004fea50(int param_1)","53"
"FUN_004feaa0","004feaa0","undefined FUN_004feaa0(char * param_1)","172"
"FUN_004feb50","004feb50","undefined4 FUN_004feb50(void)","6"
"FUN_004feb60","004feb60","undefined FUN_004feb60(void)","11"
"FUN_004feb70","004feb70","undefined FUN_004feb70(void)","1"
"FUN_004feb90","004feb90","undefined FUN_004feb90(void)","25"
"_bgPostRequest","004fecf0","undefined4 * _bgPostRequest(undefined4 param_1\, undefined4 param_2\, void * param_3\, size_t param_4)","151"
"FUN_004feef0","004feef0","undefined FUN_004feef0(void)","162"
"FUN_004ff0a0","004ff0a0","bool FUN_004ff0a0(void)","24"
"FUN_004ff0c0","004ff0c0","undefined FUN_004ff0c0(DWORD param_1)","45"
"_NuFileInitEarly","004ff100","undefined _NuFileInitEarly(void)","31"
"thunk_FUN_004fa610","004ff120","thunk uint thunk_FUN_004fa610(byte * param_1)","5"
"FUN_004ff130","004ff130","undefined FUN_004ff130(int param_1\, char * param_2\, byte * param_3\, int param_4)","335"
"FUN_004ff2f0","004ff2f0","int FUN_004ff2f0(LPCSTR param_1\, int param_2)","130"
"_NuPSFileClose","004ff380","bool _NuPSFileClose(int param_1)","41"
"FUN_004ff3b0","004ff3b0","DWORD FUN_004ff3b0(int param_1\, LPVOID param_2\, DWORD param_3)","49"
"FUN_004ff3f0","004ff3f0","uint FUN_004ff3f0(int param_1\, LPCVOID param_2\, DWORD param_3)","53"
"FUN_004ff430","004ff430","longlong FUN_004ff430(int param_1\, undefined4 param_2\, undefined4 param_3\, int param_4)","98"
"_NuPSFileInitDevices","004ff4a0","undefined _NuPSFileInitDevices(void)","1"
"FUN_004ff7a0","004ff7a0","int FUN_004ff7a0(int param_1\, int * param_2)","382"
"FUN_004ff930","004ff930","undefined FUN_004ff930(LPCSTR param_1)","46"
"FUN_004ff970","004ff970","undefined4 FUN_004ff970(LPCSTR param_1\, uint * param_2)","218"
"_NuThreadCreateCriticalSection","004ffa60","int _NuThreadCreateCriticalSection(void)","48"
"FUN_004ffa90","004ffa90","undefined FUN_004ffa90(void)","1"
"FUN_004ffaa0","004ffaa0","undefined FUN_004ffaa0(int param_1)","30"
"_NuThreadCriticalSectionEnd","004ffac0","undefined _NuThreadCriticalSectionEnd(int param_1)","30"
"FUN_004ffae0","004ffae0","undefined8 FUN_004ffae0(void)","51"
"FUN_004ffb20","004ffb20","undefined FUN_004ffb20(int * param_1\, int * param_2)","111"
"FUN_004ffb90","004ffb90","undefined FUN_004ffb90(undefined4 * param_1\, undefined4 * param_2)","29"
"FUN_004ffbb0","004ffbb0","undefined FUN_004ffbb0(void)","101"
"FUN_004fff00","004fff00","undefined FUN_004fff00(void)","1"
"FUN_004fff10","004fff10","undefined FUN_004fff10(void)","1"
"FUN_004fff20","004fff20","undefined FUN_004fff20(void)","1"
"FUN_004fffb0","004fffb0","undefined FUN_004fffb0(undefined4 * param_1)","95"
"FUN_00500020","00500020","undefined FUN_00500020(void)","108"
"FUN_005000d0","005000d0","undefined FUN_005000d0(undefined4 param_1)","22"
"FUN_00500140","00500140","undefined FUN_00500140(uint * param_1\, uint * param_2)","121"
"FUN_005001c0","005001c0","undefined FUN_005001c0(void)","55"
"FUN_00500210","00500210","int FUN_00500210(int param_1)","17"
"FUN_00500390","00500390","undefined FUN_00500390(int param_1\, int param_2)","31"
"FUN_005003b0","005003b0","undefined FUN_005003b0(int param_1)","77"
"FUN_005004e0","005004e0","int * FUN_005004e0(byte * param_1)","58"
"FUN_00500570","00500570","undefined FUN_00500570(void)","142"
"FUN_00500600","00500600","undefined FUN_00500600(int param_1)","549"
"FUN_00500830","00500830","undefined FUN_00500830(uint * param_1\, int param_2)","359"
"FUN_005009d0","005009d0","undefined4 FUN_005009d0(int param_1\, int param_2)","133"
"FUN_00500a70","00500a70","undefined FUN_00500a70(int param_1)","29"
"FUN_00500b00","00500b00","undefined FUN_00500b00(int param_1\, uint * param_2\, int param_3)","132"
"FUN_00500b90","00500b90","undefined FUN_00500b90(void)","87"
"FUN_00500bf0","00500bf0","undefined4 * FUN_00500bf0(uint * param_1\, int * param_2)","87"
"FUN_00500c80","00500c80","undefined FUN_00500c80(int param_1\, int param_2\, int param_3\, int param_4)","207"
"FUN_00500d50","00500d50","float * FUN_00500d50(int param_1\, float * param_2\, float param_3)","253"
"FUN_00500e50","00500e50","float * FUN_00500e50(undefined4 param_1\, undefined4 param_2\, float * param_3\, float param_4\, float * param_5\, float * param_6)","474"
"FUN_00501030","00501030","ulonglong FUN_00501030(int param_1\, float param_2\, float * param_3\, float * param_4)","192"
"FUN_005010f0","005010f0","ulonglong FUN_005010f0(undefined4 param_1\, undefined4 param_2\, int param_3\, float param_4\, float * param_5\, float * param_6\, float * param_7)","327"
"FUN_00501240","00501240","int FUN_00501240(void)","67"
"FUN_00501290","00501290","int FUN_00501290(int param_1\, uint param_2)","52"
"FUN_005012d0","005012d0","int FUN_005012d0(int param_1\, int param_2)","42"
"FUN_00501300","00501300","undefined FUN_00501300(int param_1\, int * param_2)","248"
"FUN_00501400","00501400","uint * FUN_00501400(int * param_1)","313"
"FUN_00501540","00501540","undefined FUN_00501540(void * this\, int * param_1)","76"
"FUN_00501590","00501590","undefined FUN_00501590(int param_1)","162"
"FUN_00501640","00501640","undefined FUN_00501640(int param_1\, byte param_2)","280"
"FUN_00501760","00501760","undefined FUN_00501760(int * param_1)","271"
"FUN_005019c0","005019c0","undefined FUN_005019c0(int param_1\, int param_2\, undefined4 * param_3)","182"
"FUN_00501a80","00501a80","undefined FUN_00501a80(void * this\, undefined4 * param_1\, float param_2\, float * param_3)","692"
"FUN_00501d40","00501d40","undefined FUN_00501d40(void * this\, int param_1\, float param_2\, float * param_3)","337"
"FUN_00501ea0","00501ea0","undefined FUN_00501ea0(int param_1\, int param_2\, int param_3\, int param_4)","178"
"FUN_00501f60","00501f60","undefined FUN_00501f60(int param_1)","191"
"FUN_00502020","00502020","undefined FUN_00502020(int param_1)","134"
"FUN_005020e0","005020e0","uint * FUN_005020e0(void * this\, int param_1)","380"
"FUN_00502260","00502260","undefined FUN_00502260(int param_1\, float param_2\, float * param_3)","296"
"FUN_00502390","00502390","undefined FUN_00502390(float * param_1\, float param_2\, float * param_3)","644"
"FUN_00502670","00502670","undefined FUN_00502670(int * param_1\, int * param_2)","121"
"FUN_005026f0","005026f0","undefined FUN_005026f0(int * param_1)","71"
"FUN_00502740","00502740","undefined FUN_00502740(int param_1\, float param_2)","263"
"FUN_005028e0","005028e0","undefined FUN_005028e0(uint * param_1\, int param_2\, int param_3\, int param_4)","341"
"FUN_00502a60","00502a60","uint * FUN_00502a60(void)","214"
"FUN_00502b40","00502b40","undefined FUN_00502b40(void)","109"
"FUN_00502bb0","00502bb0","undefined FUN_00502bb0(int param_1\, undefined4 param_2\, undefined4 param_3)","128"
"FUN_00502c30","00502c30","undefined FUN_00502c30(int param_1\, undefined4 param_2\, undefined4 param_3)","128"
"FUN_00502cb0","00502cb0","undefined FUN_00502cb0(int param_1\, undefined4 param_2)","170"
"FUN_00502d60","00502d60","undefined FUN_00502d60(void)","96"
"FUN_00502dc0","00502dc0","ulonglong FUN_00502dc0(int param_1\, int param_2\, int param_3)","67"
"FUN_00502e10","00502e10","undefined FUN_00502e10(float * param_1\, float param_2\, float * param_3\, uint * param_4\, int * param_5\, float * param_6\, float * param_7\, float * param_8\, undefined4 * param_9)","564"
"FUN_00503050","00503050","undefined FUN_00503050(undefined4 param_1\, undefined4 param_2\, float * param_3\, float param_4\, float * param_5\, uint * param_6\, float * param_7\, float * param_8\, float * param_9\, float * param_10\, undefined4 * param_11)","1263"
"FUN_00503560","00503560","undefined FUN_00503560(undefined4 param_1)","10"
"FUN_00503570","00503570","undefined FUN_00503570(undefined4 param_1)","10"
"FUN_00503590","00503590","undefined FUN_00503590(undefined4 param_1)","10"
"FUN_005035b0","005035b0","undefined FUN_005035b0(undefined4 param_1)","10"
"FUN_005035c0","005035c0","undefined FUN_005035c0(undefined4 param_1)","10"
"FUN_00503620","00503620","undefined FUN_00503620(undefined4 param_1)","10"
"FUN_00503630","00503630","undefined FUN_00503630(int param_1)","107"
"FUN_005036a0","005036a0","undefined FUN_005036a0(int param_1)","142"
"FUN_00503730","00503730","undefined4 * FUN_00503730(void * this\, undefined4 param_1)","63"
"FUN_00503770","00503770","undefined FUN_00503770(float param_1)","127"
"FUN_00503820","00503820","undefined FUN_00503820(void)","124"
"FUN_00503ab0","00503ab0","undefined FUN_00503ab0(void)","1395"
"FUN_00504eb0","00504eb0","undefined4 FUN_00504eb0(int param_1\, float * param_2\, float * param_3\, float param_4)","839"
"FUN_00505200","00505200","undefined4 FUN_00505200(int param_1\, float * param_2\, float param_3)","659"
"FUN_00505590","00505590","undefined FUN_00505590(int param_1\, byte * param_2\, char param_3\, int param_4)","105"
"FUN_00505600","00505600","undefined FUN_00505600(int param_1\, byte * param_2)","77"
"FUN_00505650","00505650","byte FUN_00505650(int param_1\, byte * param_2)","82"
"FUN_00505710","00505710","undefined FUN_00505710(int param_1\, byte * param_2)","102"
"FUN_00505780","00505780","undefined FUN_00505780(int param_1)","154"
"FUN_00505820","00505820","undefined FUN_00505820(char * param_1\, uint * param_2\, uint * param_3\, int param_4)","608"
"FUN_00505a80","00505a80","uint * FUN_00505a80(undefined4 param_1\, uint * param_2\, uint param_3\, uint * param_4\, uint * param_5\, int param_6)","158"
"FUN_00505b20","00505b20","undefined FUN_00505b20(int param_1)","26"
"FUN_00505b40","00505b40","undefined FUN_00505b40(int * param_1\, int param_2\, int param_3\, byte param_4)","111"
"FUN_00505bb0","00505bb0","undefined FUN_00505bb0(int param_1\, int param_2)","26"
"FUN_00505bd0","00505bd0","undefined FUN_00505bd0(void * this\, int param_1\, void * param_2\, int param_3\, int param_4\, uint * param_5)","273"
"FUN_00505cf0","00505cf0","int * FUN_00505cf0(int * param_1\, int param_2\, int param_3\, undefined4 param_4\, int * param_5\, int param_6)","284"
"FUN_00505e10","00505e10","undefined FUN_00505e10(int param_1)","56"
"FUN_00505e50","00505e50","undefined FUN_00505e50(int param_1)","208"
"FUN_00505f20","00505f20","undefined FUN_00505f20(int param_1)","270"
"FUN_00506030","00506030","undefined FUN_00506030(int param_1\, int param_2)","175"
"FUN_005060e0","005060e0","undefined FUN_005060e0(int param_1)","251"
"FUN_005061e0","005061e0","undefined FUN_005061e0(int param_1)","221"
"FUN_00506430","00506430","undefined FUN_00506430(int param_1\, undefined4 * param_2)","42"
"FUN_00506710","00506710","undefined FUN_00506710(float param_1)","362"
"FUN_00506880","00506880","undefined FUN_00506880(int param_1\, float param_2)","1463"
"FUN_00506e40","00506e40","undefined FUN_00506e40(void * this\, float * param_1\, float param_2\, float * param_3\, int param_4)","1266"
"FUN_00507390","00507390","undefined FUN_00507390(int * param_1\, int param_2\, int param_3)","894"
"FUN_00507750","00507750","undefined4 FUN_00507750(int * param_1\, byte * param_2\, int param_3\, int param_4)","182"
"FUN_00507810","00507810","undefined FUN_00507810(int param_1\, undefined4 * param_2\, int param_3\, int param_4)","155"
"FUN_005078b0","005078b0","undefined FUN_005078b0(float * param_1\, float param_2\, int param_3)","420"
"FUN_00507a60","00507a60","undefined FUN_00507a60(float * param_1\, float param_2\, short param_3)","410"
"FUN_00507c00","00507c00","undefined FUN_00507c00(int * param_1)","79"
"FUN_00507c50","00507c50","undefined FUN_00507c50(int param_1\, void * param_2\, undefined4 * param_3\, float * param_4\, float param_5\, float * param_6\, int param_7)","303"
"FUN_00507d80","00507d80","undefined FUN_00507d80(int param_1\, float param_2\, int param_3)","393"
"FUN_00507f20","00507f20","undefined FUN_00507f20(int param_1\, float param_2\, int param_3)","451"
"FUN_005080f0","005080f0","undefined1 * FUN_005080f0(void)","588"
"FUN_00508340","00508340","undefined FUN_00508340(float param_1\, int param_2\, int param_3\, float param_4)","2275"
"FUN_00508c30","00508c30","undefined FUN_00508c30(int param_1\, float param_2\, int param_3)","121"
"FUN_00508cb0","00508cb0","undefined FUN_00508cb0(int param_1\, int param_2\, float param_3)","138"
"FUN_00508d50","00508d50","undefined FUN_00508d50(void)","434"
"FUN_00508f10","00508f10","undefined FUN_00508f10(void)","30"
"FUN_005090b0","005090b0","undefined4 FUN_005090b0(void * this\, int param_1)","36"
"FUN_00509180","00509180","uint FUN_00509180(int * param_1)","98"
"FUN_00509230","00509230","undefined FUN_00509230(undefined4 * param_1)","132"
"FUN_00509320","00509320","undefined4 FUN_00509320(void)","56"
"FUN_00509360","00509360","undefined4 FUN_00509360(void)","25"
"FUN_005094b0","005094b0","undefined FUN_005094b0(int param_1\, int param_2\, undefined4 param_3\, undefined * param_4\, undefined4 param_5\, undefined4 param_6)","360"
"FUN_00509620","00509620","undefined FUN_00509620(int param_1\, int param_2\, undefined4 param_3\, undefined * param_4\, undefined4 param_5\, undefined4 param_6)","49"
"FUN_00509660","00509660","undefined FUN_00509660(undefined1 param_1\, undefined1 param_2\, undefined1 param_3\, undefined1 param_4\, undefined1 param_5\, undefined1 param_6\, undefined1 param_7\, undefined1 param_8\, undefined1 param_9\, undefined1 param_10\, undefined1 param_11\, undefined1 param_12\, undefined1 param_13\, undefined1 param_14\, undefined1 param_15\, undefined1 param_16\, undefined1 param_17\, undefined1 param_18)","175"
"FUN_00509760","00509760","undefined FUN_00509760(void)","51"
"FUN_005097a0","005097a0","undefined FUN_005097a0(undefined4 param_1\, undefined4 param_2\, undefined4 param_3\, undefined4 param_4)","39"
"FUN_005097d0","005097d0","undefined FUN_005097d0(int param_1)","90"
"FUN_00509830","00509830","undefined4 * FUN_00509830(int param_1\, int param_2)","629"
"FUN_00509ab0","00509ab0","undefined FUN_00509ab0(void)","262"
"FUN_00509ca0","00509ca0","undefined FUN_00509ca0(int * param_1\, undefined4 * param_2\, float * param_3\, char * param_4\, float param_5\, float param_6)","96"
"FUN_00509d00","00509d00","ulonglong FUN_00509d00(undefined4 param_1\, uint param_2\, uint param_3\, uint param_4\, uint param_5\, uint param_6\, float param_7\, uint param_8\, uint param_9\, uint param_10\, uint param_11)","1756"
"FUN_0050a450","0050a450","undefined FUN_0050a450(int param_1)","364"
"FUN_0050b310","0050b310","undefined4 FUN_0050b310(void)","71"
"FUN_0050b4e0","0050b4e0","undefined FUN_0050b4e0(byte * param_1\, byte * param_2\, uint * param_3\, int param_4)","867"
"_SaveSystemInitialise","0050b850","undefined _SaveSystemInitialise(int param_1\, undefined4 param_2\, undefined4 param_3\, int param_4\, undefined4 param_5\, undefined4 param_6)","96"
"FUN_0050b970","0050b970","int FUN_0050b970(int param_1\, int param_2)","46"
"FUN_0050b9a0","0050b9a0","undefined FUN_0050b9a0(void)","1617"
"FUN_0050c000","0050c000","undefined4 FUN_0050c000(void)","51"
"FUN_0050c050","0050c050","undefined FUN_0050c050(byte * param_1\, short * param_2\, int param_3)","172"
"FUN_0050c100","0050c100","undefined FUN_0050c100(byte * param_1\, short * param_2)","34"
"FUN_0050c130","0050c130","undefined FUN_0050c130(int param_1)","14"
"FUN_0050c190","0050c190","undefined FUN_0050c190(byte * param_1\, char * param_2)","587"
"FUN_0050c3e0","0050c3e0","undefined FUN_0050c3e0(char * param_1\, int param_2)","611"
"FUN_0050c650","0050c650","undefined FUN_0050c650(byte * param_1\, float param_2\, float param_3\, undefined4 param_4\, float param_5\, float param_6\, undefined4 param_7\, int param_8)","286"
"FUN_0050c770","0050c770","undefined FUN_0050c770(undefined4 param_1)","10"
"FUN_0050c780","0050c780","undefined FUN_0050c780(char * param_1\, float param_2\, float param_3\, undefined4 param_4\, float param_5\, float param_6\, undefined4 param_7\, byte param_8\, byte param_9\, byte param_10\, byte param_11\, byte param_12)","2616"
"FUN_0050d1c0","0050d1c0","undefined FUN_0050d1c0(char * param_1\, float param_2\, float param_3\, undefined4 param_4\, float param_5\, float param_6\, undefined4 param_7\, byte param_8\, byte param_9\, byte param_10\, byte param_11\, byte param_12)","117"
"FUN_0050d240","0050d240","int FUN_0050d240(char * param_1\, int param_2)","368"
"FUN_0050d3c0","0050d3c0","int FUN_0050d3c0(char * param_1\, int param_2)","687"
"FUN_0050d910","0050d910","undefined FUN_0050d910(char * param_1\, float param_2\, float param_3\, undefined4 param_4\, float param_5\, float param_6\, undefined4 param_7\, uint param_8\, byte param_9\, byte param_10\, byte param_11\, float param_12\, int param_13\, uint param_14\, int param_15\, byte param_16)","2651"
"FUN_0050e380","0050e380","undefined FUN_0050e380(char * param_1\, float param_2\, float param_3\, undefined4 param_4\, float param_5\, float param_6\, undefined4 param_7\, uint param_8\, byte param_9\, byte param_10\, byte param_11\, float param_12\, int param_13\, uint param_14\, int param_15\, byte param_16)","140"
"FUN_0050e550","0050e550","undefined1 * FUN_0050e550(char * param_1\, char * param_2\, uint * param_3\, uint * param_4\, int param_5)","194"
"FUN_0050e6a0","0050e6a0","undefined FUN_0050e6a0(void)","47"
"FUN_0050e6d0","0050e6d0","undefined FUN_0050e6d0(undefined4 param_1\, undefined4 param_2)","21"
"FUN_0050e730","0050e730","undefined FUN_0050e730(int param_1\, int param_2)","96"
"FUN_0050e7a0","0050e7a0","undefined FUN_0050e7a0(int param_1\, float param_2)","468"
"FUN_0050ec40","0050ec40","undefined FUN_0050ec40(int param_1\, int param_2)","200"
"FUN_0050ed50","0050ed50","undefined FUN_0050ed50(int param_1\, int param_2\, int param_3)","282"
"FUN_0050ee70","0050ee70","undefined FUN_0050ee70(void)","152"
"FUN_0050ef10","0050ef10","undefined FUN_0050ef10(void)","104"
"_MenuPCVideoSettingsUpdate","0050ef80","undefined _MenuPCVideoSettingsUpdate(MENU_s * menu)","307"
"FUN_0050f3b0","0050f3b0","undefined FUN_0050f3b0(char * param_1\, float param_2\, float param_3\, undefined4 param_4\, float param_5\, float param_6\, undefined4 param_7\, uint param_8\, byte param_9\, byte param_10\, byte param_11\, float param_12\, int param_13\, uint param_14\, int param_15\, int param_16)","260"
"FUN_0050f4c0","0050f4c0","undefined FUN_0050f4c0(char * param_1\, float param_2\, float param_3\, undefined4 param_4\, float param_5\, float param_6\, undefined4 param_7\, byte param_8\, byte param_9\, byte param_10\, byte param_11\, uint param_12)","217"
"FUN_0050f5a0","0050f5a0","undefined FUN_0050f5a0(void)","113"
"_DrawMenuEntryEx","0050f740","undefined _DrawMenuEntryEx(MENU_s * param_1\, char * text\, byte alpha)","998"
"FUN_0050fb30","0050fb30","undefined FUN_0050fb30(int param_1\, int param_2\, int param_3\, int param_4\, byte param_5\, byte param_6\, byte param_7\, uint param_8)","876"
"FUN_0050fea0","0050fea0","undefined FUN_0050fea0(int param_1\, int param_2\, int param_3\, byte param_4\, byte param_5\, byte param_6\, uint param_7)","46"
"FUN_0050fed0","0050fed0","undefined FUN_0050fed0(undefined4 param_1)","543"
"FUN_005100f0","005100f0","undefined FUN_005100f0(undefined4 param_1\, undefined4 param_2\, float param_3\, float param_4\, int param_5\, int param_6)","746"
"FUN_005103e0","005103e0","undefined FUN_005103e0(void * this\, int param_1\, float param_2)","1235"
"FUN_005114a0","005114a0","undefined FUN_005114a0(void)","91"
"FUN_00511500","00511500","undefined FUN_00511500(char * param_1\, float param_2\, float param_3\, undefined4 param_4\, float param_5\, float param_6\, undefined4 param_7\, byte param_8\, byte param_9\, byte param_10\, byte param_11)","89"
"FUN_00511560","00511560","undefined FUN_00511560(char * param_1\, float param_2\, float param_3\, undefined4 param_4\, float param_5\, float param_6\, undefined4 param_7\, uint param_8\, byte param_9\, byte param_10\, byte param_11\, float param_12\, int param_13)","106"
"FUN_005115d0","005115d0","int FUN_005115d0(char * param_1\, char * param_2\, uint * param_3\, int * param_4\, undefined4 param_5)","98"
"_MenuPCVideoSettingsDraw","00511ea0","undefined _MenuPCVideoSettingsDraw(int param_1)","800"
"FUN_00512850","00512850","undefined FUN_00512850(void)","1"
"FUN_00512860","00512860","undefined FUN_00512860(void)","1"
"FUN_00512870","00512870","undefined FUN_00512870(void)","1"
"FUN_005128a0","005128a0","float10 FUN_005128a0(float param_1\, float param_2)","54"
"FUN_00512900","00512900","ulonglong FUN_00512900(float param_1)","320"
"FUN_00512b00","00512b00","undefined FUN_00512b00(float * param_1\, undefined4 param_2\, float * param_3)","434"
"FUN_00512cc0","00512cc0","undefined FUN_00512cc0(float param_1\, float param_2\, float param_3\, float param_4\, float param_5\, float param_6)","388"
"FUN_00512e50","00512e50","undefined FUN_00512e50(uint param_1)","15"
"FUN_00512e60","00512e60","void * FUN_00512e60(size_t param_1)","55"
"FUN_00512ea0","00512ea0","undefined * * FUN_00512ea0(void)","86"
"FUN_00512f00","00512f00","undefined * * FUN_00512f00(void)","87"
"FUN_00512f60","00512f60","undefined FUN_00512f60(int * param_1)","71"
"FUN_00512fb0","00512fb0","undefined FUN_00512fb0(undefined4 param_1)","10"
"FUN_00512fc0","00512fc0","undefined4 * FUN_00512fc0(byte * param_1\, int param_2)","78"
"FUN_00513010","00513010","undefined4 * FUN_00513010(int param_1\, byte * param_2\, int param_3\, int param_4\, int param_5)","229"
"FUN_00513100","00513100","char * FUN_00513100(char * param_1\, uint * param_2)","93"
"FUN_00513160","00513160","undefined4 FUN_00513160(int param_1\, int param_2)","196"
"FUN_005132a0","005132a0","float10 FUN_005132a0(undefined4 param_1)","78"
"FUN_005132f0","005132f0","undefined FUN_005132f0(int param_1)","254"
"FUN_00513400","00513400","undefined FUN_00513400(undefined4 param_1)","309"
"FUN_00513730","00513730","undefined FUN_00513730(int param_1)","110"
"FUN_005137a0","005137a0","undefined FUN_005137a0(void * this\, int param_1)","122"
"FUN_00513990","00513990","undefined FUN_00513990(undefined4 * param_1\, int * param_2\, int * param_3\, uint * param_4)","401"
"FUN_00513b30","00513b30","undefined FUN_00513b30(undefined4 * param_1\, int * param_2\, int * param_3\, uint * param_4)","388"
"FUN_00513cc0","00513cc0","undefined4 * FUN_00513cc0(int param_1\, uint * param_2)","594"
"FUN_00513f20","00513f20","undefined4 FUN_00513f20(undefined4 * param_1\, undefined4 param_2\, uint * param_3\, int param_4)","536"
"FUN_00514140","00514140","undefined FUN_00514140(int param_1\, int param_2)","601"
"FUN_005143a0","005143a0","undefined FUN_005143a0(int param_1)","423"
"FUN_00514550","00514550","undefined4 FUN_00514550(void)","77"
"FUN_005145a0","005145a0","undefined FUN_005145a0(int param_1\, int param_2)","59"
"FUN_00514640","00514640","undefined FUN_00514640(int param_1\, undefined4 param_2\, int * param_3\, int param_4\, byte * param_5\, byte * param_6\, int param_7\, undefined4 * param_8\, undefined4 * param_9)","381"
"FUN_005147c0","005147c0","float10 FUN_005147c0(int param_1\, byte * param_2)","142"
"FUN_00514920","00514920","float10 FUN_00514920(undefined4 param_1\, undefined4 param_2\, char * param_3)","100"
"FUN_00514c80","00514c80","float10 FUN_00514c80(int param_1\, undefined4 param_2\, int param_3)","208"
"FUN_00514e20","00514e20","float10 FUN_00514e20(int param_1\, undefined4 param_2\, int param_3\, undefined4 param_4\, int param_5)","74"
"FUN_00514ec0","00514ec0","float10 FUN_00514ec0(int param_1)","137"
"FUN_00515070","00515070","float10 FUN_00515070(int param_1\, int param_2\, undefined4 param_3\, undefined4 param_4\, int param_5)","143"
"FUN_005155c0","005155c0","float10 FUN_005155c0(int param_1\, int param_2\, int param_3\, undefined4 param_4\, int param_5)","84"
"FUN_00515620","00515620","float10 FUN_00515620(int param_1\, int param_2\, int param_3\, undefined4 param_4\, int param_5)","206"
"FUN_00515890","00515890","undefined4 FUN_00515890(undefined4 param_1\, int param_2\, undefined4 param_3\, int param_4\, int param_5\, int param_6)","269"
"FUN_005159a0","005159a0","undefined4 FUN_005159a0(undefined4 param_1\, int param_2\, undefined4 param_3\, int param_4\, int param_5\, int param_6\, float param_7)","490"
"FUN_00515ca0","00515ca0","undefined4 FUN_00515ca0(int param_1\, int param_2\, int param_3\, int param_4\, int param_5\, int param_6\, float param_7)","332"
"FUN_00515e70","00515e70","undefined4 FUN_00515e70(undefined4 param_1\, int param_2\, int param_3\, int param_4\, int param_5\, int param_6\, float param_7)","565"
"FUN_00516980","00516980","undefined4 FUN_00516980(undefined4 param_1\, int param_2\, int param_3\, undefined4 * param_4\, int param_5\, int param_6)","310"
"FUN_00516f40","00516f40","undefined FUN_00516f40(undefined4 param_1)","15"
"FUN_00516f50","00516f50","undefined FUN_00516f50(undefined4 param_1)","10"
"FUN_00516f60","00516f60","undefined FUN_00516f60(undefined4 param_1)","15"
"FUN_00516f70","00516f70","undefined FUN_00516f70(undefined4 param_1)","10"
"FUN_00516f80","00516f80","undefined FUN_00516f80(undefined4 param_1)","10"
"FUN_00516f90","00516f90","undefined FUN_00516f90(undefined4 param_1)","10"
"FUN_00516fa0","00516fa0","undefined FUN_00516fa0(undefined4 param_1)","10"
"FUN_00516fb0","00516fb0","undefined FUN_00516fb0(undefined4 param_1)","10"
"FUN_00516fc0","00516fc0","undefined FUN_00516fc0(undefined4 param_1)","10"
"FUN_00516fd0","00516fd0","undefined FUN_00516fd0(undefined4 param_1)","10"
"FUN_00516fe0","00516fe0","undefined FUN_00516fe0(undefined4 param_1)","10"
"FUN_00516ff0","00516ff0","undefined FUN_00516ff0(undefined4 param_1)","10"
"FUN_00517000","00517000","undefined FUN_00517000(undefined4 param_1)","10"
"FUN_00517010","00517010","undefined FUN_00517010(undefined4 param_1)","10"
"FUN_00517040","00517040","undefined FUN_00517040(undefined4 param_1)","10"
"FUN_00517050","00517050","undefined FUN_00517050(undefined4 param_1)","10"
"FUN_00517060","00517060","undefined FUN_00517060(undefined4 param_1)","10"
"FUN_00517070","00517070","undefined FUN_00517070(undefined4 param_1)","10"
"FUN_00517080","00517080","undefined FUN_00517080(undefined4 param_1)","10"
"FUN_00517090","00517090","undefined FUN_00517090(undefined4 param_1)","10"
"FUN_005170a0","005170a0","undefined FUN_005170a0(undefined4 param_1)","10"
"FUN_005170c0","005170c0","undefined4 FUN_005170c0(int param_1\, byte param_2\, undefined1 param_3\, byte * param_4\, undefined4 param_5)","84"
"FUN_00517160","00517160","void * FUN_00517160(int * param_1\, uint * param_2\, size_t param_3)","74"
"FUN_005171b0","005171b0","undefined4 FUN_005171b0(int param_1\, byte * param_2)","106"
"FUN_00517220","00517220","undefined FUN_00517220(int param_1)","387"
"FUN_005173b0","005173b0","undefined4 FUN_005173b0(int param_1\, float * param_2)","123"
"FUN_00517430","00517430","undefined FUN_00517430(int param_1\, int param_2\, uint * param_3)","2951"
"FUN_00517fd0","00517fd0","int FUN_00517fd0(int param_1\, int param_2\, undefined4 param_3\, undefined4 param_4\, undefined4 param_5)","105"
"FUN_00518040","00518040","undefined FUN_00518040(int * param_1\, int param_2)","401"
"FUN_005181e0","005181e0","undefined FUN_005181e0(void * param_1)","25"
"FUN_00518210","00518210","undefined FUN_00518210(int param_1\, undefined4 param_2\, undefined4 param_3)","854"
"FUN_005185e0","005185e0","undefined4 * FUN_005185e0(undefined4 * param_1\, undefined4 param_2)","103"
"FUN_00518920","00518920","undefined FUN_00518920(int param_1\, float * param_2\, float * param_3\, float param_4)","1030"
"FUN_00518d30","00518d30","undefined FUN_00518d30(int param_1\, float * param_2\, float * param_3\, float param_4)","1203"
"FUN_005191f0","005191f0","undefined FUN_005191f0(void * this\, float * param_1\, undefined4 param_2)","1160"
"FUN_00519680","00519680","undefined FUN_00519680(undefined4 * param_1\, undefined4 param_2)","110"
"FUN_005196f0","005196f0","undefined FUN_005196f0(int param_1\, int param_2\, int param_3)","598"
"FUN_00519e00","00519e00","undefined FUN_00519e00(int param_1\, int param_2\, int param_3\, int param_4\, float param_5)","1400"
"FUN_0051a760","0051a760","undefined FUN_0051a760(void)","86"
"FUN_0051a7c0","0051a7c0","undefined FUN_0051a7c0(int param_1\, int param_2)","189"
"FUN_0051a890","0051a890","float10 FUN_0051a890(int param_1\, uint param_2\, uint param_3\, int param_4\, uint param_5)","883"
"FUN_0051ac10","0051ac10","int FUN_0051ac10(int param_1\, byte * param_2)","87"
"FUN_0051ac70","0051ac70","int FUN_0051ac70(int param_1\, byte * param_2)","89"
"FUN_0051acd0","0051acd0","byte * FUN_0051acd0(int param_1\, byte * param_2)","69"
"FUN_0051ad20","0051ad20","undefined4 FUN_0051ad20(int param_1\, byte * param_2)","81"
"FUN_0051ad80","0051ad80","int FUN_0051ad80(int param_1\, int param_2\, byte * param_3)","111"
"FUN_0051adf0","0051adf0","undefined4 FUN_0051adf0(int param_1\, int param_2\, byte * param_3\, byte * param_4\, undefined4 * param_5)","194"
"FUN_0051af40","0051af40","undefined FUN_0051af40(undefined4 param_1\, int param_2\, int param_3)","680"
"FUN_0051b1f0","0051b1f0","undefined4 FUN_0051b1f0(undefined4 param_1\, float * param_2\, int param_3\, int param_4\, undefined4 param_5\, int param_6\, int param_7\, undefined4 param_8\, undefined4 param_9\, float param_10\, int param_11\, float param_12)","1532"
"FUN_0051b7f0","0051b7f0","undefined FUN_0051b7f0(int param_1)","151"
"FUN_0051b890","0051b890","undefined FUN_0051b890(int param_1\, float * param_2\, int param_3\, uint param_4)","381"
"FUN_0051ba10","0051ba10","char * FUN_0051ba10(char * param_1\, float * param_2\, int * param_3\, int param_4\, char * param_5\, int param_6\, float * param_7)","1145"
"FUN_0051be90","0051be90","int FUN_0051be90(uint * param_1)","703"
"FUN_0051c150","0051c150","undefined4 FUN_0051c150(void * this\, int param_1\, float param_2\, int param_3\, int param_4\, float param_5\, float param_6\, undefined4 param_7\, float * param_8)","736"
"FUN_0051c430","0051c430","uint FUN_0051c430(undefined4 param_1\, float * param_2\, int param_3\, void * param_4\, void * param_5)","618"
"FUN_0051c6a0","0051c6a0","int FUN_0051c6a0(undefined4 * param_1\, int * param_2\, int param_3\, int param_4)","1309"
"FUN_0051cbc0","0051cbc0","undefined4 FUN_0051cbc0(int * param_1\, int * param_2\, int param_3\, int param_4)","1388"
"FUN_0051d130","0051d130","undefined FUN_0051d130(undefined * param_1)","192"
"FUN_0051d1f0","0051d1f0","undefined4 FUN_0051d1f0(float * param_1\, uint * param_2\, float * param_3)","148"
"FUN_0051d310","0051d310","undefined FUN_0051d310(float * param_1)","484"
"FUN_0051d500","0051d500","undefined4 FUN_0051d500(int param_1)","218"
"FUN_0051d5e0","0051d5e0","undefined4 FUN_0051d5e0(int param_1\, float param_2)","367"
"FUN_0051d750","0051d750","undefined4 FUN_0051d750(void)","89"
"FUN_0051d7b0","0051d7b0","undefined FUN_0051d7b0(int param_1\, float * param_2\, int param_3\, undefined4 param_4)","4348"
"FUN_0051e8c0","0051e8c0","undefined FUN_0051e8c0(int param_1\, float * param_2\, int param_3\, undefined4 param_4)","73"
"FUN_0051e910","0051e910","undefined FUN_0051e910(undefined4 param_1\, int param_2\, undefined4 param_3)","1925"
"FUN_0051f0a0","0051f0a0","undefined FUN_0051f0a0(undefined4 param_1\, int param_2\, int param_3)","263"
"FUN_0051f1b0","0051f1b0","undefined FUN_0051f1b0(undefined4 param_1\, float * param_2\, int param_3\, undefined4 param_4)","1104"
"FUN_0051f600","0051f600","undefined FUN_0051f600(undefined4 param_1\, int param_2\, int param_3)","169"
"FUN_0051f720","0051f720","undefined FUN_0051f720(float * param_1\, float param_2\, float param_3\, float param_4\, undefined4 param_5\, undefined4 param_6\, int param_7)","401"
"FUN_0051f8c0","0051f8c0","undefined FUN_0051f8c0(float * param_1\, float param_2\, float param_3\, int param_4\, float param_5\, float param_6\, undefined4 param_7\, undefined4 param_8\, int param_9)","484"
"FUN_0051fab0","0051fab0","undefined FUN_0051fab0(float * param_1\, float param_2\, undefined4 param_3\, undefined4 param_4\, int param_5)","261"
"FUN_0051fe60","0051fe60","undefined FUN_0051fe60(int param_1\, int param_2)","137"
"FUN_0051fef0","0051fef0","undefined FUN_0051fef0(int param_1\, int param_2\, int param_3\, float param_4\, float * param_5\, float * param_6\, float param_7\, int param_8)","400"
"FUN_00520080","00520080","undefined FUN_00520080(int param_1\, float param_2\, int param_3\, float param_4\, float * param_5\, float * param_6\, float param_7\, int param_8)","408"
"FUN_00520220","00520220","uint FUN_00520220(int param_1\, int param_2\, uint param_3\, float param_4\, float * param_5\, float param_6\, int param_7)","428"
"FUN_00520440","00520440","undefined FUN_00520440(undefined4 param_1)","10"
"FUN_00520450","00520450","undefined FUN_00520450(undefined4 param_1)","10"
"FUN_00520460","00520460","undefined FUN_00520460(undefined4 param_1)","10"
"FUN_00520470","00520470","undefined FUN_00520470(undefined4 param_1)","10"
"FUN_005204e0","005204e0","undefined FUN_005204e0(short param_1)","102"
"FUN_00520a00","00520a00","undefined4 FUN_00520a00(int param_1\, int param_2\, int * param_3\, float * param_4)","136"
"FUN_00520a90","00520a90","undefined FUN_00520a90(float param_1\, float * param_2\, float * param_3\, float param_4\, float param_5\, byte param_6\, float * param_7)","890"
"FUN_00520e10","00520e10","int * FUN_00520e10(int * param_1\, undefined2 param_2\, undefined1 param_3)","131"
"FUN_00520ea0","00520ea0","undefined FUN_00520ea0(void)","54"
"FUN_00520ee0","00520ee0","undefined FUN_00520ee0(void)","256"
"FUN_00520fe0","00520fe0","undefined4 * FUN_00520fe0(int param_1)","373"
"FUN_00521240","00521240","undefined FUN_00521240(float * param_1\, float * param_2\, int param_3)","1366"
"FUN_00521800","00521800","undefined FUN_00521800(void)","263"
"FUN_00521a30","00521a30","int * FUN_00521a30(void)","84"
"FUN_00521ad0","00521ad0","undefined4 FUN_00521ad0(void)","87"
"FUN_00521cb0","00521cb0","undefined FUN_00521cb0(int param_1)","791"
"FUN_00521fd0","00521fd0","undefined4 * FUN_00521fd0(int param_1)","295"
"FUN_00522100","00522100","undefined FUN_00522100(int param_1)","387"
"FUN_00522500","00522500","undefined FUN_00522500(float * param_1\, float param_2\, int param_3\, undefined4 param_4)","430"
"FUN_005226b0","005226b0","undefined FUN_005226b0(void)","418"
"FUN_00522970","00522970","int * FUN_00522970(void)","140"
"FUN_00522a00","00522a00","undefined4 * FUN_00522a00(int param_1)","280"
"FUN_00522b20","00522b20","undefined FUN_00522b20(int param_1)","64"
"FUN_00522b60","00522b60","undefined4 * FUN_00522b60(int * param_1\, int param_2\, undefined4 * param_3)","202"
"FUN_00522c30","00522c30","undefined FUN_00522c30(void)","80"
"FUN_00522c80","00522c80","int FUN_00522c80(float param_1)","151"
"FUN_00522d20","00522d20","int FUN_00522d20(undefined4 param_1\, int param_2)","42"
"FUN_00522d50","00522d50","undefined4 FUN_00522d50(int param_1)","108"
"FUN_00522dc0","00522dc0","undefined4 FUN_00522dc0(void)","99"
"FUN_00522e30","00522e30","undefined FUN_00522e30(undefined4 param_1\, undefined4 param_2)","1000"
"FUN_00523220","00523220","undefined FUN_00523220(int param_1\, int param_2\, undefined4 param_3\, undefined4 param_4)","893"
"FUN_005235a0","005235a0","undefined FUN_005235a0(float param_1)","157"
"FUN_00523640","00523640","undefined FUN_00523640(float * param_1\, float param_2\, float param_3\, float param_4\, undefined4 param_5\, undefined4 param_6\, int param_7\, int param_8)","137"
"FUN_005236d0","005236d0","undefined FUN_005236d0(float * param_1\, float param_2\, float * param_3\, uint param_4\, int param_5)","1387"
"FUN_00523c40","00523c40","undefined FUN_00523c40(void * this\, int param_1)","1343"
"FUN_00524190","00524190","undefined FUN_00524190(void)","273"
"FUN_005243b0","005243b0","undefined FUN_005243b0(float * param_1\, int param_2\, int param_3\, float * param_4\, int * param_5\, float param_6)","516"
"FUN_005245c0","005245c0","undefined FUN_005245c0(undefined4 param_1\, float * param_2\, int param_3\, undefined4 param_4\, float * param_5\, float param_6)","582"
"FUN_00524900","00524900","undefined FUN_00524900(float * param_1\, undefined4 * param_2\, int param_3\, float param_4)","506"
"FUN_00524b70","00524b70","undefined FUN_00524b70(void)","317"
"FUN_00524cb0","00524cb0","undefined FUN_00524cb0(int param_1\, int param_2\, int param_3\, int param_4\, uint param_5\, float param_6\, uint param_7)","306"
"FUN_00524df0","00524df0","undefined FUN_00524df0(uint param_1\, int * param_2\, uint * param_3)","306"
"FUN_00524f30","00524f30","undefined FUN_00524f30(int param_1\, uint param_2\, int param_3\, int param_4)","325"
"FUN_00525080","00525080","undefined FUN_00525080(byte * param_1)","1543"
"FUN_00525b30","00525b30","int * FUN_00525b30(void)","71"
"FUN_00525b80","00525b80","undefined FUN_00525b80(void)","185"
"FUN_00525c50","00525c50","undefined FUN_00525c50(void)","48"
"FUN_00525c80","00525c80","undefined FUN_00525c80(void)","42"
"FUN_005264e0","005264e0","undefined FUN_005264e0(undefined4 param_1\, int param_2)","114"
"FUN_005266b0","005266b0","undefined4 FUN_005266b0(int param_1\, int param_2)","333"
"FUN_00526800","00526800","undefined FUN_00526800(int param_1\, int param_2\, int * param_3\, uint * param_4)","2375"
"FUN_00527150","00527150","undefined FUN_00527150(void)","37"
"FUN_00527620","00527620","undefined FUN_00527620(void)","185"
"FUN_00527740","00527740","undefined FUN_00527740(void)","176"
"FUN_00527960","00527960","undefined4 FUN_00527960(float * param_1)","358"
"FUN_00527ad0","00527ad0","undefined4 FUN_00527ad0(void)","238"
"FUN_00527bc0","00527bc0","undefined4 * FUN_00527bc0(int param_1)","370"
"FUN_00527e80","00527e80","undefined FUN_00527e80(void * this\, int param_1)","394"
"FUN_00528010","00528010","undefined FUN_00528010(void)","226"
"FUN_00528210","00528210","undefined FUN_00528210(void)","561"
"FUN_00528450","00528450","int * FUN_00528450(int * param_1\, int param_2)","350"
"FUN_005285b0","005285b0","undefined FUN_005285b0(void)","57"
"FUN_005285f0","005285f0","undefined FUN_005285f0(int param_1)","1273"
"FUN_00528af0","00528af0","undefined4 FUN_00528af0(int param_1)","53"
"FUN_00528b30","00528b30","undefined4 * FUN_00528b30(int param_1)","451"
"FUN_00528e00","00528e00","undefined FUN_00528e00(int param_1)","464"
"FUN_005293d0","005293d0","undefined FUN_005293d0(int param_1)","502"
"FUN_00529ad0","00529ad0","undefined FUN_00529ad0(byte * param_1\, int param_2)","218"
"FUN_0052a2f0","0052a2f0","undefined FUN_0052a2f0(int param_1)","446"
"FUN_0052a4b0","0052a4b0","undefined FUN_0052a4b0(int param_1)","203"
"FUN_0052a590","0052a590","undefined FUN_0052a590(int param_1)","146"
"FUN_0052a630","0052a630","undefined4 FUN_0052a630(int param_1\, int param_2\, float * param_3\, int param_4)","224"
"FUN_0052a710","0052a710","undefined FUN_0052a710(void)","76"
"FUN_0052a760","0052a760","undefined FUN_0052a760(void)","389"
"FUN_0052a8f0","0052a8f0","undefined FUN_0052a8f0(int param_1\, int param_2\, undefined4 param_3\, float param_4)","1318"
"FUN_0052b3f0","0052b3f0","undefined FUN_0052b3f0(int * param_1)","1470"
"FUN_0052b9c0","0052b9c0","undefined FUN_0052b9c0(int * param_1)","741"
"FUN_0052bcb0","0052bcb0","undefined FUN_0052bcb0(int * param_1\, undefined4 param_2\, char * param_3\, undefined4 param_4\, int * param_5\, uint * param_6)","308"
"FUN_0052bdf0","0052bdf0","undefined FUN_0052bdf0(int * param_1)","206"
"FUN_0052bec0","0052bec0","undefined FUN_0052bec0(int * param_1)","178"
"FUN_0052c000","0052c000","undefined FUN_0052c000(int * param_1)","794"
"FUN_0052c320","0052c320","int FUN_0052c320(void * this\, char * param_1\, int * param_2\, uint * param_3)","328"
"FUN_0052c470","0052c470","undefined FUN_0052c470(int * param_1\, undefined4 param_2\, int * param_3\, uint * param_4\, int param_5)","607"
"FUN_0052c6d0","0052c6d0","undefined FUN_0052c6d0(undefined4 param_1\, int * param_2\, uint * param_3\, int param_4)","190"
"_AIScriptSetBaseScriptStateByName","0052c790","undefined4 _AIScriptSetBaseScriptStateByName(int * param_1\, byte * param_2)","103"
"FUN_0052c800","0052c800","undefined FUN_0052c800(void * this\, undefined4 * param_1\, undefined4 param_2\, int param_3)","114"
"FUN_0052c880","0052c880","undefined4 * FUN_0052c880(undefined4 param_1\, undefined4 * param_2\, undefined4 param_3\, float param_4)","581"
"FUN_0052caf0","0052caf0","undefined4 FUN_0052caf0(int param_1\, undefined4 param_2)","401"
"_AIScriptProcess","0052cc90","undefined _AIScriptProcess(int param_1\, undefined4 param_2\, int param_3\, int * param_4\, float param_5)","989"
"FUN_0052d9c0","0052d9c0","undefined4 FUN_0052d9c0(undefined4 param_1\, int param_2\, undefined4 param_3\, int param_4\, int param_5\, int param_6)","353"
"FUN_0052dbf0","0052dbf0","undefined4 FUN_0052dbf0(undefined4 param_1\, undefined4 param_2\, undefined4 param_3\, int param_4\, int param_5)","99"
"FUN_0052dc60","0052dc60","undefined FUN_0052dc60(undefined4 param_1\, undefined4 param_2\, int * param_3\, uint * param_4\, uint * param_5\, size_t param_6\, float param_7\, undefined4 param_8\, undefined4 param_9)","2994"
"FUN_0052e820","0052e820","undefined FUN_0052e820(uint * param_1\, uint * param_2\, size_t param_3\, undefined4 param_4\, undefined4 param_5\, float param_6\, undefined4 param_7\, undefined4 param_8)","250"
"FUN_0052e920","0052e920","undefined FUN_0052e920(uint * param_1\, uint * param_2\, size_t param_3\, undefined4 param_4\, undefined4 param_5\, float param_6\, undefined4 param_7)","45"
"FUN_0052e9c0","0052e9c0","undefined4 FUN_0052e9c0(undefined4 param_1\, int param_2\, uint * param_3\, float param_4\, float * param_5\, float * param_6)","3645"
"FUN_0052f800","0052f800","uint FUN_0052f800(int param_1\, int param_2\, uint param_3\, uint param_4\, int param_5)","1141"
"FUN_0052fc80","0052fc80","undefined FUN_0052fc80(char * param_1\, float * param_2\, int * param_3\, int param_4\, char * param_5)","38"
"FUN_0052fcb0","0052fcb0","undefined FUN_0052fcb0(int param_1\, undefined4 * param_2\, undefined4 param_3\, undefined4 * param_4\, uint param_5\, undefined4 param_6)","239"
"FUN_0052fda0","0052fda0","undefined FUN_0052fda0(int param_1)","401"
"FUN_0052ff40","0052ff40","undefined FUN_0052ff40(int param_1\, uint param_2\, int param_3)","517"
"FUN_00530150","00530150","undefined FUN_00530150(int param_1\, uint param_2\, int param_3\, undefined4 param_4)","237"
"FUN_00530240","00530240","undefined FUN_00530240(int param_1\, float * param_2\, int param_3\, undefined4 param_4)","433"
"FUN_00530dd0","00530dd0","undefined FUN_00530dd0(void)","118"
"FUN_00530e50","00530e50","undefined FUN_00530e50(int param_1)","148"
"FUN_00530ef0","00530ef0","undefined FUN_00530ef0(int param_1)","101"
"FUN_00531100","00531100","undefined FUN_00531100(void)","236"
"FUN_00532220","00532220","undefined FUN_00532220(int * param_1\, int param_2)","162"
"FUN_005322d0","005322d0","byte * FUN_005322d0(int * param_1\, uint * param_2\, int * param_3\, uint * param_4)","2925"
"FUN_00532f30","00532f30","undefined FUN_00532f30(void)","289"
"FUN_00533100","00533100","undefined FUN_00533100(undefined4 param_1\, int param_2)","966"
"FUN_00533810","00533810","undefined FUN_00533810(void)","435"
"FUN_005346d0","005346d0","undefined FUN_005346d0(int * param_1)","108"
"FUN_00534740","00534740","undefined FUN_00534740(void)","55"
"FUN_00534780","00534780","undefined FUN_00534780(undefined4 param_1\, int param_2)","138"
"FUN_00534810","00534810","undefined FUN_00534810(int param_1)","623"
"FUN_00534d70","00534d70","int * FUN_00534d70(void)","153"
"FUN_00534e10","00534e10","undefined FUN_00534e10(int param_1\, int param_2\, uint param_3\, undefined4 param_4)","266"
"FUN_005350e0","005350e0","undefined4 FUN_005350e0(int param_1\, int param_2\, int param_3\, int param_4\, int param_5\, int param_6)","818"
"FUN_00535420","00535420","undefined4 FUN_00535420(int param_1\, int param_2\, int param_3\, int param_4\, int param_5\, int param_6)","645"
"FUN_005356b0","005356b0","undefined4 FUN_005356b0(undefined4 param_1\, int param_2\, int param_3\, int param_4\, int param_5\, int param_6)","652"
"FUN_00535fc0","00535fc0","undefined4 FUN_00535fc0(int param_1\, int param_2\, int param_3\, undefined4 * param_4\, int param_5\, int param_6)","463"
"FUN_00536dc0","00536dc0","undefined4 FUN_00536dc0(undefined4 param_1\, int param_2\, int param_3\, int param_4\, int param_5\, int param_6\, float param_7)","501"
"FUN_00536fc0","00536fc0","undefined4 FUN_00536fc0(int param_1\, int param_2\, int param_3\, undefined4 * param_4\, int param_5\, int param_6)","478"
"FUN_005371a0","005371a0","undefined FUN_005371a0(int param_1\, int param_2\, uint param_3\, int param_4\, float param_5)","458"
"FUN_00537370","00537370","undefined FUN_00537370(int param_1\, int param_2\, float * param_3\, int param_4\, float param_5\, int param_6\, int param_7)","1424"
"FUN_00538600","00538600","undefined FUN_00538600(void)","539"
"FUN_00538900","00538900","int * FUN_00538900(void)","153"
"FUN_00538a40","00538a40","undefined FUN_00538a40(void)","95"
"FUN_00538c10","00538c10","int * FUN_00538c10(void)","156"
"FUN_00538cb0","00538cb0","int * FUN_00538cb0(void)","166"
"FUN_00539900","00539900","int * FUN_00539900(void)","777"
"FUN_00539c10","00539c10","undefined FUN_00539c10(int param_1)","1911"
"FUN_0053a390","0053a390","int * FUN_0053a390(void)","492"
"FUN_0053a580","0053a580","undefined FUN_0053a580(int param_1)","1673"
"FUN_0053b7b0","0053b7b0","int * FUN_0053b7b0(void)","1180"
"FUN_0053bc50","0053bc50","int * FUN_0053bc50(int param_1)","2607"
"FUN_0053c690","0053c690","int * FUN_0053c690(void)","301"
"FUN_0053c7c0","0053c7c0","int * FUN_0053c7c0(int param_1)","1313"
"FUN_0053d140","0053d140","undefined FUN_0053d140(void)","1"
"FUN_0053d180","0053d180","int FUN_0053d180(int param_1)","16"
"FUN_0053d300","0053d300","undefined FUN_0053d300(void * this\, undefined1 * param_1)","39"
"FUN_0053d330","0053d330","undefined FUN_0053d330(void * this\, undefined1 * param_1)","39"
"FUN_0053d360","0053d360","undefined FUN_0053d360(void * this\, undefined1 * param_1)","55"
"FUN_0053d3a0","0053d3a0","undefined FUN_0053d3a0(void * this\, undefined1 * param_1)","39"
"FUN_0053d3d0","0053d3d0","undefined FUN_0053d3d0(void * this\, undefined1 * param_1)","59"
"FUN_0053d460","0053d460","undefined4 * FUN_0053d460(void * this\, undefined4 * param_1)","60"
"FUN_0053d4a0","0053d4a0","undefined FUN_0053d4a0(void * this\, char * param_1)","57"
"FUN_0053d4e0","0053d4e0","undefined FUN_0053d4e0(void * this\, undefined1 * param_1\, size_t param_2)","68"
"FUN_0053d5d0","0053d5d0","undefined FUN_0053d5d0(void * this\, undefined4 param_1)","66"
"FUN_0053d6a0","0053d6a0","undefined FUN_0053d6a0(void * this\, int param_1\, int param_2\, int param_3\, int param_4)","662"
"FUN_0053d940","0053d940","undefined FUN_0053d940(void * this\, int param_1\, undefined4 param_2)","486"
"FUN_0053db30","0053db30","undefined FUN_0053db30(int param_1\, undefined4 param_2)","26"
"FUN_0053db60","0053db60","undefined FUN_0053db60(void)","1"
"FUN_0053dc00","0053dc00","undefined FUN_0053dc00(float * param_1\, float * param_2)","119"
"FUN_0053dc80","0053dc80","float10 FUN_0053dc80(short * param_1\, int param_2)","141"
"FUN_0053dd10","0053dd10","undefined4 FUN_0053dd10(void * this\, float * param_1)","54"
"FUN_0053dd50","0053dd50","undefined4 FUN_0053dd50(float param_1\, float param_2\, float param_3\, float param_4\, float param_5\, float param_6)","68"
"FUN_0053ddd0","0053ddd0","float10 FUN_0053ddd0(float * param_1\, float * param_2\, float * param_3\, float * param_4\, float * param_5)","105"
"FUN_0053de40","0053de40","float10 FUN_0053de40(undefined4 param_1\, undefined4 param_2\, float * param_3\, float * param_4\, float * param_5)","135"
"FUN_0053ded0","0053ded0","float10 FUN_0053ded0(undefined4 param_1\, undefined4 param_2\, float * param_3\, undefined4 param_4\, float * param_5\, float * param_6\, undefined4 param_7)","74"
"FUN_0053df20","0053df20","undefined FUN_0053df20(undefined4 * param_1\, int param_2)","1157"
"FUN_0053e3b0","0053e3b0","int * FUN_0053e3b0(int * param_1\, int * param_2\, int param_3)","84"
"FUN_0053e410","0053e410","undefined FUN_0053e410(short * param_1\, undefined2 * param_2)","120"
"FUN_0053e490","0053e490","short * FUN_0053e490(undefined4 * param_1\, int param_2\, short * param_3)","876"
"FUN_0053e810","0053e810","undefined FUN_0053e810(float * param_1\, int param_2\, int param_3\, int param_4\, float param_5)","81"
"FUN_0053e870","0053e870","undefined4 FUN_0053e870(int * param_1\, int param_2\, float * param_3\, float * param_4)","140"
"FUN_0053e900","0053e900","undefined FUN_0053e900(undefined4 param_1\, int param_2)","634"
"FUN_0053eb80","0053eb80","undefined FUN_0053eb80(void * this\, float * param_1)","111"
"FUN_0053ebf0","0053ebf0","float10 FUN_0053ebf0(uint param_1\, int * param_2\, float * param_3\, undefined4 * param_4\, int param_5)","1261"
"FUN_0053f0e0","0053f0e0","undefined FUN_0053f0e0(int * param_1\, undefined4 * param_2\, float param_3\, undefined4 * param_4)","666"
"FUN_0053f380","0053f380","undefined FUN_0053f380(ushort * param_1)","693"
"FUN_0053f640","0053f640","undefined FUN_0053f640(int * param_1\, int param_2\, uint param_3\, uint param_4\, float param_5)","241"
"FUN_0053f7a0","0053f7a0","float10 FUN_0053f7a0(int * param_1\, int param_2)","64"
"FUN_0053f7e0","0053f7e0","int FUN_0053f7e0(int * param_1\, byte * param_2)","71"
"FUN_0053f830","0053f830","undefined4 FUN_0053f830(int param_1\, int param_2\, int * param_3\, int * param_4)","159"
"FUN_0053f990","0053f990","undefined FUN_0053f990(int param_1)","63"
"FUN_0053f9f0","0053f9f0","undefined FUN_0053f9f0(int param_1)","139"
"FUN_0053fac0","0053fac0","undefined FUN_0053fac0(int param_1)","93"
"FUN_0053fb20","0053fb20","undefined FUN_0053fb20(int param_1)","70"
"FUN_0053fb70","0053fb70","undefined FUN_0053fb70(int param_1)","49"
"FUN_0053fbb0","0053fbb0","undefined FUN_0053fbb0(int param_1)","49"
"FUN_0053fc10","0053fc10","undefined FUN_0053fc10(int param_1)","47"
"FUN_0053fc60","0053fc60","undefined FUN_0053fc60(int param_1)","63"
"FUN_0053fd40","0053fd40","undefined FUN_0053fd40(int param_1)","58"
"FUN_0053fec0","0053fec0","undefined FUN_0053fec0(int param_1)","69"
"FUN_00540000","00540000","undefined FUN_00540000(int param_1)","79"
"FUN_00540070","00540070","undefined FUN_00540070(int param_1)","72"
"FUN_005401a0","005401a0","int FUN_005401a0(byte * param_1)","51"
"FUN_005404f0","005404f0","undefined FUN_005404f0(int * param_1\, int param_2\, undefined4 param_3\, undefined4 param_4\, undefined4 param_5\, int param_6)","254"
"FUN_005405f0","005405f0","undefined FUN_005405f0(float * param_1\, float * param_2\, float * param_3\, float * param_4)","122"
"FUN_00540670","00540670","float10 FUN_00540670(float * param_1\, int param_2\, undefined4 param_3\, int * param_4)","351"
"FUN_00540c40","00540c40","undefined FUN_00540c40(int * param_1)","220"
"FUN_00540d20","00540d20","undefined FUN_00540d20(int * param_1\, int param_2\, float * param_3\, int param_4\, int param_5)","1801"
"FUN_00541430","00541430","undefined FUN_00541430(int * param_1\, uint param_2)","44"
"FUN_00541460","00541460","undefined FUN_00541460(int * param_1\, uint param_2)","44"
"FUN_005414f0","005414f0","undefined FUN_005414f0(int * param_1\, uint * param_2\, float * param_3)","1742"
"FUN_00541bc0","00541bc0","undefined FUN_00541bc0(int * param_1\, float * param_2\, uint param_3\, uint param_4\, undefined4 * param_5)","660"
"FUN_00541e60","00541e60","undefined4 FUN_00541e60(int * param_1\, float * param_2\, int param_3\, float * param_4\, float * param_5\, int param_6\, undefined4 * param_7\, float * param_8\, float * param_9\, float * param_10\, float * param_11\, float * param_12\, float * param_13\, float * param_14)","4855"
"FUN_00543670","00543670","undefined FUN_00543670(void)","104"
"FUN_005436e0","005436e0","undefined1 * FUN_005436e0(undefined4 param_1)","216"
"FUN_00543880","00543880","int FUN_00543880(void)","135"
"FUN_00543920","00543920","undefined4 FUN_00543920(void)","6"
"FUN_00543930","00543930","undefined4 FUN_00543930(void)","6"
"FUN_00543940","00543940","undefined4 FUN_00543940(void)","6"
"FUN_00543950","00543950","undefined4 FUN_00543950(void)","6"
"FUN_00543960","00543960","undefined4 FUN_00543960(void)","6"
"FUN_00543970","00543970","undefined4 FUN_00543970(void)","6"
"FUN_00543990","00543990","int FUN_00543990(void)","55"
"FUN_005439d0","005439d0","undefined FUN_005439d0(int param_1\, void * param_2\, size_t param_3)","575"
"FUN_00543c10","00543c10","undefined FUN_00543c10(int param_1\, void * param_2\, size_t param_3)","26"
"FUN_00543c30","00543c30","undefined FUN_00543c30(undefined4 param_1\, void * param_2\, size_t param_3)","186"
"FUN_00543cf0","00543cf0","undefined4 FUN_00543cf0(undefined4 param_1)","45"
"FUN_00543d20","00543d20","undefined4 FUN_00543d20(void)","3"
"FUN_00543d30","00543d30","undefined4 FUN_00543d30(void)","3"
"FUN_00543d40","00543d40","undefined FUN_00543d40(int param_1\, void * param_2\, size_t param_3)","74"
"FUN_00543d90","00543d90","undefined FUN_00543d90(undefined4 param_1\, void * param_2\, size_t param_3)","69"
"FUN_00543de0","00543de0","undefined FUN_00543de0(void)","54"
"FUN_00543e20","00543e20","undefined FUN_00543e20(void)","1"
"FUN_00543e30","00543e30","undefined FUN_00543e30(int param_1)","66"
"_saveloadIit","00543e80","undefined _saveloadIit(void)","26"
"FUN_00543f30","00543f30","undefined FUN_00543f30(void)","149"
"FUN_00543fd0","00543fd0","undefined FUN_00543fd0(uint param_1)","144"
"FUN_00544070","00544070","int FUN_00544070(undefined4 param_1\, undefined4 * param_2\, undefined4 * param_3\, float * param_4\, float * param_5\, float param_6\, undefined2 param_7\, undefined4 param_8\, undefined4 param_9\, undefined4 param_10\, undefined4 param_11\, int param_12\, undefined4 param_13\, undefined4 param_14\, undefined1 param_15\, undefined4 param_16)","939"
"FUN_00544420","00544420","undefined FUN_00544420(undefined4 param_1\, int param_2\, float * param_3)","3073"
"FUN_00545030","00545030","undefined FUN_00545030(undefined4 param_1\, float * param_2\, int param_3)","513"
"FUN_00545240","00545240","undefined FUN_00545240(undefined4 param_1\, int param_2\, int param_3\, undefined4 param_4\, int * param_5)","120"
"FUN_005452c0","005452c0","undefined FUN_005452c0(undefined4 param_1)","617"
"FUN_00545540","00545540","undefined FUN_00545540(void)","187"
"FUN_00545620","00545620","short * FUN_00545620(void)","60"
"FUN_005456c0","005456c0","float * FUN_005456c0(float * param_1\, float * param_2)","152"
"FUN_00545760","00545760","undefined FUN_00545760(float * param_1)","242"
"FUN_00545860","00545860","short * FUN_00545860(undefined4 * param_1\, float param_2\, short param_3\, float param_4\, float param_5\, short param_6)","540"
"FUN_00545a80","00545a80","undefined FUN_00545a80(int param_1)","411"
"FUN_00545c30","00545c30","undefined FUN_00545c30(undefined4 param_1)","54"
"FUN_00545c80","00545c80","undefined FUN_00545c80(void)","292"
"FUN_00545db0","00545db0","undefined FUN_00545db0(uint * param_1\, undefined4 param_2\, int param_3\, int param_4)","68"
"FUN_00545e10","00545e10","undefined FUN_00545e10(void)","53"
"FUN_00545e50","00545e50","short * FUN_00545e50(void)","60"
"FUN_00545ea0","00545ea0","short * FUN_00545ea0(undefined4 * param_1\, float param_2\, short param_3\, undefined4 param_4\, undefined4 param_5\, short param_6\, float param_7\, float param_8)","1246"
"FUN_00546380","00546380","undefined FUN_00546380(undefined4 param_1\, undefined4 param_2\, int * param_3)","2711"
"FUN_00546e20","00546e20","undefined FUN_00546e20(undefined4 param_1\, undefined4 param_2\, int param_3)","54"
"FUN_00546e60","00546e60","undefined FUN_00546e60(void)","303"
"FUN_00546f90","00546f90","undefined FUN_00546f90(uint * param_1\, undefined4 param_2\, undefined4 param_3\, int param_4)","44"
"FUN_00546fd0","00546fd0","int FUN_00546fd0(uint * param_1\, undefined4 param_2\, char * param_3\, int param_4\, uint param_5\, undefined2 param_6\, uint param_7)","142"
"FUN_00547060","00547060","undefined FUN_00547060(int param_1\, int param_2)","136"
"FUN_005470f0","005470f0","int * FUN_005470f0(int param_1\, int param_2\, int * param_3\, int param_4\, int param_5)","167"
"FUN_005471c0","005471c0","int FUN_005471c0(int * param_1)","118"
"FUN_00547240","00547240","int FUN_00547240(int * param_1)","118"
"FUN_005474d0","005474d0","undefined FUN_005474d0(int param_1)","130"
"FUN_00547560","00547560","int FUN_00547560(int param_1\, int param_2)","31"
"FUN_00547580","00547580","int FUN_00547580(int param_1\, int param_2)","40"
"thunk_FUN_005471c0","005476b0","thunk int thunk_FUN_005471c0(int * param_1)","5"
"FUN_005476e0","005476e0","undefined FUN_005476e0(void)","23"
"FUN_00547700","00547700","undefined FUN_00547700(void)","124"
"FUN_00547780","00547780","undefined FUN_00547780(int param_1)","87"
"FUN_00547820","00547820","int FUN_00547820(int param_1)","34"
"GameAudio_Reset","00547850","undefined GameAudio_Reset(void)","67"
"FUN_005478a0","005478a0","undefined FUN_005478a0(int param_1\, float * param_2\, int param_3)","141"
"FUN_00547930","00547930","undefined FUN_00547930(uint param_1\, float * param_2\, int param_3)","33"
"FUN_00547960","00547960","undefined FUN_00547960(uint param_1\, float * param_2\, float param_3)","46"
"FUN_00547990","00547990","int FUN_00547990(uint param_1)","28"
"FUN_005479b0","005479b0","undefined FUN_005479b0(uint param_1\, int param_2\, int * param_3\, int param_4)","85"
"FUN_00547a10","00547a10","undefined FUN_00547a10(undefined4 param_1\, undefined4 param_2)","21"
"legoSetMusicVolume","00547a30","undefined legoSetMusicVolume(float param_1)","21"
"FUN_00547a70","00547a70","float10 FUN_00547a70(int param_1)","59"
"GameSetMusicVolume","00547ab0","float10 GameSetMusicVolume(OPTIONSSAVE_s * optionsSave)","110"
"FUN_00547b20","00547b20","float10 FUN_00547b20(int param_1)","123"
"FUN_00547ba0","00547ba0","undefined FUN_00547ba0(int param_1)","36"
"FUN_00547bd0","00547bd0","undefined FUN_00547bd0(int param_1\, undefined4 * param_2\, byte * param_3\, int param_4)","223"
"FUN_00547cb0","00547cb0","undefined FUN_00547cb0(undefined4 param_1\, undefined4 param_2\, int param_3\, int param_4\, float param_5)","183"
"FUN_00547d70","00547d70","undefined FUN_00547d70(byte * param_1\, float * param_2)","79"
"FUN_00547dc0","00547dc0","undefined FUN_00547dc0(float param_1\, int param_2)","354"
"FUN_00547f30","00547f30","undefined FUN_00547f30(int param_1\, undefined4 param_2)","210"
"FUN_00548020","00548020","undefined FUN_00548020(int param_1\, int param_2)","308"
"FUN_00548160","00548160","undefined FUN_00548160(int param_1)","514"
"FUN_00548370","00548370","undefined FUN_00548370(int param_1)","98"
"FUN_005483e0","005483e0","undefined FUN_005483e0(int param_1)","116"
"FUN_00548460","00548460","undefined FUN_00548460(int param_1)","209"
"FUN_00548540","00548540","undefined FUN_00548540(byte * param_1\, int param_2\, float * param_3)","171"
"FUN_005485f0","005485f0","undefined FUN_005485f0(byte * param_1\, int param_2\, int * param_3\, int param_4)","73"
"FUN_00548640","00548640","undefined FUN_00548640(int param_1\, int param_2\, int * param_3\, int param_4)","69"
"FUN_00548690","00548690","undefined FUN_00548690(int param_1\, int param_2)","121"
"FUN_00548710","00548710","undefined FUN_00548710(void)","76"
"FUN_00548780","00548780","undefined FUN_00548780(void)","53"
"FUN_005487c0","005487c0","undefined FUN_005487c0(byte * param_1\, int param_2\, float param_3\, char param_4\, undefined4 param_5\, float * param_6)","209"
"FUN_005488a0","005488a0","undefined FUN_005488a0(void)","135"
"FUN_00548930","00548930","undefined FUN_00548930(undefined4 param_1\, float param_2)","110"
"FUN_005489a0","005489a0","undefined FUN_005489a0(void)","11"
"FUN_005489b0","005489b0","int FUN_005489b0(int param_1)","82"
"FUN_00548a10","00548a10","int FUN_00548a10(int param_1)","65"
"FUN_00548a60","00548a60","undefined4 FUN_00548a60(void)","4"
"FUN_00548a70","00548a70","uint * FUN_00548a70(undefined4 param_1\, uint * param_2\, undefined4 param_3)","108"
"FUN_00548ae0","00548ae0","undefined FUN_00548ae0(int param_1\, int param_2\, int param_3)","324"
"FUN_00548c40","00548c40","undefined FUN_00548c40(int param_1\, int param_2)","577"
"FUN_00548e90","00548e90","undefined FUN_00548e90(void)","82"
"FUN_00548f00","00548f00","undefined FUN_00548f00(void)","1"
"FUN_00548f10","00548f10","undefined FUN_00548f10(void)","1"
"FUN_00548f20","00548f20","undefined FUN_00548f20(undefined * param_1)","101"
"FUN_00548fb0","00548fb0","undefined FUN_00548fb0(undefined4 param_1\, undefined4 param_2\, undefined4 * param_3\, undefined4 param_4)","46"
"FUN_00548fe0","00548fe0","undefined FUN_00548fe0(float * param_1)","97"
"FUN_00549050","00549050","undefined FUN_00549050(int param_1\, float * param_2)","987"
"FUN_00549430","00549430","undefined FUN_00549430(void)","30"
"FUN_00549450","00549450","undefined FUN_00549450(void)","119"
"FUN_005495a0","005495a0","undefined FUN_005495a0(undefined * param_1)","52"
"FUN_005495e0","005495e0","undefined FUN_005495e0(undefined * param_1)","968"
"FUN_005499b0","005499b0","undefined FUN_005499b0(void * this\, float * param_1\, float * param_2)","128"
"FUN_00549a30","00549a30","undefined FUN_00549a30(int param_1)","375"
"FUN_00549bb0","00549bb0","undefined FUN_00549bb0(undefined * param_1\, undefined4 param_2\, undefined4 param_3\, undefined4 param_4)","44"
"FUN_00549be0","00549be0","undefined FUN_00549be0(undefined * param_1\, float param_2)","498"
"FUN_00549de0","00549de0","undefined FUN_00549de0(undefined * param_1\, float param_2\, undefined1 param_3\, float * param_4)","301"
"FUN_00549f10","00549f10","undefined FUN_00549f10(void)","186"
"FUN_00549fd0","00549fd0","undefined FUN_00549fd0(void)","138"
"FUN_0054a060","0054a060","undefined FUN_0054a060(void)","102"
"FUN_0054a0d0","0054a0d0","undefined FUN_0054a0d0(void)","37"
"FUN_0054a100","0054a100","undefined FUN_0054a100(float * param_1\, float * param_2\, float * param_3\, float * param_4)","122"
"FUN_0054a180","0054a180","undefined FUN_0054a180(int * param_1)","55"
"FUN_0054a1c0","0054a1c0","undefined4 FUN_0054a1c0(void)","123"
"FUN_0054a240","0054a240","undefined4 FUN_0054a240(int param_1)","163"
"FUN_0054a2f0","0054a2f0","undefined FUN_0054a2f0(undefined * param_1)","232"
"GameCam_Blend","0054a3e0","undefined GameCam_Blend(undefined * param_1\, float param_2\, undefined4 param_3\, int param_4)","298"
"FUN_0054a510","0054a510","int FUN_0054a510(undefined * param_1)","60"
"FUN_0054a5a0","0054a5a0","undefined4 * FUN_0054a5a0(void)","49"
"FUN_0054a5e0","0054a5e0","undefined FUN_0054a5e0(void)","117"
"FUN_0054a690","0054a690","float10 FUN_0054a690(int param_1)","224"
"FUN_0054a770","0054a770","undefined4 FUN_0054a770(int param_1)","113"
"ResetRumble","0054a7f0","undefined ResetRumble(int param_1)","17"
"FUN_0054a810","0054a810","undefined FUN_0054a810(int param_1)","63"
"FUN_0054a850","0054a850","undefined FUN_0054a850(undefined4 param_1\, undefined4 param_2\, int param_3)","66"
"FUN_0054a8a0","0054a8a0","undefined FUN_0054a8a0(int param_1)","40"
"FUN_0054a8d0","0054a8d0","undefined FUN_0054a8d0(int param_1)","54"
"FUN_0054a910","0054a910","undefined FUN_0054a910(undefined4 param_1\, undefined4 param_2)","146"
"FUN_0054a9b0","0054a9b0","undefined FUN_0054a9b0(undefined4 param_1\, undefined4 param_2\, int param_3)","90"
"FUN_0054aa10","0054aa10","undefined FUN_0054aa10(undefined4 param_1\, undefined4 param_2\, int param_3)","94"
"FUN_0054aa70","0054aa70","undefined FUN_0054aa70(undefined4 param_1\, undefined4 param_2\, int param_3)","108"
"FUN_0054aae0","0054aae0","undefined FUN_0054aae0(undefined4 param_1\, undefined4 param_2\, int param_3)","92"
"FUN_0054ab40","0054ab40","undefined FUN_0054ab40(int param_1)","182"
"FUN_0054ac00","0054ac00","undefined FUN_0054ac00(undefined4 param_1\, undefined4 param_2\, int param_3)","221"
"FUN_0054ad40","0054ad40","undefined FUN_0054ad40(int param_1\, int param_2)","249"
"FUN_0054ae40","0054ae40","int FUN_0054ae40(int param_1)","591"
"FUN_0054b090","0054b090","undefined FUN_0054b090(void)","32"
"FUN_0054b0b0","0054b0b0","undefined FUN_0054b0b0(undefined * param_1)","786"
"FUN_0054b3d0","0054b3d0","int FUN_0054b3d0(int param_1\, int param_2)","99"
"FUN_0054b440","0054b440","undefined4 FUN_0054b440(void)","204"
"FUN_0054b540","0054b540","undefined FUN_0054b540(undefined * param_1)","49"
"FUN_0054b580","0054b580","undefined FUN_0054b580(void)","27"
"FUN_0054b5a0","0054b5a0","undefined * FUN_0054b5a0(undefined4 param_1)","58"
"FUN_0054b600","0054b600","undefined FUN_0054b600(char * param_1\, uint * param_2\, uint * param_3)","62"
"FUN_0054b640","0054b640","undefined4 FUN_0054b640(void)","6"
"FUN_0054b650","0054b650","undefined FUN_0054b650(int param_1\, uint * param_2)","111"
"FUN_0054b6c0","0054b6c0","undefined4 FUN_0054b6c0(void)","6"
"FUN_0054b6d0","0054b6d0","undefined4 FUN_0054b6d0(void)","221"
"FUN_0054b7b0","0054b7b0","undefined FUN_0054b7b0(byte * param_1\, int * param_2\, int param_3\, int param_4)","544"
"FUN_0054b9d0","0054b9d0","undefined FUN_0054b9d0(int * param_1\, int param_2\, int param_3)","173"
"FUN_0054ba80","0054ba80","undefined FUN_0054ba80(char * param_1\, undefined1 * param_2\, int param_3)","165"
"FUN_0054bb30","0054bb30","undefined FUN_0054bb30(uint param_1\, undefined1 * param_2)","132"
"FUN_0054bbc0","0054bbc0","undefined FUN_0054bbc0(undefined4 param_1\, undefined4 param_2\, undefined4 param_3\, int param_4\, int param_5\, int param_6\, char * param_7)","392"
"FUN_0054bd50","0054bd50","undefined FUN_0054bd50(char * param_1\, char * param_2)","279"
"FUN_0054be70","0054be70","int FUN_0054be70(char * param_1\, char * param_2\, int param_3)","141"
"FUN_0054bf00","0054bf00","undefined FUN_0054bf00(int param_1)","26"
"FUN_0054bf20","0054bf20","undefined FUN_0054bf20(float param_1)","262"
"FUN_0054c030","0054c030","undefined FUN_0054c030(int param_1\, int param_2\, int param_3)","133"
"FUN_0054c0c0","0054c0c0","undefined FUN_0054c0c0(float param_1\, int param_2\, float param_3\, byte * param_4)","2098"
"FUN_0054d000","0054d000","undefined FUN_0054d000(void)","242"
"FUN_0054d100","0054d100","undefined FUN_0054d100(void * this\, float * param_1\, int param_2)","202"
"FUN_0054d1d0","0054d1d0","undefined FUN_0054d1d0(void)","311"
"FUN_0054d310","0054d310","undefined FUN_0054d310(int param_1\, undefined4 param_2\, int param_3)","237"
"FUN_0054d410","0054d410","int FUN_0054d410(int param_1\, int param_2\, int param_3)","137"
"FUN_0054d4a0","0054d4a0","undefined FUN_0054d4a0(void * this\, float * param_1\, int * param_2\, float * param_3)","495"
"FUN_0054d6a0","0054d6a0","undefined4 FUN_0054d6a0(float param_1\, float * param_2\, int param_3\, float * param_4)","190"
"FUN_0054d760","0054d760","int FUN_0054d760(int param_1\, float * param_2)","184"
"FUN_0054d820","0054d820","undefined FUN_0054d820(int param_1\, int param_2\, ushort param_3\, float param_4)","787"
"FUN_0054db40","0054db40","undefined FUN_0054db40(undefined4 param_1\, undefined4 param_2\, int param_3)","231"
"FUN_0054dc30","0054dc30","undefined4 FUN_0054dc30(int param_1)","126"
"FUN_0054dcb0","0054dcb0","undefined FUN_0054dcb0(int param_1)","458"
"FUN_0054e030","0054e030","undefined FUN_0054e030(int param_1\, undefined4 param_2\, undefined4 * param_3)","129"
"FUN_0054e0c0","0054e0c0","undefined FUN_0054e0c0(int param_1)","1376"
"FUN_0054e750","0054e750","undefined * FUN_0054e750(int param_1\, undefined1 param_2)","118"
"FUN_0054e7d0","0054e7d0","undefined * FUN_0054e7d0(int param_1)","67"
"FUN_0054e820","0054e820","float10 FUN_0054e820(int param_1)","112"
"FUN_0054e890","0054e890","int FUN_0054e890(ushort param_1)","46"
"FUN_0054e8c0","0054e8c0","undefined FUN_0054e8c0(undefined4 param_1\, undefined4 param_2)","183"
"FUN_0054e980","0054e980","undefined FUN_0054e980(void)","184"
"FUN_0054ea40","0054ea40","undefined FUN_0054ea40(float param_1)","3392"
"FUN_0054f780","0054f780","undefined4 FUN_0054f780(int param_1)","67"
"FUN_0054f7d0","0054f7d0","undefined FUN_0054f7d0(int param_1\, float * param_2)","141"
"FUN_0054f860","0054f860","undefined4 FUN_0054f860(int param_1)","159"
"FUN_0054f900","0054f900","undefined FUN_0054f900(int param_1)","21"
"FUN_0054f920","0054f920","undefined4 FUN_0054f920(int param_1\, undefined4 * param_2)","55"
"FUN_0054f970","0054f970","undefined FUN_0054f970(void)","1"
"FUN_0054fa00","0054fa00","undefined FUN_0054fa00(undefined4 * param_1)","95"
"qrand","0054fa60","undefined qrand(void)","25"
"ResetSeeds","0054fa90","undefined ResetSeeds(void)","61"
"FUN_0054fad0","0054fad0","float10 FUN_0054fad0(float param_1\, float param_2\, float param_3)","104"
"FUN_0054fb40","0054fb40","float10 FUN_0054fb40(float param_1\, float param_2\, float param_3)","64"
"FUN_0054fb80","0054fb80","undefined FUN_0054fb80(float * param_1\, float * param_2\, float * param_3\, float param_4)","94"
"FUN_0054fbe0","0054fbe0","undefined FUN_0054fbe0(float * param_1\, float param_2\, float * param_3)","130"
"FUN_0054fc70","0054fc70","undefined4 FUN_0054fc70(float * param_1\, float param_2\, float * param_3\, float param_4)","101"
"FUN_0054fce0","0054fce0","undefined4 FUN_0054fce0(float * param_1\, float param_2\, float param_3\, float * param_4\, float param_5\, float param_6)","165"
"FUN_0054fd90","0054fd90","undefined4 FUN_0054fd90(float * param_1\, float * param_2\, float * param_3\, float * param_4\, float param_5\, float * param_6)","238"
"FUN_0054fec0","0054fec0","undefined FUN_0054fec0(undefined4 param_1\, undefined4 param_2\, undefined4 * param_3\, undefined2 * param_4\, short * param_5)","126"
"FUN_0054ff40","0054ff40","undefined FUN_0054ff40(undefined4 param_1\, undefined4 param_2\, float * param_3\, undefined2 * param_4\, undefined2 * param_5)","119"
"FUN_0054ffc0","0054ffc0","undefined FUN_0054ffc0(float * param_1\, short * param_2\, undefined2 * param_3)","124"
"FUN_00550040","00550040","int FUN_00550040(ushort param_1\, ushort param_2)","38"
"FUN_00550070","00550070","uint FUN_00550070(ushort param_1\, ushort param_2\, float param_3)","133"
"FUN_00550100","00550100","uint FUN_00550100(undefined4 param_1\, undefined4 param_2\, ushort param_3\, ushort param_4\, undefined4 param_5\, int * param_6)","114"
"FUN_00550180","00550180","float10 FUN_00550180(uint param_1\, ushort param_2)","75"
"FUN_005501d0","005501d0","undefined FUN_005501d0(float * param_1\, float * param_2\, undefined2 * param_3\, undefined2 * param_4)","126"
"FUN_00550250","00550250","undefined FUN_00550250(float * param_1\, float * param_2\, float * param_3\, float param_4\, float * param_5\, float * param_6)","209"
"FUN_00550330","00550330","undefined FUN_00550330(float * param_1\, undefined4 param_2\, ushort param_3\, ushort param_4\, ushort param_5)","329"
"FUN_00550490","00550490","undefined4 FUN_00550490(float * param_1\, int param_2\, float param_3\, float param_4\, float * param_5)","257"
"FUN_005505a0","005505a0","undefined4 FUN_005505a0(undefined4 param_1\, float param_2\, float param_3\, undefined4 * param_4)","97"
"FUN_00550690","00550690","undefined FUN_00550690(float * param_1\, float * param_2\, float * param_3\, float param_4)","81"
"FUN_005506f0","005506f0","float10 FUN_005506f0(int param_1\, float * param_2\, float param_3\, byte param_4)","305"
"FUN_00550830","00550830","float10 FUN_00550830(float * param_1\, float param_2\, float param_3\, float param_4)","181"
"FUN_005508f0","005508f0","undefined FUN_005508f0(undefined4 param_1\, int param_2\, int param_3\, undefined2 * param_4\, undefined2 * param_5)","298"
"FUN_00550a20","00550a20","undefined FUN_00550a20(short * param_1\, float param_2\, float * param_3\, ushort * param_4\, ushort * param_5\, int param_6)","560"
"FUN_00550cf0","00550cf0","undefined4 FUN_00550cf0(float param_1\, float param_2\, float param_3\, float param_4\, float param_5\, float param_6)","68"
"FUN_00550e20","00550e20","float10 FUN_00550e20(undefined4 param_1\, undefined4 param_2\, float * param_3\, float * param_4\, float * param_5)","227"
"FUN_00550f10","00550f10","float10 FUN_00550f10(undefined4 param_1\, undefined4 param_2\, float * param_3\, float * param_4\, float * param_5)","135"
"FUN_00550fa0","00550fa0","float10 FUN_00550fa0(undefined4 param_1\, undefined4 param_2\, float * param_3\, undefined4 param_4\, float * param_5\, float * param_6\, undefined4 param_7)","74"
"FUN_00550ff0","00550ff0","undefined4 FUN_00550ff0(float * param_1\, float * param_2\, float * param_3\, float * param_4\, float * param_5\, float * param_6)","380"
"FUN_00551170","00551170","undefined4 FUN_00551170(float * param_1\, float * param_2\, float * param_3\, float * param_4\, float * param_5\, float * param_6)","505"
"FUN_00551370","00551370","float10 FUN_00551370(float * param_1\, float * param_2\, float * param_3\, float * param_4\, float param_5)","106"
"FUN_005513e0","005513e0","float10 FUN_005513e0(float * param_1\, float * param_2\, float * param_3\, float * param_4\, float * param_5\, float * param_6)","838"
"FUN_00551730","00551730","undefined4 FUN_00551730(float * param_1\, float * param_2\, float * param_3\, float param_4\, float * param_5)","205"
"FUN_00551800","00551800","undefined4 FUN_00551800(float * param_1\, float * param_2\, float * param_3\, float param_4)","153"
"FUN_005518a0","005518a0","undefined FUN_005518a0(int * param_1\, float param_2)","915"
"FUN_00551c40","00551c40","undefined FUN_00551c40(float * param_1\, undefined4 * param_2\, short * param_3\, char param_4\, short param_5\, short param_6)","367"
"FUN_00552020","00552020","undefined4 FUN_00552020(float * param_1\, short * param_2\, float * param_3\, float * param_4\, int param_5)","1269"
"FUN_00552520","00552520","undefined FUN_00552520(float * param_1\, uint param_2\, float * param_3)","333"
"FUN_00552670","00552670","void * FUN_00552670(int * param_1\, uint * param_2\, size_t param_3)","71"
"FUN_005526c0","005526c0","undefined FUN_005526c0(int * param_1\, float param_2\, float * param_3\, int param_4)","157"
"FUN_00552760","00552760","undefined FUN_00552760(int * param_1\, float param_2)","181"
"FUN_00552820","00552820","float10 FUN_00552820(int * param_1)","134"
"FUN_005528b0","005528b0","undefined FUN_005528b0(int param_1)","60"
"FUN_005529f0","005529f0","undefined FUN_005529f0(int * param_1)","203"
"FUN_00552ac0","00552ac0","undefined FUN_00552ac0(void)","13"
"FUN_00552ad0","00552ad0","int FUN_00552ad0(undefined * param_1\, int param_2\, float * param_3\, ushort param_4\, ushort param_5\, ushort param_6\, float param_7\, float param_8\, float param_9\, undefined4 param_10)","238"
"FUN_00552bc0","00552bc0","int FUN_00552bc0(undefined * param_1\, int param_2\, float * param_3)","71"
"FUN_00552c10","00552c10","undefined4 FUN_00552c10(float param_1\, float param_2\, undefined4 param_3\, float param_4\, float param_5\, float param_6\, ushort param_7\, ushort param_8\, ushort param_9\, int * param_10\, undefined4 param_11\, float param_12)","255"
"FUN_00552d10","00552d10","undefined4 FUN_00552d10(float param_1\, float param_2\, undefined4 param_3\, float param_4\, float param_5\, float param_6\, ushort param_7\, ushort param_8\, ushort param_9\, int * param_10\, undefined4 param_11)","229"
"FUN_00552e00","00552e00","undefined4 FUN_00552e00(int * param_1\, float * param_2\, float param_3)","78"
"FUN_00552e50","00552e50","int FUN_00552e50(int * param_1\, float * param_2)","57"
"FUN_00552e90","00552e90","undefined FUN_00552e90(undefined * param_1\, int param_2\, int param_3\, int * param_4\, int param_5\, int param_6\, int param_7\, int param_8\, undefined4 param_9\, float * param_10\, float * param_11\, float param_12\, float param_13)","1264"
"FUN_00553380","00553380","undefined FUN_00553380(void)","107"
"FUN_005533f0","005533f0","undefined FUN_005533f0(uint * param_1\, uint param_2\, int param_3\, int param_4)","242"
"FUN_00553500","00553500","float10 FUN_00553500(float * param_1)","100"
"FUN_00553570","00553570","undefined FUN_00553570(int * param_1\, short * param_2\, float param_3\, undefined1 param_4)","156"
"FUN_00553610","00553610","undefined FUN_00553610(int * param_1\, float param_2)","238"
"FUN_00553710","00553710","undefined FUN_00553710(void)","1"
"FUN_00553780","00553780","undefined FUN_00553780(int param_1)","162"
"FUN_00553830","00553830","undefined FUN_00553830(int param_1)","219"
"FUN_00553910","00553910","int FUN_00553910(void)","59"
"FUN_005539a0","005539a0","undefined FUN_005539a0(void)","252"
"FUN_00553aa0","00553aa0","undefined FUN_00553aa0(int param_1)","1936"
"FUN_00554350","00554350","undefined FUN_00554350(int param_1)","568"
"FUN_005545a0","005545a0","int FUN_005545a0(int param_1\, char * param_2)","131"
"FUN_00554630","00554630","undefined FUN_00554630(int param_1)","520"
"FUN_00554870","00554870","undefined FUN_00554870(int * param_1\, int param_2\, int param_3)","133"
"FUN_005549e0","005549e0","int FUN_005549e0(void)","216"
"FUN_00554ac0","00554ac0","undefined FUN_00554ac0(int param_1)","640"
"FUN_00554d40","00554d40","char FUN_00554d40(int param_1)","42"
"FUN_00554d70","00554d70","undefined FUN_00554d70(int param_1)","178"
"FUN_00554e30","00554e30","undefined4 FUN_00554e30(undefined4 param_1\, undefined4 param_2\, int param_3\, int param_4)","441"
"FUN_00554ff0","00554ff0","undefined4 FUN_00554ff0(float param_1\, int param_2)","86"
"FUN_005552b0","005552b0","undefined FUN_005552b0(int param_1\, undefined4 param_2\, int param_3)","237"
"FUN_005553e0","005553e0","undefined FUN_005553e0(void)","366"
"FUN_005557e0","005557e0","int FUN_005557e0(int param_1\, int param_2\, int param_3\, byte * param_4)","329"
"FUN_00555930","00555930","undefined FUN_00555930(int param_1)","138"
"FUN_00555fb0","00555fb0","int FUN_00555fb0(int param_1\, float * param_2\, int param_3)","215"
"FUN_00556090","00556090","int FUN_00556090(float * param_1\, int param_2\, float * param_3)","213"
"FUN_00556190","00556190","undefined FUN_00556190(undefined4 param_1\, undefined4 param_2\, int param_3)","1865"
"FUN_005568e0","005568e0","undefined FUN_005568e0(int param_1)","995"
"FUN_00556ea0","00556ea0","undefined FUN_00556ea0(int param_1\, undefined4 param_2\, int param_3)","148"
"FUN_00557100","00557100","undefined FUN_00557100(int param_1\, int * param_2)","732"
"FUN_005573e0","005573e0","undefined FUN_005573e0(int param_1\, int * param_2)","80"
"FUN_00557690","00557690","undefined FUN_00557690(void)","48"
"FUN_005576c0","005576c0","undefined FUN_005576c0(int param_1)","280"
"FUN_00557940","00557940","undefined FUN_00557940(int param_1)","21"
"FUN_00557960","00557960","undefined FUN_00557960(int param_1)","111"
"FUN_005579d0","005579d0","undefined FUN_005579d0(int param_1)","119"
"FUN_00557a50","00557a50","undefined4 FUN_00557a50(float * param_1)","165"
"FUN_00557b00","00557b00","undefined4 FUN_00557b00(undefined4 param_1\, int param_2)","130"
"FUN_00557b90","00557b90","undefined FUN_00557b90(int param_1)","1164"
"FUN_00558480","00558480","undefined FUN_00558480(int param_1)","133"
"FUN_00558510","00558510","undefined FUN_00558510(int param_1\, undefined4 param_2)","19"
"FUN_00558530","00558530","undefined FUN_00558530(int param_1\, undefined4 param_2\, undefined4 param_3)","53"
"FUN_00558570","00558570","int FUN_00558570(int * param_1\, float * param_2\, int param_3\, float * param_4\, uint param_5)","246"
"FUN_00558670","00558670","undefined FUN_00558670(int param_1\, int * param_2)","119"
"FUN_00558710","00558710","undefined FUN_00558710(int * param_1\, int param_2\, undefined4 param_3\, int * param_4)","92"
"FUN_005588b0","005588b0","undefined FUN_005588b0(undefined4 param_1\, undefined4 * param_2)","99"
"FUN_00558920","00558920","byte * FUN_00558920(undefined4 * param_1\, byte * param_2)","70"
"FUN_00558970","00558970","undefined FUN_00558970(int param_1)","25"
"FUN_00558990","00558990","undefined FUN_00558990(int param_1)","25"
"FUN_00558a70","00558a70","undefined4 FUN_00558a70(int param_1\, int param_2\, undefined4 param_3\, int param_4)","295"
"FUN_005592c0","005592c0","int FUN_005592c0(int param_1)","55"
"FUN_00559570","00559570","undefined FUN_00559570(void)","1"
"FUN_00559580","00559580","undefined FUN_00559580(void)","1"
"FUN_005595b0","005595b0","undefined4 FUN_005595b0(void * param_1)","35"
"FUN_00559610","00559610","void * FUN_00559610(int * param_1\, uint * param_2\, size_t param_3)","67"
"FUN_00559660","00559660","undefined FUN_00559660(int * param_1\, uint * param_2\, int * param_3\, int param_4)","638"
"FUN_005598e0","005598e0","undefined4 * FUN_005598e0(undefined4 param_1\, int * param_2\, uint * param_3)","289"
"FUN_00559a20","00559a20","undefined FUN_00559a20(undefined4 param_1\, int * param_2\, undefined4 param_3)","89"
"FUN_00559a80","00559a80","undefined FUN_00559a80(int * param_1\, undefined4 param_2\, undefined4 param_3\, undefined4 param_4\, undefined4 param_5)","105"
"FUN_00559af0","00559af0","undefined FUN_00559af0(undefined4 param_1\, int param_2)","94"
"FUN_00559b50","00559b50","undefined FUN_00559b50(int * param_1\, undefined4 param_2\, int param_3)","132"
"FUN_00559be0","00559be0","undefined FUN_00559be0(int * param_1\, undefined4 param_2\, int param_3)","116"
"FUN_00559c60","00559c60","undefined FUN_00559c60(int * param_1\, undefined4 param_2\, undefined4 param_3)","97"
"FUN_00559cd0","00559cd0","undefined FUN_00559cd0(int * param_1\, undefined4 param_2\, undefined4 param_3)","97"
"FUN_00559d40","00559d40","undefined FUN_00559d40(int * param_1\, undefined4 param_2\, undefined4 param_3)","97"
"FUN_00559db0","00559db0","undefined FUN_00559db0(int * param_1\, undefined4 param_2\, undefined4 param_3)","97"
"FUN_00559e20","00559e20","int FUN_00559e20(int param_1\, char * param_2)","85"
"FUN_00559ee0","00559ee0","int * FUN_00559ee0(int * param_1\, int param_2\, char * param_3\, int param_4)","112"
"FUN_00559f50","00559f50","int * FUN_00559f50(int * param_1\, int param_2\, int param_3)","202"
"FUN_0055a020","0055a020","int FUN_0055a020(int * param_1\, int param_2\, byte * param_3)","244"
"FUN_0055a120","0055a120","undefined4 FUN_0055a120(int param_1)","52"
"FUN_0055a1b0","0055a1b0","undefined4 FUN_0055a1b0(int param_1\, int param_2\, undefined4 param_3\, undefined4 param_4)","70"
"FUN_0055a250","0055a250","undefined FUN_0055a250(int param_1\, int param_2\, int param_3)","92"
"FUN_0055a2b0","0055a2b0","undefined FUN_0055a2b0(int param_1\, int param_2\, int param_3)","107"
"FUN_0055a320","0055a320","undefined4 FUN_0055a320(int param_1\, int param_2)","60"
"FUN_0055a360","0055a360","undefined4 FUN_0055a360(undefined4 param_1\, int param_2)","48"
"FUN_0055a390","0055a390","int FUN_0055a390(int param_1\, undefined4 param_2\, int param_3\, int param_4\, undefined4 param_5)","136"
"FUN_0055a970","0055a970","undefined4 FUN_0055a970(int * param_1\, byte * param_2)","144"
"FUN_0055aa00","0055aa00","undefined4 FUN_0055aa00(byte * param_1\, byte * param_2)","89"
"FUN_0055aa60","0055aa60","undefined FUN_0055aa60(int * param_1\, byte * param_2\, byte * param_3\, byte * param_4\, int param_5)","345"
"FUN_0055abd0","0055abd0","undefined4 FUN_0055abd0(int * param_1\, undefined4 param_2\, int param_3\, undefined4 param_4)","118"
"FUN_0055ac80","0055ac80","undefined FUN_0055ac80(int param_1)","74"
"FUN_0055acd0","0055acd0","undefined4 FUN_0055acd0(int param_1\, int * param_2\, byte * param_3\, undefined4 param_4\, int param_5\, int param_6\, int param_7)","151"
"FUN_0055ad70","0055ad70","undefined FUN_0055ad70(void * this\, int * param_1\, undefined4 param_2\, undefined4 param_3)","421"
"FUN_0055af20","0055af20","undefined FUN_0055af20(int * param_1\, int * param_2\, undefined4 param_3)","169"
"FUN_0055b050","0055b050","undefined FUN_0055b050(int * param_1\, undefined4 param_2\, int param_3\, int param_4\, char * param_5)","139"
"FUN_0055b0e0","0055b0e0","undefined FUN_0055b0e0(int param_1\, int param_2\, int param_3\, int param_4)","146"
"FUN_0055b1c0","0055b1c0","int FUN_0055b1c0(byte * param_1)","69"
"FUN_0055b260","0055b260","undefined4 FUN_0055b260(char * param_1\, undefined4 * param_2\, undefined4 * param_3\, char * param_4)","106"
"FUN_0055b2d0","0055b2d0","undefined FUN_0055b2d0(int * param_1)","46"
"FUN_0055b300","0055b300","undefined FUN_0055b300(int * param_1\, int param_2\, uint * param_3\, undefined4 param_4)","145"
"FUN_0055b3a0","0055b3a0","undefined FUN_0055b3a0(int param_1)","179"
"FUN_0055b460","0055b460","undefined FUN_0055b460(short * param_1\, uint * param_2\, undefined4 param_3)","180"
"FUN_0055b520","0055b520","int * FUN_0055b520(int param_1\, int param_2)","80"
"FUN_0055b570","0055b570","undefined FUN_0055b570(int param_1\, int param_2\, float * param_3\, float * param_4)","63"
"FUN_0055b5b0","0055b5b0","undefined FUN_0055b5b0(int param_1)","85"
"FUN_0055b610","0055b610","undefined FUN_0055b610(void)","70"
"FUN_0055b660","0055b660","undefined FUN_0055b660(char * param_1\, int * param_2)","83"
"FUN_0055b6c0","0055b6c0","undefined4 FUN_0055b6c0(int param_1)","29"
"FUN_0055b6e0","0055b6e0","undefined FUN_0055b6e0(short * param_1\, undefined4 param_2\, uint * param_3\, undefined4 * param_4)","257"
"FUN_0055b7f0","0055b7f0","undefined FUN_0055b7f0(void)","63"
"FUN_0055b830","0055b830","undefined FUN_0055b830(int param_1\, float param_2\, float param_3\, float param_4\, float param_5\, int param_6\, float param_7\, float param_8\, int param_9\, int * param_10)","641"
"FUN_0055bac0","0055bac0","int FUN_0055bac0(int param_1\, byte * param_2)","98"
"FUN_0055bbf0","0055bbf0","undefined FUN_0055bbf0(int * param_1)","48"
"FUN_0055bc20","0055bc20","int FUN_0055bc20(byte * param_1)","13"
"FUN_0055bc2d","0055bc2d","int FUN_0055bc2d(byte * param_1)","68"
"FUN_0055bc80","0055bc80","undefined4 FUN_0055bc80(int param_1\, int param_2)","115"
"FUN_0055bd00","0055bd00","undefined FUN_0055bd00(uint param_1\, uint param_2\, uint param_3\, uint param_4\, int param_5\, int param_6\, int param_7\, int param_8)","187"
"FUN_0055bdc0","0055bdc0","undefined FUN_0055bdc0(short * param_1\, int param_2\, uint * param_3\, uint * param_4\, int param_5\, int param_6)","82"
"FUN_0055be20","0055be20","undefined4 FUN_0055be20(short * param_1\, uint param_2\, uint param_3\, int param_4\, int param_5)","193"
"FUN_0055bef0","0055bef0","undefined FUN_0055bef0(uint param_1\, uint param_2\, int param_3\, short * param_4\, int param_5)","396"
"FUN_0055c080","0055c080","undefined FUN_0055c080(int param_1\, int param_2)","28"
"FUN_0055c0a0","0055c0a0","int FUN_0055c0a0(byte * param_1)","76"
"FUN_0055c120","0055c120","undefined FUN_0055c120(undefined4 param_1)","550"
"FUN_0055c560","0055c560","undefined FUN_0055c560(int param_1)","126"
"FUN_0055c5e0","0055c5e0","undefined FUN_0055c5e0(void)","13"
"FUN_0055c5f0","0055c5f0","undefined FUN_0055c5f0(void)","16"
"FUN_0055c600","0055c600","undefined FUN_0055c600(void)","79"
"FUN_0055c650","0055c650","undefined FUN_0055c650(undefined4 param_1\, undefined4 param_2\, undefined4 param_3)","64"
"FUN_0055c690","0055c690","undefined4 FUN_0055c690(void)","49"
"Game_Exit","0055c6d0","undefined4 Game_Exit(undefined4 param_1)","175"
"FUN_0055c780","0055c780","int FUN_0055c780(int param_1)","150"
"AddToCompletionPoints","0055c820","undefined AddToCompletionPoints(short param_1)","87"
"FUN_0055c880","0055c880","undefined4 FUN_0055c880(void)","24"
"AddToGoldBricks","0055c8a0","undefined AddToGoldBricks(void)","70"
"FUN_0055c950","0055c950","undefined FUN_0055c950(int * param_1)","42"
"FUN_0055c980","0055c980","undefined FUN_0055c980(void)","111"
"FUN_0055c9f0","0055c9f0","void * FUN_0055c9f0(void)","212"
"RemoveGameObject","0055cad0","undefined RemoveGameObject(void * param_1)","362"
"FUN_0055cc40","0055cc40","undefined FUN_0055cc40(int param_1)","139"
"ScaleGameObject","0055ccd0","undefined ScaleGameObject(GameObject_s * param_1)","79"
"FUN_0055cd20","0055cd20","undefined FUN_0055cd20(int param_1)","82"
"FUN_0055cd80","0055cd80","undefined FUN_0055cd80(int param_1)","104"
"FUN_0055cdf0","0055cdf0","undefined4 FUN_0055cdf0(int param_1)","41"
"FUN_0055ce20","0055ce20","int FUN_0055ce20(int param_1\, uint param_2\, int param_3\, int param_4\, int param_5)","179"
"FUN_0055cee0","0055cee0","int FUN_0055cee0(float * param_1\, int param_2\, uint param_3\, float param_4\, float param_5\, int param_6\, int param_7\, int param_8\, float * param_9\, int param_10\, undefined * param_11)","585"
"FUN_0055d130","0055d130","undefined4 FUN_0055d130(int param_1\, float param_2\, float * param_3)","173"
"FUN_0055d1e0","0055d1e0","undefined FUN_0055d1e0(void)","197"
"FUN_0055d2b0","0055d2b0","undefined FUN_0055d2b0(int param_1)","993"
"FUN_0055d6a0","0055d6a0","undefined FUN_0055d6a0(int param_1\, int param_2\, int param_3\, short param_4\, int param_5)","121"
"FUN_0055d720","0055d720","undefined FUN_0055d720(int param_1\, undefined4 * param_2\, undefined2 param_3\, undefined4 * param_4\, int param_5)","408"
"FUN_0055d8c0","0055d8c0","undefined FUN_0055d8c0(int param_1)","1198"
"FUN_0055dd70","0055dd70","undefined FUN_0055dd70(int param_1\, undefined4 param_2\, undefined1 param_3\, undefined4 param_4\, undefined4 param_5)","47"
"FUN_0055ddc0","0055ddc0","undefined FUN_0055ddc0(float param_1)","1008"
"RememberPlayerIDs","0055e1b0","undefined RememberPlayerIDs(int param_1\, int param_2\, int param_3)","249"
"FUN_0055e300","0055e300","int FUN_0055e300(int param_1)","59"
"FUN_0055e340","0055e340","undefined4 FUN_0055e340(float * param_1\, undefined4 * param_2)","205"
"FUN_0055e410","0055e410","undefined FUN_0055e410(void)","85"
"FUN_0055e470","0055e470","bool FUN_0055e470(int param_1)","48"
"Player_ClearContext","0055e4a0","undefined Player_ClearContext(GameObject_s * obj\, undefined4 param_2)","58"
"Player_ResetContexts","0055e4e0","undefined Player_ResetContexts(PLAYERPACKET_s * playerPacket)","280"
"FUN_0055e600","0055e600","undefined4 FUN_0055e600(int param_1)","85"
"FUN_0055e660","0055e660","undefined FUN_0055e660(undefined4 param_1\, undefined4 param_2\, float * param_3\, float param_4\, float * param_5\, float * param_6\, int param_7\, int param_8\, float param_9\, byte param_10)","780"
"FUN_0055e970","0055e970","bool FUN_0055e970(float * param_1\, int * param_2\, float * param_3\, char param_4\, uint param_5)","148"
"FUN_0055eaa0","0055eaa0","undefined FUN_0055eaa0(int param_1\, int param_2\, int param_3)","1787"
"FUN_0055f1a0","0055f1a0","undefined4 FUN_0055f1a0(void)","45"
"FUN_0055f1d0","0055f1d0","undefined4 FUN_0055f1d0(int param_1)","49"
"FUN_0055f210","0055f210","undefined4 FUN_0055f210(int param_1)","49"
"FUN_0055f250","0055f250","undefined4 FUN_0055f250(int param_1)","49"
"FUN_0055f2c0","0055f2c0","undefined4 FUN_0055f2c0(int param_1)","82"
"FUN_0055f320","0055f320","undefined4 FUN_0055f320(int param_1)","49"
"FUN_0055f360","0055f360","undefined4 FUN_0055f360(int param_1)","71"
"FUN_0055f3e0","0055f3e0","undefined FUN_0055f3e0(void * this\, int param_1)","73"
"WorldInfo_InitOnce","0055f430","undefined WorldInfo_InitOnce(void)","21"
"FUN_0055f450","0055f450","undefined * FUN_0055f450(void)","6"
"FUN_0055f460","0055f460","undefined * FUN_0055f460(void)","6"
"FUN_0055f470","0055f470","undefined FUN_0055f470(int param_1\, int param_2)","132"
"FUN_0055f500","0055f500","undefined4 FUN_0055f500(undefined * param_1)","36"
"FUN_0055f560","0055f560","undefined FUN_0055f560(int param_1\, int param_2)","103"
"FUN_0055f5d0","0055f5d0","undefined FUN_0055f5d0(int param_1)","124"
"FUN_0055f650","0055f650","undefined FUN_0055f650(int param_1)","104"
"WorldInfo_Dump","0055f6c0","undefined WorldInfo_Dump(int param_1)","463"
"FUN_0055f8a0","0055f8a0","undefined4 FUN_0055f8a0(float * param_1\, int param_2\, undefined4 param_3\, undefined4 param_4)","186"
"FUN_0055f960","0055f960","undefined FUN_0055f960(int param_1\, int param_2)","338"
"FUN_0055fac0","0055fac0","undefined FUN_0055fac0(int param_1)","229"
"FUN_0055fbb0","0055fbb0","undefined FUN_0055fbb0(int param_1)","49"
"FUN_0055fbf0","0055fbf0","undefined FUN_0055fbf0(int param_1\, int param_2)","313"
"FUN_0055fd40","0055fd40","undefined4 FUN_0055fd40(int param_1\, undefined4 * param_2)","202"
"FUN_0055fe10","0055fe10","undefined FUN_0055fe10(int param_1)","113"
"FUN_0055fe90","0055fe90","undefined FUN_0055fe90(int param_1)","155"
"FUN_0055ff30","0055ff30","undefined FUN_0055ff30(int param_1)","125"
"WorldInfo_Reset","0055ffb0","undefined4 WorldInfo_Reset(char * param_1\, int param_2)","496"
"FUN_005601a0","005601a0","undefined FUN_005601a0(float param_1)","1029"
"FUN_005605b0","005605b0","undefined FUN_005605b0(void)","115"
"FUN_00560630","00560630","undefined FUN_00560630(void)","154"
"FUN_005606d0","005606d0","undefined FUN_005606d0(undefined * param_1)","963"
"FUN_00560aa0","00560aa0","undefined FUN_00560aa0(void)","18"
"FUN_00560b40","00560b40","undefined FUN_00560b40(void)","23"
"FUN_00560b60","00560b60","undefined FUN_00560b60(int * param_1)","1071"
"FUN_00560fa0","00560fa0","undefined FUN_00560fa0(int param_1\, undefined4 param_2\, undefined4 param_3\, undefined4 param_4\, undefined4 param_5\, undefined1 param_6\, undefined1 param_7\, undefined1 param_8\, undefined4 param_9\, undefined4 param_10)","123"
"FUN_00561020","00561020","undefined FUN_00561020(undefined4 param_1\, undefined4 param_2)","718"
"FUN_005612f0","005612f0","undefined FUN_005612f0(float * param_1\, float * param_2\, float * param_3)","267"
"FUN_00561400","00561400","undefined FUN_00561400(undefined4 param_1\, undefined4 param_2)","1222"
"FUN_005618e0","005618e0","int FUN_005618e0(int param_1\, int param_2\, int param_3\, char * param_4)","88"
"FUN_00561940","00561940","undefined FUN_00561940(undefined4 * param_1\, undefined4 param_2\, undefined4 param_3\, undefined1 param_4\, undefined1 param_5\, undefined1 param_6\, undefined4 param_7)","191"
"FUN_00561a00","00561a00","undefined FUN_00561a00(int param_1\, undefined4 param_2\, undefined4 param_3\, float param_4\, undefined4 param_5\, int param_6\, undefined1 param_7\, undefined1 param_8\, undefined1 param_9)","282"
"FUN_00561b20","00561b20","undefined FUN_00561b20(int param_1\, undefined4 param_2\, undefined4 param_3\, float param_4\, undefined4 param_5\, int param_6\, int param_7)","94"
"FUN_00561ba0","00561ba0","undefined FUN_00561ba0(int param_1\, int param_2)","244"
"FUN_00561ca0","00561ca0","undefined FUN_00561ca0(int param_1\, float param_2\, int param_3)","126"
"FUN_00561d20","00561d20","undefined FUN_00561d20(int param_1)","92"
"FUN_00561d80","00561d80","int FUN_00561d80(int param_1)","66"
"FUN_00561dd0","00561dd0","int FUN_00561dd0(int param_1)","66"
"StartBigJump","00561e20","undefined4 StartBigJump(GameObject_s * obj\, float * param_2\, int param_3\, float param_4\, float param_5\, undefined1 param_6)","489"
"FUN_00562010","00562010","undefined FUN_00562010(int param_1\, undefined4 * param_2\, undefined4 * param_3)","215"
"FUN_005620f0","005620f0","undefined4 FUN_005620f0(int param_1)","86"
"FUN_00562150","00562150","undefined4 FUN_00562150(int param_1)","69"
"FUN_005621a0","005621a0","undefined4 FUN_005621a0(int param_1\, uint param_2)","366"
"FUN_00562310","00562310","undefined4 FUN_00562310(int param_1)","215"
"FUN_005623f0","005623f0","undefined FUN_005623f0(int param_1)","220"
"FUN_005624d0","005624d0","undefined4 FUN_005624d0(int param_1\, undefined4 param_2)","146"
"FUN_00562570","00562570","undefined FUN_00562570(float param_1\, int param_2\, int param_3\, uint param_4\, int param_5\, int param_6\, int param_7)","6473"
"FUN_00563ec0","00563ec0","undefined FUN_00563ec0(undefined4 param_1\, undefined4 param_2\, int param_3)","1068"
"FUN_00564500","00564500","undefined FUN_00564500(float param_1)","98"
"FUN_00564570","00564570","undefined FUN_00564570(void)","475"
"FUN_00564750","00564750","undefined FUN_00564750(void)","39"
"FUN_00564780","00564780","undefined FUN_00564780(void)","87"
"FUN_005647e0","005647e0","undefined FUN_005647e0(int param_1)","572"
"FUN_00564a20","00564a20","undefined FUN_00564a20(char * param_1\, uint * param_2\, undefined4 * param_3)","159"
"FUN_00564ac0","00564ac0","undefined FUN_00564ac0(float param_1)","43"
"FUN_00564af0","00564af0","undefined FUN_00564af0(float param_1\, int param_2)","285"
"BackDrop_Dump","00564c10","undefined BackDrop_Dump(void)","17"
"FUN_00564c30","00564c30","undefined FUN_00564c30(int * param_1)","98"
"FUN_00564ca0","00564ca0","undefined FUN_00564ca0(void)","35"
"FUN_00564cd0","00564cd0","undefined FUN_00564cd0(void * this\, int param_1)","1374"
"FUN_00565230","00565230","undefined FUN_00565230(int param_1\, uint * param_2)","570"
"FUN_00565470","00565470","undefined FUN_00565470(undefined4 param_1\, undefined4 param_2\, int param_3)","339"
"FUN_005655d0","005655d0","undefined FUN_005655d0(float * param_1\, undefined4 * param_2)","154"
"FUN_00565670","00565670","undefined FUN_00565670(void)","133"
"FUN_00565700","00565700","undefined FUN_00565700(void)","279"
"FUN_00565820","00565820","undefined FUN_00565820(void)","143"
"FUN_005658b0","005658b0","undefined FUN_005658b0(uint param_1\, uint param_2)","33"
"FUN_005658e0","005658e0","undefined FUN_005658e0(void)","681"
"FUN_00565ba0","00565ba0","undefined FUN_00565ba0(void)","51"
"FUN_00565be0","00565be0","undefined FUN_00565be0(int param_1)","14"
"FUN_00565bf0","00565bf0","undefined1 FUN_00565bf0(void)","6"
"FUN_00565c00","00565c00","undefined FUN_00565c00(int param_1)","247"
"FUN_00565d00","00565d00","undefined FUN_00565d00(void)","114"
"FUN_00565d90","00565d90","undefined FUN_00565d90(void)","617"
"FUN_00566000","00566000","undefined FUN_00566000(void)","488"
"FUN_005661f0","005661f0","undefined FUN_005661f0(undefined4 param_1\, undefined4 param_2)","159"
"FUN_00566290","00566290","undefined FUN_00566290(undefined4 param_1\, undefined4 param_2\, int param_3)","271"
"FUN_00566630","00566630","undefined FUN_00566630(undefined4 param_1)","10"
"FUN_00566640","00566640","undefined FUN_00566640(int param_1)","14"
"FUN_005666d0","005666d0","bool FUN_005666d0(int param_1)","93"
"FUN_00566730","00566730","bool FUN_00566730(int param_1)","112"
"FUN_005667a0","005667a0","bool FUN_005667a0(int param_1)","73"
"FUN_005667f0","005667f0","undefined4 FUN_005667f0(int param_1)","82"
"FUN_00566a70","00566a70","undefined FUN_00566a70(undefined4 param_1\, void * param_2)","69"
"FUN_00566ac0","00566ac0","undefined FUN_00566ac0(int param_1\, undefined4 param_2\, void * param_3)","223"
"FUN_00566ba0","00566ba0","undefined FUN_00566ba0(void)","119"
"FUN_00566c20","00566c20","undefined FUN_00566c20(int param_1)","379"
"FUN_00566da0","00566da0","int FUN_00566da0(int param_1)","55"
"FUN_00567130","00567130","undefined FUN_00567130(undefined4 * param_1\, undefined4 * param_2)","91"
"FUN_00567190","00567190","undefined FUN_00567190(int param_1)","292"
"FUN_005672d0","005672d0","undefined FUN_005672d0(float * param_1\, int param_2\, int param_3\, byte param_4\, int param_5)","1316"
"FUN_00567800","00567800","undefined4 FUN_00567800(int param_1\, int param_2\, undefined4 param_3\, int param_4\, float param_5)","1381"
"FUN_00567da0","00567da0","undefined FUN_00567da0(float * param_1)","616"
"FUN_00568010","00568010","undefined FUN_00568010(int param_1)","1115"
"FUN_005684f0","005684f0","undefined FUN_005684f0(int param_1)","98"
"FUN_00568580","00568580","undefined4 FUN_00568580(int param_1)","286"
"FUN_005686a0","005686a0","undefined FUN_005686a0(void)","103"
"FUN_00568710","00568710","undefined FUN_00568710(int param_1)","79"
"FUN_00568760","00568760","undefined FUN_00568760(void)","138"
"FUN_005687f0","005687f0","undefined FUN_005687f0(float * param_1)","154"
"FUN_00568890","00568890","undefined FUN_00568890(int param_1\, float * param_2\, int param_3)","191"
"FUN_00568950","00568950","undefined FUN_00568950(int param_1\, float * param_2)","150"
"FUN_005689f0","005689f0","int FUN_005689f0(char * param_1\, int param_2)","120"
"FUN_00569710","00569710","undefined FUN_00569710(int param_1)","605"
"FUN_00569980","00569980","int FUN_00569980(int param_1\, float param_2\, float param_3\, float param_4\, int param_5\, uint param_6\, uint param_7\, uint param_8)","718"
"FUN_00569c60","00569c60","undefined4 FUN_00569c60(void)","6"
"FUN_00569c70","00569c70","int FUN_00569c70(int param_1\, int param_2\, int param_3\, float param_4\, float * param_5\, float * param_6\, int * param_7\, int param_8\, int param_9)","1045"
"FUN_0056a1a0","0056a1a0","int FUN_0056a1a0(int param_1\, int param_2)","60"
"FUN_0056a1e0","0056a1e0","int FUN_0056a1e0(int param_1\, byte * param_2)","83"
"FUN_0056a240","0056a240","int FUN_0056a240(int param_1\, float * param_2\, float * param_3\, float param_4\, float param_5\, int param_6\, int param_7\, int param_8)","878"
"FUN_0056a5b0","0056a5b0","int FUN_0056a5b0(int param_1\, float param_2)","522"
"FUN_0056a7c0","0056a7c0","undefined FUN_0056a7c0(int param_1)","153"
"FUN_0056a8c0","0056a8c0","undefined FUN_0056a8c0(int param_1\, int param_2\, float * param_3)","229"
"FUN_0056a9b0","0056a9b0","undefined FUN_0056a9b0(void)","31"
"FUN_0056a9d0","0056a9d0","int FUN_0056a9d0(byte * param_1)","110"
"FUN_0056aa40","0056aa40","int FUN_0056aa40(int param_1\, int param_2)","110"
"FUN_0056aab0","0056aab0","uint * FUN_0056aab0(int param_1\, float * param_2\, float param_3)","843"
"FUN_0056afe0","0056afe0","undefined FUN_0056afe0(int param_1)","378"
"FUN_0056b730","0056b730","undefined4 FUN_0056b730(undefined4 param_1\, undefined4 param_2\, ushort param_3\, ushort * param_4)","447"
"FUN_0056b8f0","0056b8f0","undefined FUN_0056b8f0(int param_1)","1586"
"FUN_0056bf30","0056bf30","undefined4 FUN_0056bf30(int param_1)","126"
"FUN_0056bfb0","0056bfb0","undefined4 FUN_0056bfb0(undefined4 param_1\, uint param_2)","62"
"FUN_0056bff0","0056bff0","undefined FUN_0056bff0(int param_1)","67"
"FUN_0056c040","0056c040","undefined FUN_0056c040(int param_1)","95"
"FUN_0056c0a0","0056c0a0","undefined FUN_0056c0a0(int param_1\, float * param_2)","64"
"FUN_0056c0e0","0056c0e0","undefined FUN_0056c0e0(int param_1)","1334"
"FUN_0056c620","0056c620","undefined4 FUN_0056c620(float param_1\, uint param_2)","373"
"FUN_0056c7a0","0056c7a0","undefined FUN_0056c7a0(int param_1)","467"
"FUN_0056c980","0056c980","undefined4 FUN_0056c980(float param_1)","213"
"FUN_0056ca60","0056ca60","undefined4 * FUN_0056ca60(int * param_1\, uint * param_2\, uint param_3)","70"
"FUN_0056cab0","0056cab0","undefined FUN_0056cab0(undefined4 * param_1)","328"
"FUN_0056cc00","0056cc00","undefined FUN_0056cc00(int param_1)","259"
"FUN_0056cdb0","0056cdb0","undefined4 FUN_0056cdb0(int param_1)","120"
"FUN_0056cf30","0056cf30","int FUN_0056cf30(float * param_1\, int param_2\, int * param_3\, float * param_4)","179"
"FUN_0056d160","0056d160","undefined FUN_0056d160(int param_1\, undefined4 param_2\, undefined4 * param_3)","126"
"FUN_0056d340","0056d340","undefined4 FUN_0056d340(int param_1)","158"
"FUN_0056d6d0","0056d6d0","undefined FUN_0056d6d0(int param_1\, undefined4 param_2\, undefined4 * param_3)","126"
"FUN_0056d760","0056d760","undefined4 FUN_0056d760(int param_1\, int param_2\, float * param_3\, int param_4)","152"
"FUN_0056d800","0056d800","int FUN_0056d800(int param_1\, int param_2\, int param_3)","96"
"FUN_0056d860","0056d860","undefined FUN_0056d860(int param_1\, int param_2)","36"
"FUN_0056d890","0056d890","bool FUN_0056d890(int param_1\, int param_2)","44"
"FUN_0056d8c0","0056d8c0","undefined FUN_0056d8c0(int param_1\, int param_2)","633"
"FUN_0056db40","0056db40","undefined4 FUN_0056db40(int param_1)","64"
"FUN_0056e000","0056e000","undefined FUN_0056e000(int * param_1)","45"
"FUN_0056e030","0056e030","int FUN_0056e030(byte * param_1)","69"
"FUN_0056e080","0056e080","undefined FUN_0056e080(void)","107"
"FUN_0056e0f0","0056e0f0","uint FUN_0056e0f0(uint param_1)","13"
"FUN_0056e130","0056e130","undefined FUN_0056e130(int param_1\, int param_2)","42"
"FUN_0056e160","0056e160","undefined4 FUN_0056e160(int param_1)","98"
"FUN_0056e2a0","0056e2a0","int FUN_0056e2a0(int param_1)","60"
"FUN_0056e2e0","0056e2e0","undefined FUN_0056e2e0(int param_1)","62"
"FUN_0056e320","0056e320","undefined FUN_0056e320(undefined4 param_1\, undefined4 param_2\, undefined4 param_3\, int param_4)","308"
"FUN_0056e460","0056e460","undefined4 FUN_0056e460(int param_1)","110"
"FUN_0056e4d0","0056e4d0","undefined FUN_0056e4d0(void)","144"
"FUN_0056e560","0056e560","undefined FUN_0056e560(void)","13"
"FUN_0056e570","0056e570","undefined FUN_0056e570(void)","10"
"FUN_0056e580","0056e580","undefined FUN_0056e580(int param_1\, int param_2)","45"
"FUN_0056e5d0","0056e5d0","undefined FUN_0056e5d0(void)","31"
"FUN_0056e5f0","0056e5f0","undefined4 * FUN_0056e5f0(undefined4 * param_1\, undefined4 param_2\, undefined4 param_3\, int param_4\, undefined2 param_5\, undefined4 param_6)","168"
"FUN_0056e6a0","0056e6a0","undefined FUN_0056e6a0(void)","1"
"FUN_0056e6b0","0056e6b0","undefined FUN_0056e6b0(undefined4 param_1\, undefined4 param_2)","82"
"FUN_0056e710","0056e710","undefined FUN_0056e710(undefined4 param_1\, undefined4 param_2\, uint * param_3)","1904"
"FUN_0056ee80","0056ee80","undefined FUN_0056ee80(undefined4 param_1\, undefined4 param_2)","114"
"FUN_0056ef50","0056ef50","undefined FUN_0056ef50(int param_1)","160"
"FUN_0056eff0","0056eff0","undefined FUN_0056eff0(int param_1)","162"
"FUN_0056f0a0","0056f0a0","undefined FUN_0056f0a0(int param_1)","219"
"FUN_0056f240","0056f240","undefined FUN_0056f240(void * this\, int param_1)","842"
"FUN_0056f590","0056f590","undefined FUN_0056f590(int param_1)","64"
"FUN_0056f5f0","0056f5f0","undefined FUN_0056f5f0(int * param_1\, int param_2\, int param_3)","78"
"FUN_0056f810","0056f810","undefined FUN_0056f810(undefined4 param_1\, void * param_2)","69"
"FUN_0056f860","0056f860","undefined FUN_0056f860(int param_1\, undefined4 param_2\, void * param_3)","194"
"FUN_0056f930","0056f930","undefined FUN_0056f930(void)","96"
"FUN_0056f990","0056f990","undefined FUN_0056f990(int param_1\, float * param_2\, int param_3)","89"
"FUN_0056f9f0","0056f9f0","undefined FUN_0056f9f0(int param_1\, int param_2)","104"
"FUN_0056fb70","0056fb70","undefined FUN_0056fb70(int param_1)","319"
"FUN_0056fea0","0056fea0","undefined4 FUN_0056fea0(int param_1)","309"
"FUN_0056ffe0","0056ffe0","int FUN_0056ffe0(int param_1)","72"
"FUN_00570030","00570030","int FUN_00570030(int param_1\, uint param_2\, byte param_3)","82"
"FUN_00570090","00570090","byte * FUN_00570090(int param_1\, byte * param_2)","84"
"FUN_00570100","00570100","byte FUN_00570100(int param_1)","19"
"FUN_00570130","00570130","int FUN_00570130(int param_1\, uint param_2\, float * param_3\, float * param_4)","323"
"FUN_00570280","00570280","int FUN_00570280(int param_1)","814"
"FUN_005705b0","005705b0","int FUN_005705b0(int param_1\, int param_2)","252"
"FUN_005706b0","005706b0","undefined FUN_005706b0(int * param_1\, float * param_2\, float param_3)","841"
"FUN_00570a00","00570a00","undefined FUN_00570a00(undefined4 param_1)","93"
"ResetCoinPacket","00570a60","undefined ResetCoinPacket(COINPACKET_s * coinPacket)","23"
"FUN_00570a80","00570a80","undefined FUN_00570a80(uint * param_1\, int param_2\, byte param_3)","298"
"FUN_00570bb0","00570bb0","undefined4 FUN_00570bb0(void)","78"
"FUN_00570c00","00570c00","undefined FUN_00570c00(undefined4 * param_1)","129"
"FUN_00570c90","00570c90","undefined FUN_00570c90(int param_1\, int param_2)","786"
"FUN_00570fb0","00570fb0","undefined FUN_00570fb0(int param_1)","126"
"FUN_00571030","00571030","undefined FUN_00571030(int param_1)","760"
"FUN_00571330","00571330","undefined FUN_00571330(void * this\, int param_1\, int param_2)","894"
"FUN_005716c0","005716c0","undefined FUN_005716c0(int param_1)","55"
"InitPartTable","00571850","undefined InitPartTable(int * param_1)","50"
"FUN_00571890","00571890","int * FUN_00571890(int * param_1\, undefined4 param_2\, int param_3\, int param_4\, int param_5\, int param_6)","345"
"FUN_005719f0","005719f0","undefined4 FUN_005719f0(int * param_1\, byte * param_2)","86"
"FUN_00571a50","00571a50","undefined FUN_00571a50(int param_1)","204"
"FUN_00571b20","00571b20","undefined FUN_00571b20(int param_1)","30"
"FUN_00571b40","00571b40","undefined FUN_00571b40(int param_1)","30"
"FUN_00571b60","00571b60","undefined FUN_00571b60(int param_1\, int param_2\, undefined4 * param_3)","55"
"FUN_00571ba0","00571ba0","undefined FUN_00571ba0(int param_1)","173"
"FUN_00571c50","00571c50","undefined FUN_00571c50(int param_1)","38"
"FUN_00571c80","00571c80","undefined4 FUN_00571c80(float param_1)","108"
"FUN_00571cf0","00571cf0","int FUN_00571cf0(int param_1\, float * param_2\, float param_3\, uint param_4\, float param_5)","418"
"FUN_00571ea0","00571ea0","undefined FUN_00571ea0(undefined4 param_1\, undefined4 param_2\, float * param_3\, undefined4 * param_4\, float param_5)","380"
"FUN_00572020","00572020","int FUN_00572020(int param_1\, float * param_2\, float * param_3\, float param_4\, float param_5\, int param_6\, int param_7)","692"
"FUN_005722e0","005722e0","int FUN_005722e0(int param_1)","90"
"FUN_00572360","00572360","undefined FUN_00572360(undefined4 * param_1)","11"
"FUN_00572370","00572370","undefined FUN_00572370(undefined4 * param_1)","11"
"FUN_00572380","00572380","undefined FUN_00572380(void)","182"
"FUN_00572440","00572440","undefined FUN_00572440(int param_1\, int param_2\, float param_3)","536"
"FUN_00572660","00572660","undefined4 FUN_00572660(int param_1\, int param_2)","233"
"FUN_00572750","00572750","undefined4 FUN_00572750(float * param_1)","59"
"FUN_00572790","00572790","undefined4 FUN_00572790(int param_1)","48"
"FUN_005727c0","005727c0","undefined4 FUN_005727c0(int param_1)","69"
"FUN_00572810","00572810","undefined FUN_00572810(float * param_1\, float * param_2\, float * param_3\, int param_4)","135"
"FUN_005728a0","005728a0","undefined FUN_005728a0(int param_1)","538"
"FUN_00572ad0","00572ad0","undefined FUN_00572ad0(void)","1"
"FUN_00572b00","00572b00","char * FUN_00572b00(byte * param_1\, int * param_2\, undefined4 param_3\, int param_4\, int * param_5)","1842"
"FUN_00573240","00573240","undefined FUN_00573240(uint * param_1)","481"
"FUN_00573430","00573430","int FUN_00573430(byte * param_1\, int * param_2)","107"
"FUN_005734a0","005734a0","undefined FUN_005734a0(undefined4 * param_1)","113"
"FUN_00573520","00573520","int FUN_00573520(int param_1\, int * param_2)","121"
"FUN_005735a0","005735a0","int FUN_005735a0(int param_1)","135"
"FUN_00573630","00573630","undefined FUN_00573630(int param_1)","89"
"FUN_00573690","00573690","undefined FUN_00573690(int param_1)","234"
"FUN_00573780","00573780","int * FUN_00573780(float param_1\, int param_2\, float * param_3\, undefined4 * param_4)","310"
"FUN_005738c0","005738c0","undefined FUN_005738c0(int param_1\, int param_2)","295"
"FUN_005739f0","005739f0","int FUN_005739f0(byte * param_1\, int param_2\, int * param_3)","164"
"FUN_00573aa0","00573aa0","undefined4 FUN_00573aa0(int param_1\, int param_2)","210"
"FUN_00573b80","00573b80","undefined FUN_00573b80(int param_1)","85"
"FUN_00573be0","00573be0","undefined FUN_00573be0(int param_1\, int param_2\, int param_3\, undefined4 * param_4)","182"
"FUN_00573ca0","00573ca0","undefined FUN_00573ca0(int param_1\, int param_2\, undefined4 * param_3\, short * param_4)","3995"
"FUN_00574c60","00574c60","undefined FUN_00574c60(int param_1)","153"
"AreaFromMiniKitID","00574d00","int AreaFromMiniKitID(int param_1)","58"
"FUN_00574d80","00574d80","int FUN_00574d80(int param_1)","59"
"FUN_00574de0","00574de0","undefined FUN_00574de0(int param_1\, char * param_2)","60"
"FUN_00574e20","00574e20","undefined4 FUN_00574e20(void)","48"
"FUN_00574ee0","00574ee0","undefined FUN_00574ee0(int param_1)","191"
"FUN_00575040","00575040","undefined FUN_00575040(int param_1)","133"
"FUN_00575170","00575170","undefined FUN_00575170(int param_1)","113"
"FUN_00575200","00575200","undefined FUN_00575200(int param_1)","59"
"FUN_00575240","00575240","undefined FUN_00575240(int param_1\, int param_2)","521"
"FUN_00575450","00575450","undefined FUN_00575450(void)","23"
"FUN_00575470","00575470","undefined FUN_00575470(int param_1)","590"
"FUN_005756c0","005756c0","byte * FUN_005756c0(int param_1\, byte * param_2)","77"
"FUN_00575710","00575710","undefined FUN_00575710(int param_1)","222"
"FUN_00575820","00575820","undefined4 FUN_00575820(void)","251"
"FUN_00575920","00575920","int FUN_00575920(float param_1\, int param_2\, int param_3\, float * param_4)","236"
"FUN_00575a30","00575a30","undefined FUN_00575a30(int * param_1\, int param_2\, int param_3)","118"
"FUN_00575c20","00575c20","undefined FUN_00575c20(int param_1\, char * param_2)","751"
"FUN_00575f10","00575f10","undefined FUN_00575f10(char * param_1)","50"
"FUN_00575f50","00575f50","undefined FUN_00575f50(int param_1\, int param_2)","974"
"FUN_00576480","00576480","short * FUN_00576480(int param_1)","45"
"FUN_005764b0","005764b0","undefined4 FUN_005764b0(int param_1)","77"
"FUN_00576500","00576500","undefined1 FUN_00576500(int param_1)","51"
"FUN_00576540","00576540","undefined1 FUN_00576540(int param_1)","9"
"FUN_00576570","00576570","undefined FUN_00576570(undefined4 param_1\, undefined4 param_2\, undefined4 param_3\, undefined4 param_4)","64"
"FUN_005765b0","005765b0","undefined FUN_005765b0(void)","62"
"FUN_005765f0","005765f0","undefined FUN_005765f0(void)","59"
"FUN_00576630","00576630","undefined FUN_00576630(int param_1\, int param_2)","56"
"FUN_00576670","00576670","undefined FUN_00576670(void)","35"
"FUN_005766e0","005766e0","undefined FUN_005766e0(short * param_1)","99"
"FUN_005767d0","005767d0","undefined FUN_005767d0(void)","103"
"FUN_00576840","00576840","undefined FUN_00576840(undefined4 param_1)","31"
"FUN_00576860","00576860","undefined FUN_00576860(short * param_1\, int param_2\, int param_3)","165"
"FUN_00576910","00576910","undefined FUN_00576910(int param_1\, int param_2\, int param_3)","70"
"FUN_00576960","00576960","undefined FUN_00576960(int param_1)","72"
"FUN_005769b0","005769b0","undefined FUN_005769b0(short * param_1)","28"
"FUN_005769d0","005769d0","undefined FUN_005769d0(float param_1)","483"
"FUN_00576c40","00576c40","undefined FUN_00576c40(void)","21"
"FUN_00576c60","00576c60","undefined FUN_00576c60(int param_1\, undefined4 param_2\, int param_3\, undefined4 param_4\, undefined4 param_5\, undefined4 param_6\, undefined4 param_7)","952"
"FUN_00577060","00577060","undefined FUN_00577060(int param_1)","122"
"FUN_005770e0","005770e0","undefined FUN_005770e0(undefined4 param_1\, undefined4 param_2\, float param_3)","1208"
"FUN_005775b0","005775b0","undefined FUN_005775b0(void)","124"
"FUN_00577630","00577630","undefined FUN_00577630(void)","168"
"FUN_00577710","00577710","undefined FUN_00577710(void)","119"
"FUN_00577790","00577790","undefined FUN_00577790(int param_1\, float param_2\, undefined4 param_3\, float param_4\, undefined4 param_5\, int param_6\, uint param_7)","230"
"FUN_00577880","00577880","undefined FUN_00577880(undefined4 * param_1\, undefined4 * param_2\, undefined4 param_3\, float param_4\, undefined4 param_5\, float param_6\, undefined4 param_7\, int param_8\, int param_9\, int param_10)","196"
"FUN_00577950","00577950","undefined FUN_00577950(void)","1948"
"FUN_00578140","00578140","undefined FUN_00578140(uint param_1\, undefined4 param_2\, int param_3\, int param_4\, int param_5\, undefined4 * param_6\, undefined4 param_7\, undefined4 * param_8\, float param_9\, float param_10\, float param_11\, undefined4 param_12\, float param_13\, float param_14\, undefined4 param_15\, int param_16\, undefined4 param_17\, char param_18\, char param_19)","1496"
"FUN_00578740","00578740","undefined FUN_00578740(void)","1"
"FUN_00578750","00578750","void * FUN_00578750(undefined4 param_1)","64"
"FUN_00578790","00578790","undefined4 FUN_00578790(int param_1\, int param_2)","52"
"FUN_00578890","00578890","undefined FUN_00578890(void)","1"
"FUN_005788d0","005788d0","undefined FUN_005788d0(undefined4 param_1\, undefined4 param_2)","20"
"FUN_005788f0","005788f0","char * FUN_005788f0(byte * param_1\, int * param_2\, undefined4 param_3\, int param_4\, int * param_5\, undefined * param_6)","1196"
"FUN_00578da0","00578da0","int FUN_00578da0(byte * param_1\, int * param_2)","107"
"FUN_00578e10","00578e10","undefined FUN_00578e10(undefined4 * param_1)","211"
"FUN_00578f60","00578f60","undefined FUN_00578f60(undefined4 param_1\, int param_2\, undefined4 param_3)","115"
"FUN_00579130","00579130","undefined FUN_00579130(int param_1)","117"
"FUN_005791f0","005791f0","undefined FUN_005791f0(int param_1)","108"
"FUN_00579450","00579450","undefined FUN_00579450(int param_1)","94"
"FUN_00579850","00579850","undefined FUN_00579850(int param_1)","70"
"FUN_005798a0","005798a0","undefined FUN_005798a0(int param_1)","70"
"FUN_00579950","00579950","undefined FUN_00579950(int param_1)","153"
"FUN_005799f0","005799f0","undefined FUN_005799f0(int param_1)","153"
"FUN_00579a90","00579a90","undefined FUN_00579a90(int param_1)","48"
"FUN_00579ac0","00579ac0","undefined FUN_00579ac0(int param_1)","121"
"FUN_00579b40","00579b40","undefined FUN_00579b40(int param_1\, int param_2\, undefined4 param_3)","141"
"FUN_00579bd0","00579bd0","undefined FUN_00579bd0(int param_1)","135"
"FUN_00579c60","00579c60","undefined FUN_00579c60(int param_1)","509"
"FUN_00579e70","00579e70","undefined FUN_00579e70(char * param_1\, uint * param_2\, uint * param_3\, undefined4 param_4\, int param_5)","225"
"FUN_00579f60","00579f60","undefined4 FUN_00579f60(char * param_1\, undefined1 param_2)","156"
"FUN_0057a000","0057a000","undefined FUN_0057a000(int param_1)","547"
"FUN_0057a240","0057a240","int FUN_0057a240(byte * param_1)","77"
"FUN_0057a290","0057a290","undefined FUN_0057a290(int param_1)","139"
"FUN_0057a360","0057a360","undefined1 * FUN_0057a360(int param_1)","37"
"FUN_0057a390","0057a390","int FUN_0057a390(int param_1)","40"
"FUN_0057a3c0","0057a3c0","int FUN_0057a3c0(byte * param_1)","93"
"FUN_0057a420","0057a420","undefined FUN_0057a420(int param_1)","164"
"FUN_0057a4d0","0057a4d0","undefined FUN_0057a4d0(undefined4 param_1\, undefined4 param_2\, int param_3)","139"
"FUN_0057a560","0057a560","undefined FUN_0057a560(int param_1)","24"
"GoToNewLevel","0057a580","undefined GoToNewLevel(int param_1)","43"
"FUN_0057a5b0","0057a5b0","undefined FUN_0057a5b0(int param_1)","97"
"FUN_0057a620","0057a620","undefined FUN_0057a620(int param_1\, byte * param_2)","176"
"FUN_0057a6d0","0057a6d0","undefined FUN_0057a6d0(int param_1\, undefined4 param_2\, undefined4 param_3)","160"
"FUN_0057a770","0057a770","undefined FUN_0057a770(float param_1\, int param_2\, float param_3\, float * param_4)","156"
"FUN_0057a820","0057a820","undefined FUN_0057a820(void)","1"
"FUN_0057a870","0057a870","undefined FUN_0057a870(byte * param_1\, int * param_2)","1074"
"FUN_0057ace0","0057ace0","undefined FUN_0057ace0(int param_1)","88"
"FUN_0057ad40","0057ad40","undefined FUN_0057ad40(int param_1)","94"
"FUN_0057ae80","0057ae80","undefined FUN_0057ae80(int param_1)","59"
"FUN_0057afa0","0057afa0","undefined FUN_0057afa0(int param_1)","68"
"FUN_0057aff0","0057aff0","undefined FUN_0057aff0(int param_1)","87"
"FUN_0057b200","0057b200","undefined FUN_0057b200(int param_1)","139"
"FUN_0057b290","0057b290","undefined FUN_0057b290(int param_1)","80"
"FUN_0057bd50","0057bd50","undefined FUN_0057bd50(void * this\, byte * param_1)","510"
"FUN_0057bf50","0057bf50","int FUN_0057bf50(byte * param_1\, int param_2\, int * param_3)","217"
"FUN_0057c030","0057c030","undefined FUN_0057c030(int param_1)","136"
"FUN_0057c110","0057c110","undefined FUN_0057c110(int param_1\, uint * param_2\, int param_3\, byte param_4\, uint * param_5\, undefined4 param_6\, int param_7\, undefined4 param_8)","712"
"FUN_0057c3e0","0057c3e0","undefined FUN_0057c3e0(int param_1\, int param_2\, int param_3\, byte param_4\, uint * param_5\, uint * param_6\, undefined4 param_7\, int param_8\, undefined4 param_9)","1330"
"FUN_0057c920","0057c920","undefined4 FUN_0057c920(int * param_1\, byte * param_2)","80"
"FUN_0057c970","0057c970","undefined4 FUN_0057c970(int * param_1\, byte * param_2)","77"
"FUN_0057c9c0","0057c9c0","undefined FUN_0057c9c0(int * param_1)","216"
"FUN_0057caa0","0057caa0","undefined FUN_0057caa0(void)","105"
"FUN_0057cb10","0057cb10","undefined FUN_0057cb10(void)","225"
"FUN_0057ccb0","0057ccb0","undefined4 FUN_0057ccb0(int param_1)","113"
"FUN_0057cd30","0057cd30","int FUN_0057cd30(int param_1\, int * param_2\, byte * param_3)","69"
"FUN_0057cd80","0057cd80","undefined4 FUN_0057cd80(int param_1)","78"
"FUN_0057cdd0","0057cdd0","bool FUN_0057cdd0(int param_1)","102"
"FUN_0057ce40","0057ce40","undefined FUN_0057ce40(void)","77"
"FUN_0057ce90","0057ce90","undefined FUN_0057ce90(int param_1)","21"
"FUN_0057ceb0","0057ceb0","undefined FUN_0057ceb0(void)","1"
"FUN_0057cec0","0057cec0","undefined FUN_0057cec0(int * param_1)","49"
"FUN_0057cf00","0057cf00","undefined FUN_0057cf00(int * param_1)","108"
"FUN_0057cf70","0057cf70","undefined4 FUN_0057cf70(void)","22"
"FUN_0057d0a0","0057d0a0","undefined FUN_0057d0a0(int param_1)","343"
"FUN_0057d230","0057d230","undefined FUN_0057d230(void)","53"
"FUN_0057d3a0","0057d3a0","undefined FUN_0057d3a0(int param_1\, int param_2\, float * param_3\, int param_4\, float param_5\, int param_6)","3767"
"FUN_0057e260","0057e260","undefined FUN_0057e260(undefined * param_1)","85"
"FUN_0057e2c0","0057e2c0","undefined FUN_0057e2c0(undefined4 param_1\, uint param_2)","355"
"FUN_0057e430","0057e430","undefined FUN_0057e430(byte * param_1\, uint * param_2\, undefined4 param_3\, undefined4 param_4\, undefined4 param_5\, undefined4 param_6\, undefined4 param_7\, undefined4 param_8)","684"
"FUN_0057e6e0","0057e6e0","undefined FUN_0057e6e0(void)","17"
"FUN_0057e700","0057e700","undefined4 FUN_0057e700(void)","6"
"FUN_0057e710","0057e710","undefined4 FUN_0057e710(void)","16"
"FUN_0057e720","0057e720","undefined4 FUN_0057e720(int param_1)","178"
"FUN_0057e7e0","0057e7e0","undefined FUN_0057e7e0(int param_1)","105"
"FUN_0057e850","0057e850","undefined FUN_0057e850(int param_1\, char * param_2\, char * param_3\, int param_4)","497"
"FUN_0057ea60","0057ea60","undefined FUN_0057ea60(int param_1)","156"
"FUN_0057eb00","0057eb00","undefined4 FUN_0057eb00(int param_1)","616"
"FUN_0057ed70","0057ed70","undefined FUN_0057ed70(void)","66"
"FUN_0057edc0","0057edc0","undefined FUN_0057edc0(int param_1)","254"
"FUN_0057eec0","0057eec0","undefined FUN_0057eec0(void)","135"
"FUN_0057ef50","0057ef50","undefined FUN_0057ef50(int param_1\, int param_2)","1783"
"FUN_0057f6a0","0057f6a0","undefined FUN_0057f6a0(float * param_1)","28"
"FUN_0057f700","0057f700","undefined FUN_0057f700(int param_1)","162"
"FUN_0057f7b0","0057f7b0","undefined FUN_0057f7b0(int param_1)","217"
"FUN_0057f890","0057f890","undefined FUN_0057f890(int param_1)","215"
"FUN_0057f970","0057f970","undefined FUN_0057f970(void)","45"
"FUN_0057f9a0","0057f9a0","bool FUN_0057f9a0(float * param_1)","260"
"FUN_0057fab0","0057fab0","undefined FUN_0057fab0(float * param_1)","117"
"FUN_0057fb30","0057fb30","undefined FUN_0057fb30(void)","97"
"FUN_0057fba0","0057fba0","undefined4 * FUN_0057fba0(void)","120"
"FUN_0057fc30","0057fc30","undefined FUN_0057fc30(float * param_1\, float * param_2\, float * param_3)","79"
"FUN_0057fc80","0057fc80","undefined FUN_0057fc80(int * param_1\, float * param_2\, float * param_3\, int param_4)","512"
"FUN_0057fe80","0057fe80","undefined FUN_0057fe80(int * param_1)","50"
"FUN_0057fec0","0057fec0","int * FUN_0057fec0(int param_1\, int param_2\, int param_3)","428"
"FUN_00580070","00580070","undefined4 * FUN_00580070(uint param_1\, float * param_2\, int param_3)","165"
"FUN_00580120","00580120","undefined FUN_00580120(int * param_1\, int param_2)","36"
"FUN_00580150","00580150","undefined FUN_00580150(int param_1)","79"
"FUN_005801a0","005801a0","undefined FUN_005801a0(int param_1)","62"
"FUN_00580290","00580290","undefined FUN_00580290(int param_1)","154"
"FUN_00580330","00580330","undefined FUN_00580330(int param_1)","93"
"FUN_00580390","00580390","undefined FUN_00580390(int param_1)","60"
"FUN_005803d0","005803d0","undefined FUN_005803d0(int param_1)","93"
"FUN_00580430","00580430","undefined FUN_00580430(int param_1)","60"
"FUN_00580470","00580470","undefined FUN_00580470(int param_1)","60"
"FUN_005804b0","005804b0","undefined FUN_005804b0(int param_1)","58"
"FUN_00580570","00580570","undefined FUN_00580570(int param_1)","58"
"FUN_005805b0","005805b0","undefined FUN_005805b0(int param_1)","45"
"FUN_005805e0","005805e0","undefined FUN_005805e0(int param_1)","45"
"FUN_005806a0","005806a0","int FUN_005806a0(int param_1\, int param_2)","71"
"FUN_005806f0","005806f0","int FUN_005806f0(byte * param_1\, int param_2)","148"
"FUN_00580790","00580790","undefined FUN_00580790(int param_1)","357"
"FUN_00580920","00580920","undefined FUN_00580920(int param_1\, undefined4 * param_2)","35"
"FUN_00580950","00580950","undefined2 FUN_00580950(int param_1\, undefined4 * param_2)","74"
"FUN_005809a0","005809a0","float10 FUN_005809a0(int param_1)","54"
"FUN_005809e0","005809e0","undefined4 FUN_005809e0(int param_1)","42"
"FUN_00580a10","00580a10","int FUN_00580a10(int * param_1\, int param_2\, float * param_3\, float * param_4\, float param_5\, int param_6)","492"
"FUN_00580c00","00580c00","undefined FUN_00580c00(int param_1\, int param_2\, int param_3)","140"
"FUN_00580ca0","00580ca0","undefined FUN_00580ca0(int * param_1)","161"
"FUN_00580d50","00580d50","undefined FUN_00580d50(void * this\, undefined1 * param_1)","59"
"FUN_00580d90","00580d90","undefined FUN_00580d90(void * this\, undefined1 * param_1)","55"
"FUN_00580dd0","00580dd0","undefined FUN_00580dd0(void * this\, undefined1 * param_1)","55"
"FUN_00580e10","00580e10","undefined FUN_00580e10(void * this\, undefined1 * param_1)","55"
"FUN_00580e50","00580e50","undefined FUN_00580e50(void * this\, undefined1 * param_1\, int param_2\, int param_3)","120"
"FUN_00580ed0","00580ed0","undefined FUN_00580ed0(void * this\, undefined1 * param_1\, int param_2\, int param_3)","117"
"FUN_00580f50","00580f50","undefined4 FUN_00580f50(int param_1)","445"
"FUN_00581110","00581110","undefined4 FUN_00581110(undefined4 param_1\, int param_2\, float * param_3\, float * param_4\, float param_5)","223"
"FUN_005811f0","005811f0","undefined FUN_005811f0(int * param_1)","2495"
"FUN_00581bb0","00581bb0","undefined FUN_00581bb0(int param_1)","650"
"FUN_00581e40","00581e40","undefined FUN_00581e40(int param_1\, int param_2)","362"
"FUN_00581fb0","00581fb0","undefined4 FUN_00581fb0(int * param_1\, int param_2\, undefined1 * param_3\, undefined4 param_4\, undefined4 param_5\, float param_6)","691"
"FUN_00582270","00582270","undefined4 FUN_00582270(int * param_1\, undefined1 * param_2\, float * param_3\, float * param_4\, float param_5)","493"
"FUN_00582470","00582470","undefined FUN_00582470(int * param_1\, int * param_2)","2551"
"FUN_00582e70","00582e70","int * FUN_00582e70(int param_1\, undefined1 * param_2\, undefined1 * param_3\, int param_4)","433"
"FUN_00583030","00583030","undefined FUN_00583030(int param_1)","2738"
"FUN_00583af0","00583af0","undefined FUN_00583af0(int param_1\, int param_2\, int param_3)","2722"
"FUN_005845b0","005845b0","undefined FUN_005845b0(void)","1"
"FUN_00584640","00584640","int FUN_00584640(char * param_1\, int param_2)","238"
"FUN_00584940","00584940","undefined FUN_00584940(int param_1)","73"
"FUN_00584990","00584990","undefined FUN_00584990(int param_1)","47"
"FUN_005849c0","005849c0","undefined FUN_005849c0(int param_1)","47"
"FUN_005849f0","005849f0","undefined FUN_005849f0(int param_1)","54"
"FUN_00584a30","00584a30","undefined FUN_00584a30(int param_1)","54"
"FUN_00584a70","00584a70","int FUN_00584a70(int param_1)","77"
"FUN_00584ad0","00584ad0","int FUN_00584ad0(int param_1)","84"
"FUN_00584d50","00584d50","undefined FUN_00584d50(int param_1)","84"
"FUN_00584db0","00584db0","undefined FUN_00584db0(int param_1)","56"
"FUN_00584df0","00584df0","undefined FUN_00584df0(int param_1)","58"
"FUN_00584e30","00584e30","undefined FUN_00584e30(undefined2 param_1\, int param_2\, int * param_3)","2337"
"FUN_00585760","00585760","undefined FUN_00585760(int * param_1)","2872"
"FUN_005862e0","005862e0","undefined FUN_005862e0(int param_1)","59"
"FUN_00586320","00586320","undefined FUN_00586320(int param_1)","59"
"FUN_00586360","00586360","undefined FUN_00586360(int param_1)","59"
"FUN_005863a0","005863a0","undefined FUN_005863a0(int param_1)","59"
"FUN_005863e0","005863e0","undefined FUN_005863e0(int param_1)","59"
"FUN_00586420","00586420","undefined FUN_00586420(int param_1)","59"
"FUN_00586460","00586460","undefined FUN_00586460(int param_1)","59"
"FUN_005864a0","005864a0","undefined FUN_005864a0(int param_1)","59"
"FUN_005864e0","005864e0","undefined FUN_005864e0(int param_1)","59"
"FUN_00586520","00586520","undefined FUN_00586520(int param_1)","59"
"FUN_00586560","00586560","undefined FUN_00586560(int param_1)","59"
"FUN_005865a0","005865a0","undefined FUN_005865a0(int param_1)","59"
"FUN_005865e0","005865e0","undefined FUN_005865e0(int param_1)","109"
"FUN_00586650","00586650","undefined FUN_00586650(int param_1)","59"
"FUN_00586690","00586690","undefined FUN_00586690(int param_1)","59"
"FUN_005866d0","005866d0","undefined FUN_005866d0(int param_1)","59"
"FUN_00586710","00586710","undefined FUN_00586710(int param_1)","59"
"FUN_00586750","00586750","undefined FUN_00586750(int param_1)","59"
"FUN_00586790","00586790","undefined FUN_00586790(int param_1)","59"
"FUN_005867d0","005867d0","undefined FUN_005867d0(int param_1)","59"
"FUN_00586910","00586910","undefined FUN_00586910(int param_1)","61"
"FUN_00586a10","00586a10","undefined FUN_00586a10(int param_1)","55"
"FUN_00586a50","00586a50","undefined FUN_00586a50(int param_1)","55"
"FUN_00586a90","00586a90","undefined FUN_00586a90(int param_1)","55"
"FUN_00586ed0","00586ed0","undefined FUN_00586ed0(int param_1)","56"
"FUN_00586f10","00586f10","undefined FUN_00586f10(int param_1)","56"
"FUN_005875a0","005875a0","undefined FUN_005875a0(int param_1)","144"
"FUN_00587630","00587630","undefined FUN_00587630(int param_1)","48"
"FUN_005877c0","005877c0","undefined FUN_005877c0(int param_1)","176"
"FUN_00587f30","00587f30","undefined FUN_00587f30(int param_1)","75"
"FUN_00587f80","00587f80","undefined FUN_00587f80(int param_1)","73"
"FUN_00587fd0","00587fd0","undefined FUN_00587fd0(int param_1)","78"
"FUN_00588020","00588020","undefined FUN_00588020(int param_1)","75"
"FUN_00588070","00588070","undefined FUN_00588070(int param_1)","75"
"FUN_005880c0","005880c0","undefined FUN_005880c0(int param_1)","77"
"FUN_00588110","00588110","undefined FUN_00588110(int param_1)","79"
"FUN_00588160","00588160","undefined FUN_00588160(int param_1)","73"
"FUN_005881b0","005881b0","undefined FUN_005881b0(int param_1)","73"
"FUN_00588200","00588200","undefined FUN_00588200(int param_1)","73"
"FUN_00588250","00588250","undefined FUN_00588250(int param_1)","73"
"FUN_005882a0","005882a0","undefined FUN_005882a0(int param_1)","75"
"FUN_005882f0","005882f0","undefined FUN_005882f0(int param_1)","75"
"FUN_00588340","00588340","undefined FUN_00588340(int param_1)","75"
"FUN_00588390","00588390","undefined FUN_00588390(int param_1)","75"
"FUN_005883e0","005883e0","undefined FUN_005883e0(int param_1)","75"
"FUN_00588430","00588430","undefined FUN_00588430(int param_1)","75"
"FUN_00588480","00588480","undefined FUN_00588480(int param_1)","75"
"FUN_005884d0","005884d0","undefined FUN_005884d0(int param_1)","75"
"FUN_00588520","00588520","undefined FUN_00588520(int param_1)","75"
"FUN_00588570","00588570","undefined FUN_00588570(int param_1)","75"
"FUN_005885c0","005885c0","undefined FUN_005885c0(int param_1)","75"
"FUN_00588610","00588610","undefined FUN_00588610(int param_1)","75"
"FUN_00588660","00588660","undefined FUN_00588660(int param_1)","75"
"FUN_005886b0","005886b0","undefined FUN_005886b0(int param_1)","75"
"FUN_00588700","00588700","undefined FUN_00588700(int param_1)","75"
"FUN_00588750","00588750","undefined FUN_00588750(int param_1)","75"
"FUN_005887a0","005887a0","undefined FUN_005887a0(int param_1)","75"
"FUN_005887f0","005887f0","undefined FUN_005887f0(int param_1)","75"
"FUN_00588840","00588840","undefined FUN_00588840(int param_1)","75"
"FUN_00588890","00588890","undefined FUN_00588890(int param_1)","75"
"FUN_00589060","00589060","undefined FUN_00589060(int param_1)","75"
"FUN_005890b0","005890b0","undefined FUN_005890b0(int param_1)","77"
"FUN_00589100","00589100","undefined FUN_00589100(int param_1)","79"
"FUN_00589150","00589150","undefined FUN_00589150(int param_1)","49"
"FUN_005891d0","005891d0","undefined FUN_005891d0(int param_1)","46"
"FUN_005892e0","005892e0","undefined FUN_005892e0(void)","97"
"FUN_00589350","00589350","undefined FUN_00589350(void)","16"
"FUN_00589360","00589360","undefined FUN_00589360(void)","16"
"FUN_00589370","00589370","undefined FUN_00589370(void)","16"
"FUN_00589380","00589380","undefined FUN_00589380(void)","16"
"FUN_00589390","00589390","undefined FUN_00589390(float param_1\, float param_2\, float * param_3\, float * param_4)","116"
"FUN_00589410","00589410","undefined FUN_00589410(int param_1\, undefined4 param_2\, int param_3\, char * param_4\, char * param_5\, uint * param_6\, int param_7\, undefined * param_8\, uint param_9\, int param_10)","1697"
"FUN_00589ac0","00589ac0","undefined FUN_00589ac0(int param_1\, undefined4 param_2)","1129"
"FUN_00589f60","00589f60","undefined FUN_00589f60(int param_1)","26"
"FUN_00589f80","00589f80","undefined FUN_00589f80(void)","742"
"FUN_0058a270","0058a270","undefined FUN_0058a270(void)","660"
"FUN_0058a510","0058a510","undefined FUN_0058a510(void)","1"
"FUN_0058a540","0058a540","undefined FUN_0058a540(byte * param_1\, uint * param_2\, undefined4 param_3\, undefined4 param_4)","905"
"FUN_0058a8d0","0058a8d0","undefined FUN_0058a8d0(undefined4 param_1\, undefined4 param_2\, int param_3)","44"
"FUN_0058a900","0058a900","int FUN_0058a900(int param_1)","33"
"FUN_0058a930","0058a930","char FUN_0058a930(int param_1)","37"
"FUN_0058a960","0058a960","undefined4 FUN_0058a960(int param_1)","77"
"FUN_0058a9b0","0058a9b0","int FUN_0058a9b0(int * param_1\, float * param_2\, int param_3)","138"
"FUN_0058aa40","0058aa40","int FUN_0058aa40(int param_1\, undefined4 * param_2)","107"
"FUN_0058aab0","0058aab0","undefined4 FUN_0058aab0(int param_1)","44"
"FUN_0058aae0","0058aae0","undefined FUN_0058aae0(void)","1"
"FUN_0058ab10","0058ab10","undefined FUN_0058ab10(undefined2 * param_1\, undefined1 * param_2)","216"
"FUN_0058abf0","0058abf0","undefined FUN_0058abf0(byte * param_1\, uint * param_2)","718"
"FUN_0058aec0","0058aec0","int FUN_0058aec0(int param_1)","27"
"FUN_0058aee0","0058aee0","int FUN_0058aee0(int param_1)","28"
"FUN_0058af20","0058af20","uint FUN_0058af20(int param_1\, uint param_2)","49"
"FUN_0058af60","0058af60","int FUN_0058af60(int param_1\, int param_2)","273"
"FUN_0058b080","0058b080","undefined FUN_0058b080(void)","108"
"SpecialMove_ReleaseVictim","0058b0f0","undefined4 SpecialMove_ReleaseVictim(int param_1)","133"
"FUN_0058b180","0058b180","undefined FUN_0058b180(int param_1)","132"
"FUN_0058b210","0058b210","undefined FUN_0058b210(int param_1)","130"
"FUN_0058b2a0","0058b2a0","undefined FUN_0058b2a0(int param_1)","172"
"FUN_0058b3a0","0058b3a0","undefined FUN_0058b3a0(void)","11"
"FUN_0058b3b0","0058b3b0","undefined FUN_0058b3b0(int * param_1\, undefined2 param_2)","135"
"FUN_0058b440","0058b440","undefined FUN_0058b440(int param_1)","698"
"FUN_0058b720","0058b720","uint FUN_0058b720(int param_1)","67"
"FUN_0058b770","0058b770","undefined FUN_0058b770(int param_1)","121"
"FUN_0058b7f0","0058b7f0","undefined4 FUN_0058b7f0(int param_1)","71"
"FUN_0058b840","0058b840","undefined4 FUN_0058b840(int param_1)","40"
"FUN_0058b870","0058b870","int FUN_0058b870(int param_1)","58"
"FUN_0058b8d0","0058b8d0","undefined FUN_0058b8d0(int param_1\, int param_2)","358"
"FUN_0058ba40","0058ba40","undefined FUN_0058ba40(int param_1)","171"
"FUN_0058baf0","0058baf0","undefined FUN_0058baf0(int param_1)","245"
"FUN_0058bbf0","0058bbf0","undefined4 FUN_0058bbf0(int param_1\, int param_2)","69"
"FUN_0058bc60","0058bc60","undefined FUN_0058bc60(int param_1)","628"
"FUN_0058bee0","0058bee0","undefined FUN_0058bee0(int param_1\, int param_2\, char param_3\, float param_4\, float param_5\, float param_6)","194"
"FUN_0058bfb0","0058bfb0","undefined FUN_0058bfb0(int param_1\, int param_2)","96"
"FUN_0058c010","0058c010","undefined FUN_0058c010(void)","1204"
"FUN_0058c4d0","0058c4d0","undefined FUN_0058c4d0(void)","1291"
"FUN_0058c9e0","0058c9e0","undefined FUN_0058c9e0(void)","1291"
"FUN_0058cef0","0058cef0","undefined FUN_0058cef0(int param_1)","84"
"FUN_0058cf50","0058cf50","undefined FUN_0058cf50(float param_1)","501"
"FUN_0058d150","0058d150","undefined FUN_0058d150(float param_1)","449"
"FUN_0058d340","0058d340","undefined4 FUN_0058d340(int param_1\, int param_2\, float param_3)","229"
"FUN_0058d430","0058d430","undefined FUN_0058d430(int param_1)","66"
"FUN_0058d480","0058d480","undefined FUN_0058d480(int param_1\, int param_2)","220"
"FUN_0058d560","0058d560","undefined FUN_0058d560(int param_1)","316"
"FUN_0058d6a0","0058d6a0","undefined FUN_0058d6a0(int param_1)","526"
"FUN_0058d8b0","0058d8b0","undefined FUN_0058d8b0(int param_1)","37"
"FUN_0058d8e0","0058d8e0","undefined FUN_0058d8e0(int param_1)","66"
"FUN_0058d930","0058d930","undefined FUN_0058d930(int param_1\, int param_2)","220"
"FUN_0058da10","0058da10","undefined FUN_0058da10(int param_1)","305"
"FUN_0058db50","0058db50","undefined FUN_0058db50(int param_1)","528"
"FUN_0058dd60","0058dd60","undefined FUN_0058dd60(int param_1)","37"
"FUN_0058dd90","0058dd90","undefined FUN_0058dd90(int param_1)","301"
"FUN_0058dec0","0058dec0","undefined FUN_0058dec0(int param_1)","214"
"FUN_0058dfa0","0058dfa0","undefined4 FUN_0058dfa0(int param_1)","154"
"FUN_0058e040","0058e040","undefined FUN_0058e040(int param_1)","119"
"FUN_0058e0c0","0058e0c0","undefined4 FUN_0058e0c0(int param_1)","103"
"FUN_0058e130","0058e130","undefined4 FUN_0058e130(float param_1)","558"
"FUN_0058e360","0058e360","undefined FUN_0058e360(int param_1\, undefined1 param_2)","76"
"FUN_0058e3b0","0058e3b0","undefined FUN_0058e3b0(int param_1)","104"
"FUN_0058e420","0058e420","undefined FUN_0058e420(int param_1)","84"
"FUN_0058e4e0","0058e4e0","undefined FUN_0058e4e0(float param_1\, float param_2\, undefined4 param_3\, float param_4)","1026"
"FUN_0058e920","0058e920","float10 FUN_0058e920(float param_1\, float param_2)","54"
"FUN_0058e980","0058e980","byte * FUN_0058e980(int param_1\, byte * param_2)","80"
"FUN_0058e9d0","0058e9d0","int FUN_0058e9d0(void)","69"
"FUN_0058ea20","0058ea20","float10 FUN_0058ea20(void)","115"
"FUN_0058eaa0","0058eaa0","int FUN_0058eaa0(int param_1\, int param_2\, int param_3\, int param_4)","465"
"FUN_0058ecf0","0058ecf0","undefined4 FUN_0058ecf0(int param_1)","23"
"FUN_0058ed40","0058ed40","undefined FUN_0058ed40(int param_1\, int param_2)","76"
"FUN_0058ed90","0058ed90","undefined FUN_0058ed90(int param_1\, int param_2)","474"
"FUN_0058ef70","0058ef70","undefined FUN_0058ef70(int param_1\, int param_2)","629"
"FUN_0058f1f0","0058f1f0","undefined FUN_0058f1f0(int param_1\, float * param_2\, undefined4 * param_3)","493"
"FUN_0058f3f0","0058f3f0","undefined FUN_0058f3f0(int param_1\, int param_2)","1774"
"FUN_0058fae0","0058fae0","undefined FUN_0058fae0(int param_1)","918"
"FUN_0058fe80","0058fe80","float10 FUN_0058fe80(uint param_1)","142"
"FUN_0058ff10","0058ff10","undefined FUN_0058ff10(int param_1\, int param_2)","91"
"FUN_0058ff70","0058ff70","undefined FUN_0058ff70(int param_1\, int * param_2)","79"
"FUN_005900a0","005900a0","undefined FUN_005900a0(int param_1\, uint param_2)","49"
"FUN_00590140","00590140","undefined FUN_00590140(int param_1\, int param_2)","992"
"FUN_00590530","00590530","undefined FUN_00590530(int param_1\, int * param_2\, int param_3)","217"
"FUN_00590690","00590690","undefined FUN_00590690(int param_1)","288"
"FUN_00590980","00590980","undefined FUN_00590980(int * param_1\, int param_2\, undefined4 param_3\, int * param_4)","89"
"FUN_00590aa0","00590aa0","undefined FUN_00590aa0(undefined4 param_1\, int * param_2\, undefined4 * param_3)","183"
"FUN_00590b60","00590b60","int FUN_00590b60(int param_1)","49"
"FUN_00590ba0","00590ba0","undefined FUN_00590ba0(int param_1)","58"
"FUN_00590be0","00590be0","undefined FUN_00590be0(int param_1\, uint param_2)","48"
"FUN_00590c10","00590c10","undefined FUN_00590c10(int param_1\, int param_2\, int param_3)","393"
"FUN_00590da0","00590da0","undefined FUN_00590da0(int param_1)","182"
"FUN_00590e60","00590e60","undefined FUN_00590e60(int param_1\, int * param_2)","691"
"FUN_00592280","00592280","undefined FUN_00592280(uint param_1)","825"
"FUN_005925c0","005925c0","undefined FUN_005925c0(void)","1"
"FUN_00592680","00592680","int FUN_00592680(void)","212"
"FUN_00592760","00592760","undefined FUN_00592760(short * param_1\, int param_2)","178"
"FUN_00592820","00592820","int FUN_00592820(int param_1\, int param_2\, int param_3\, undefined4 param_4\, int param_5)","281"
"FUN_00592940","00592940","int FUN_00592940(int param_1\, int param_2\, int param_3\, undefined4 param_4\, int param_5)","284"
"FUN_00592a70","00592a70","undefined FUN_00592a70(int * param_1\, short * param_2)","648"
"FUN_00592d00","00592d00","undefined FUN_00592d00(int param_1\, int param_2\, int param_3)","450"
"FUN_00592ed0","00592ed0","undefined FUN_00592ed0(int param_1\, int param_2\, int param_3\, int param_4\, float param_5)","482"
"FUN_005930c0","005930c0","undefined FUN_005930c0(int param_1)","196"
"FUN_005931a0","005931a0","undefined FUN_005931a0(int * param_1\, int param_2)","808"
"FUN_005934d0","005934d0","undefined FUN_005934d0(int param_1\, int param_2)","145"
"FUN_00593570","00593570","undefined FUN_00593570(int param_1)","119"
"FUN_005935f0","005935f0","undefined FUN_005935f0(int * param_1\, short * param_2)","179"
"FUN_005936b0","005936b0","undefined FUN_005936b0(int * param_1)","217"
"FUN_00593790","00593790","undefined FUN_00593790(int param_1)","115"
"FUN_00593810","00593810","undefined FUN_00593810(int param_1\, int param_2)","131"
"FUN_005938a0","005938a0","int FUN_005938a0(int param_1\, byte * param_2\, int * param_3\, int * param_4)","123"
"FUN_00593920","00593920","int FUN_00593920(int param_1\, ushort * param_2)","120"
"FUN_005939a0","005939a0","undefined FUN_005939a0(byte * param_1\, uint * param_2\, undefined4 param_3\, int param_4\, int param_5\, undefined1 * param_6\, undefined * * param_7\, undefined * param_8\, undefined4 param_9\, undefined4 param_10)","2135"
"FUN_00594220","00594220","undefined FUN_00594220(void)","1"
"FUN_00594250","00594250","int FUN_00594250(int param_1\, short * param_2\, int param_3)","82"
"FUN_005942b0","005942b0","undefined FUN_005942b0(byte * param_1\, int * param_2)","833"
"FUN_00594600","00594600","undefined FUN_00594600(undefined4 param_1\, undefined4 param_2\, undefined4 * param_3\, undefined2 param_4\, undefined4 param_5)","54"
"FUN_00594640","00594640","undefined FUN_00594640(uint param_1\, uint param_2\, uint * param_3\, uint param_4\, uint param_5\, uint param_6\, int param_7\, undefined2 param_8\, int * param_9\, undefined4 param_10\, int param_11\, uint param_12)","461"
"FUN_00594810","00594810","undefined FUN_00594810(int * param_1\, int param_2\, undefined4 * param_3\, undefined4 * param_4)","94"
"FUN_00594870","00594870","short * FUN_00594870(int param_1)","193"
"Collection_Got","00594960","undefined4 Collection_Got(int param_1)","151"
"FUN_00594a00","00594a00","undefined4 FUN_00594a00(int param_1\, uint param_2)","143"
"AddToCollection","00594a90","undefined4 AddToCollection(int param_1)","139"
"FUN_00594b70","00594b70","int FUN_00594b70(int * param_1\, uint param_2\, uint param_3\, int param_4\, int * param_5\, int * param_6)","185"
"FUN_00594c30","00594c30","undefined FUN_00594c30(int * param_1\, float param_2\, float param_3\, float param_4\, short * param_5\, float param_6\, int param_7)","1198"
"FUN_00595110","00595110","undefined FUN_00595110(void * this\, float * param_1\, undefined4 * param_2)","183"
"FUN_00595270","00595270","undefined FUN_00595270(float * param_1)","22"
"FUN_005952c0","005952c0","undefined FUN_005952c0(void * this\, float * param_1\, float * param_2\, float * param_3)","148"
"FUN_005953b0","005953b0","undefined FUN_005953b0(void * this\, undefined4 param_1\, undefined4 param_2)","183"
"FUN_005954f0","005954f0","undefined FUN_005954f0(undefined4 param_1\, float * param_2\, undefined4 * param_3\, undefined4 param_4\, undefined4 param_5\, void * param_6\, undefined4 * param_7)","75"
"FUN_00595540","00595540","undefined FUN_00595540(undefined4 * param_1\, float param_2)","283"
"FUN_00595660","00595660","undefined FUN_00595660(uint param_1\, float param_2)","190"
"FUN_00595720","00595720","undefined FUN_00595720(float param_1)","273"
"FUN_00595840","00595840","undefined FUN_00595840(float * param_1\, undefined4 * param_2\, uint param_3)","51"
"FUN_00595880","00595880","undefined1 * FUN_00595880(void)","6"
"FUN_00595890","00595890","undefined * FUN_00595890(void)","11"
"FUN_005958a0","005958a0","undefined4 FUN_005958a0(void)","12"
"FUN_005958b0","005958b0","undefined FUN_005958b0(void)","96"
"FUN_00595910","00595910","undefined FUN_00595910(float * param_1\, float param_2\, uint param_3)","92"
"FUN_00595970","00595970","undefined FUN_00595970(int param_1\, undefined4 param_2)","150"
"FUN_00595a10","00595a10","undefined FUN_00595a10(void)","124"
"FUN_00595a90","00595a90","undefined FUN_00595a90(void)","84"
"FUN_00595af0","00595af0","undefined FUN_00595af0(float param_1\, uint param_2)","769"
"FUN_00596520","00596520","undefined FUN_00596520(void)","1"
"FUN_00596530","00596530","undefined FUN_00596530(void)","632"
"FUN_005967b0","005967b0","int FUN_005967b0(float * param_1)","179"
"FUN_00596870","00596870","undefined FUN_00596870(void)","172"
"FUN_00596920","00596920","undefined FUN_00596920(void)","33"
"thunk_FUN_005d05b0","00596950","thunk undefined thunk_FUN_005d05b0(void)","5"
"FUN_00596960","00596960","undefined FUN_00596960(void)","12"
"FUN_00596a30","00596a30","undefined FUN_00596a30(void)","1656"
"FUN_005970d0","005970d0","ulonglong FUN_005970d0(float param_1)","320"
"FUN_00597250","00597250","undefined FUN_00597250(int param_1)","99"
"FUN_005972c0","005972c0","undefined * FUN_005972c0(int param_1\, short param_2)","129"
"FUN_00597350","00597350","undefined FUN_00597350(int param_1)","47"
"FUN_00597380","00597380","undefined FUN_00597380(int param_1)","670"
"FUN_00597620","00597620","undefined FUN_00597620(int param_1)","340"
"FUN_00597780","00597780","undefined FUN_00597780(int param_1)","583"
"FUN_005979d0","005979d0","undefined FUN_005979d0(int param_1)","549"
"FUN_00597c20","00597c20","undefined4 FUN_00597c20(float * param_1\, float * param_2\, ushort param_3\, int param_4)","213"
"FUN_00597d00","00597d00","undefined FUN_00597d00(float param_1)","134"
"FUN_00597dd0","00597dd0","undefined FUN_00597dd0(int param_1)","444"
"FUN_00597f90","00597f90","undefined FUN_00597f90(int param_1\, float * param_2\, float * param_3)","295"
"FUN_005980c0","005980c0","undefined FUN_005980c0(int param_1\, int param_2)","1171"
"FUN_00598560","00598560","undefined4 FUN_00598560(int param_1\, int param_2)","73"
"FUN_005985b0","005985b0","undefined FUN_005985b0(int param_1\, int param_2\, int param_3)","717"
"FUN_00598880","00598880","undefined FUN_00598880(int param_1\, int param_2)","3735"
"FUN_00599740","00599740","undefined4 FUN_00599740(float param_1\, float param_2)","228"
"FUN_00599830","00599830","undefined4 FUN_00599830(undefined4 param_1\, undefined4 param_2\, int param_3\, undefined4 param_4)","290"
"FUN_00599960","00599960","undefined4 FUN_00599960(int param_1)","53"
"SuperCarry_Release","005999a0","undefined SuperCarry_Release(int param_1)","64"
"FUN_00599a10","00599a10","undefined FUN_00599a10(uint * param_1)","34"
"FUN_00599a40","00599a40","undefined FUN_00599a40(undefined4 * param_1\, int param_2\, uint * param_3\, undefined4 * param_4)","220"
"FUN_00599b20","00599b20","undefined FUN_00599b20(int * param_1\, int param_2\, uint * param_3)","433"
"FUN_00599ce0","00599ce0","undefined FUN_00599ce0(int param_1\, float * param_2\, int param_3\, float param_4\, float param_5)","287"
"FUN_00599e00","00599e00","undefined FUN_00599e00(int * param_1\, int param_2\, uint * param_3\, undefined4 * param_4)","546"
"FUN_0059a030","0059a030","undefined FUN_0059a030(int param_1)","267"
"AllMiniKitsDone","0059a190","undefined4 AllMiniKitsDone(AREASAVE_s * areaSave)","76"
"FUN_0059a1e0","0059a1e0","undefined FUN_0059a1e0(undefined4 param_1\, undefined4 param_2\, float param_3\, float param_4\, undefined4 param_5\, undefined4 param_6)","564"
"FUN_0059a420","0059a420","undefined FUN_0059a420(undefined4 param_1\, undefined4 param_2\, int param_3)","156"
"FUN_0059a620","0059a620","int * FUN_0059a620(int param_1\, int * param_2\, uint * param_3\, int param_4)","137"
"FUN_0059a6b0","0059a6b0","undefined FUN_0059a6b0(int param_1\, int param_2)","97"
"FUN_0059a720","0059a720","undefined FUN_0059a720(float param_1\, float * param_2\, float param_3\, float param_4\, byte * param_5\, byte * param_6\, byte * param_7\, byte * param_8)","550"
"FUN_0059a950","0059a950","undefined FUN_0059a950(int param_1)","427"
"FUN_0059ab00","0059ab00","undefined FUN_0059ab00(int param_1)","775"
"FUN_0059ae10","0059ae10","undefined FUN_0059ae10(undefined4 * param_1\, int * param_2)","325"
"FUN_0059af60","0059af60","undefined FUN_0059af60(undefined4 * param_1)","90"
"FUN_0059afc0","0059afc0","float * FUN_0059afc0(int param_1\, float * param_2\, float param_3\, float param_4\, float param_5\, undefined2 param_6\, char param_7\, float param_8)","284"
"FUN_0059b0e0","0059b0e0","float * FUN_0059b0e0(int param_1\, float * param_2\, ushort param_3\, float * param_4\, float param_5\, int param_6)","211"
"FUN_0059b330","0059b330","undefined FUN_0059b330(void)","1"
"FUN_0059b360","0059b360","undefined2 * FUN_0059b360(byte * param_1\, int * param_2\, undefined4 param_3\, int param_4\, int * param_5)","702"
"FUN_0059b620","0059b620","int FUN_0059b620(int param_1\, int * param_2)","114"
"FUN_0059b6a0","0059b6a0","uint FUN_0059b6a0(int param_1\, uint param_2\, uint param_3)","83"
"FUN_0059b700","0059b700","bool FUN_0059b700(int param_1\, uint * param_2)","86"
"FUN_0059b760","0059b760","int FUN_0059b760(void)","112"
"FUN_0059b840","0059b840","int FUN_0059b840(char * param_1\, int param_2\, int param_3)","682"
"FUN_0059bb30","0059bb30","undefined4 FUN_0059bb30(int param_1\, ushort * param_2\, int * param_3\, uint * param_4)","389"
"FUN_0059bcc0","0059bcc0","int FUN_0059bcc0(int param_1)","126"
"FUN_0059bd40","0059bd40","undefined FUN_0059bd40(int param_1\, int param_2)","3127"
"FUN_0059c980","0059c980","undefined4 FUN_0059c980(float param_1\, uint param_2)","376"
"FUN_0059cb00","0059cb00","undefined FUN_0059cb00(int param_1)","98"
"FUN_0059cb90","0059cb90","undefined * * FUN_0059cb90(byte * param_1)","66"
"FUN_0059cbe0","0059cbe0","undefined FUN_0059cbe0(undefined1 * param_1\, int param_2)","173"
"FUN_0059ccd0","0059ccd0","undefined FUN_0059ccd0(char * param_1\, undefined4 param_2\, undefined4 param_3\, undefined4 param_4\, undefined1 param_5\, undefined1 param_6\, undefined1 param_7\, undefined1 param_8\, undefined1 param_9\, int * param_10\, uint * param_11)","113"
"FUN_0059d200","0059d200","undefined FUN_0059d200(void)","51"
"FUN_0059d240","0059d240","undefined FUN_0059d240(undefined4 * param_1\, undefined4 param_2\, float param_3)","524"
"FUN_0059d710","0059d710","undefined FUN_0059d710(undefined4 * param_1\, undefined4 * param_2\, undefined4 * param_3)","49"
"FUN_0059d760","0059d760","undefined FUN_0059d760(void)","1"
"FUN_0059d770","0059d770","undefined FUN_0059d770(void)","1"
"FUN_0059d9d0","0059d9d0","int FUN_0059d9d0(int param_1\, int param_2\, int param_3\, undefined4 param_4)","96"
"FUN_0059da30","0059da30","undefined FUN_0059da30(undefined4 param_1)","48"
"FUN_0059da60","0059da60","undefined FUN_0059da60(int * param_1\, int param_2\, int param_3\, uint param_4)","153"
"FUN_0059db00","0059db00","undefined4 FUN_0059db00(int * param_1\, byte * param_2)","692"
"FUN_0059de40","0059de40","undefined FUN_0059de40(int * param_1\, byte * param_2)","291"
"FUN_0059df70","0059df70","undefined FUN_0059df70(int * param_1)","185"
"FUN_0059e090","0059e090","undefined FUN_0059e090(int * param_1\, byte * param_2\, undefined4 param_3)","453"
"FUN_0059e3d0","0059e3d0","undefined FUN_0059e3d0(int param_1)","120"
"FUN_0059e450","0059e450","undefined FUN_0059e450(int param_1)","97"
"FUN_0059eac0","0059eac0","undefined FUN_0059eac0(int param_1)","48"
"FUN_0059eaf0","0059eaf0","undefined FUN_0059eaf0(int param_1)","42"
"FUN_0059ebf0","0059ebf0","undefined FUN_0059ebf0(int param_1)","33"
"FUN_0059ec20","0059ec20","undefined FUN_0059ec20(int param_1)","42"
"RegisterGizActions","0059f0d0","undefined RegisterGizActions(undefined4 param_1)","10"
"FUN_0059f0e0","0059f0e0","undefined FUN_0059f0e0(undefined4 param_1\, undefined4 param_2\, byte * param_3\, int * param_4\, uint * param_5)","443"
"FUN_0059f2a0","0059f2a0","undefined FUN_0059f2a0(int * param_1)","271"
"FUN_0059f3b0","0059f3b0","undefined FUN_0059f3b0(int param_1\, undefined4 * param_2)","164"
"FUN_0059f4e0","0059f4e0","undefined FUN_0059f4e0(int * param_1\, int * param_2)","596"
"FUN_0059f740","0059f740","undefined FUN_0059f740(int * param_1)","88"
"FUN_0059f7a0","0059f7a0","int FUN_0059f7a0(int param_1\, byte * param_2)","89"
"FUN_0059f800","0059f800","undefined4 FUN_0059f800(int * param_1\, byte * param_2)","193"
"FUN_0059f970","0059f970","undefined FUN_0059f970(void)","31"
"FUN_0059f990","0059f990","undefined FUN_0059f990(int param_1)","225"
"FUN_0059fa80","0059fa80","undefined FUN_0059fa80(void)","342"
"FUN_0059fbe0","0059fbe0","undefined FUN_0059fbe0(int param_1)","483"
"FUN_0059fe10","0059fe10","undefined FUN_0059fe10(void)","19"
"FUN_0059fe30","0059fe30","undefined FUN_0059fe30(int param_1\, int param_2)","330"
"FUN_0059ff80","0059ff80","undefined FUN_0059ff80(float param_1\, float param_2\, int param_3\, int param_4\, int param_5)","603"
"FUN_005a01f0","005a01f0","undefined FUN_005a01f0(float param_1\, int param_2)","294"
"FUN_005a0320","005a0320","undefined FUN_005a0320(int param_1\, int param_2)","168"
"FUN_005a03d0","005a03d0","undefined FUN_005a03d0(int param_1\, int param_2)","110"
"FUN_005a0450","005a0450","undefined FUN_005a0450(void)","1"
"FUN_005a0480","005a0480","undefined FUN_005a0480(int * param_1\, uint * param_2\, size_t param_3\, int param_4)","108"
"FUN_005a04f0","005a04f0","undefined FUN_005a04f0(int param_1\, int param_2)","83"
"FUN_005a0570","005a0570","undefined FUN_005a0570(int param_1)","51"
"FUN_005a05b0","005a05b0","void * FUN_005a05b0(int * param_1\, uint * param_2)","62"
"FUN_005a05f0","005a05f0","void * FUN_005a05f0(int * param_1\, uint * param_2\, int param_3\, int param_4)","68"
"FUN_005a0640","005a0640","undefined FUN_005a0640(undefined4 * param_1)","39"
"FUN_005a0670","005a0670","undefined FUN_005a0670(float param_1)","165"
"FUN_005a0720","005a0720","undefined FUN_005a0720(int * param_1)","49"
"FUN_005a0760","005a0760","ushort * FUN_005a0760(int * param_1\, uint * param_2\, int param_3\, uint param_4)","163"
"FUN_005a0810","005a0810","undefined4 * FUN_005a0810(int param_1\, int * param_2\, float param_3\, float param_4\, int param_5)","391"
"FUN_005a0a00","005a0a00","undefined FUN_005a0a00(int param_1)","68"
"FUN_005a0b00","005a0b00","undefined4 FUN_005a0b00(int param_1\, float * param_2\, int param_3\, int param_4\, int param_5)","275"
"FUN_005a0c20","005a0c20","undefined4 FUN_005a0c20(int param_1\, float * param_2\, float * param_3\, int param_4\, int param_5\, int param_6)","743"
"FUN_005a0f10","005a0f10","undefined4 FUN_005a0f10(float param_1)","153"
"FUN_005a0fb0","005a0fb0","undefined4 FUN_005a0fb0(int * param_1)","113"
"FUN_005a1030","005a1030","undefined4 FUN_005a1030(undefined4 * param_1\, float param_2\, int param_3)","315"
"FUN_005a1170","005a1170","undefined4 FUN_005a1170(int param_1)","62"
"FUN_005a11b0","005a11b0","undefined4 FUN_005a11b0(int param_1\, int param_2)","58"
"FUN_005a11f0","005a11f0","undefined4 FUN_005a11f0(int param_1)","53"
"FUN_005a1230","005a1230","undefined4 FUN_005a1230(int param_1)","53"
"FUN_005a1270","005a1270","undefined FUN_005a1270(float param_1\, float param_2)","195"
"FUN_005a1370","005a1370","float10 FUN_005a1370(int param_1)","38"
"FUN_005a13a0","005a13a0","float10 FUN_005a13a0(int param_1)","127"
"FUN_005a1480","005a1480","undefined FUN_005a1480(int param_1\, float * param_2)","122"
"FUN_005a1500","005a1500","float10 FUN_005a1500(int param_1)","138"
"FUN_005a1590","005a1590","undefined4 FUN_005a1590(int param_1)","79"
"FUN_005a15e0","005a15e0","undefined FUN_005a15e0(int param_1\, uint param_2)","43"
"FUN_005a1610","005a1610","undefined FUN_005a1610(int param_1)","46"
"FUN_005a16b0","005a16b0","undefined FUN_005a16b0(int param_1\, int param_2\, float param_3\, int param_4)","196"
"FUN_005a1780","005a1780","undefined FUN_005a1780(undefined4 * param_1)","739"
"FUN_005a1a70","005a1a70","undefined FUN_005a1a70(int param_1\, int param_2)","157"
"FUN_005a1b10","005a1b10","undefined4 * FUN_005a1b10(int param_1\, int param_2\, byte * param_3\, float param_4\, float param_5\, int param_6\, int param_7\, int param_8\, int param_9)","105"
"FUN_005a1c00","005a1c00","undefined FUN_005a1c00(int param_1\, int param_2)","376"
"FUN_005a1d80","005a1d80","undefined FUN_005a1d80(int param_1)","69"
"FUN_005a1dd0","005a1dd0","undefined FUN_005a1dd0(int param_1)","266"
"FUN_005a1f10","005a1f10","undefined FUN_005a1f10(int param_1)","65"
"FUN_005a1f60","005a1f60","undefined FUN_005a1f60(int param_1)","69"
"FUN_005a1fb0","005a1fb0","undefined FUN_005a1fb0(int param_1)","70"
"FUN_005a2060","005a2060","undefined FUN_005a2060(int param_1\, int param_2)","425"
"FUN_005a2210","005a2210","int FUN_005a2210(byte * param_1)","50"
"FUN_005a2250","005a2250","undefined FUN_005a2250(int param_1)","96"
"FUN_005a22b0","005a22b0","undefined FUN_005a22b0(ushort * param_1)","72"
"FUN_005a2360","005a2360","undefined FUN_005a2360(uint * param_1\, int * param_2\, undefined4 param_3\, uint param_4)","145"
"FUN_005a2400","005a2400","int FUN_005a2400(ushort * param_1)","107"
"FUN_005a2470","005a2470","undefined FUN_005a2470(int param_1)","116"
"FUN_005a24f0","005a24f0","undefined FUN_005a24f0(ushort * param_1\, undefined4 * param_2\, undefined4 param_3\, undefined4 param_4\, undefined4 param_5\, undefined4 param_6\, undefined4 param_7\, undefined4 param_8\, undefined2 param_9\, int param_10\, undefined4 * param_11)","203"
"FUN_005a25e0","005a25e0","undefined FUN_005a25e0(int param_1)","587"
"FUN_005a2830","005a2830","undefined FUN_005a2830(float * param_1)","351"
"FUN_005a2990","005a2990","undefined FUN_005a2990(int param_1)","53"
"FUN_005a29d0","005a29d0","undefined FUN_005a29d0(int param_1)","80"
"FUN_005a2a20","005a2a20","undefined FUN_005a2a20(int param_1)","59"
"FUN_005a2aa0","005a2aa0","undefined FUN_005a2aa0(int param_1\, int param_2)","1327"
"FUN_005a2fd0","005a2fd0","undefined FUN_005a2fd0(int * param_1)","121"
"FUN_005a3050","005a3050","undefined FUN_005a3050(int * param_1)","1024"
"FUN_005a3450","005a3450","undefined FUN_005a3450(int param_1\, int param_2\, int * param_3\, int param_4)","158"
"FUN_005a35f0","005a35f0","undefined FUN_005a35f0(float * param_1\, float * param_2\, float * param_3\, int param_4\, int param_5\, float param_6)","310"
"FUN_005a3730","005a3730","undefined FUN_005a3730(undefined4 * param_1\, undefined4 param_2\, undefined4 param_3\, int * param_4\, undefined1 param_5\, undefined4 param_6)","1181"
"FUN_005a3bd0","005a3bd0","undefined FUN_005a3bd0(float param_1)","234"
"FUN_005a3cc0","005a3cc0","undefined FUN_005a3cc0(void)","1036"
"FUN_005a40d0","005a40d0","undefined FUN_005a40d0(void)","143"
"FUN_005a4160","005a4160","undefined FUN_005a4160(uint * param_1\, undefined4 param_2\, char * param_3)","558"
"FUN_005a4400","005a4400","undefined FUN_005a4400(int param_1\, float * param_2)","79"
"FUN_005a4450","005a4450","undefined FUN_005a4450(undefined4 param_1\, int param_2)","233"
"FUN_005a4540","005a4540","undefined FUN_005a4540(int param_1\, int param_2)","636"
"FUN_005a47c0","005a47c0","int FUN_005a47c0(int param_1\, int param_2\, float param_3)","1667"
"FUN_005a4e60","005a4e60","undefined4 FUN_005a4e60(int param_1)","78"
"FUN_005a4eb0","005a4eb0","int FUN_005a4eb0(int param_1\, int param_2\, int param_3\, int * param_4)","823"
"FUN_005a51f0","005a51f0","undefined FUN_005a51f0(int param_1\, int param_2\, int param_3\, float * param_4)","691"
"FUN_005a54b0","005a54b0","undefined FUN_005a54b0(int param_1\, float * param_2\, int param_3\, float * param_4)","563"
"FUN_005a56f0","005a56f0","undefined4 FUN_005a56f0(int param_1\, int param_2\, float * param_3\, float * param_4)","607"
"FUN_005a5960","005a5960","undefined4 FUN_005a5960(int param_1\, float param_2\, float * param_3\, int param_4)","345"
"FUN_005a5ac0","005a5ac0","undefined4 FUN_005a5ac0(int param_1\, undefined4 param_2\, float * param_3\, int param_4)","171"
"FUN_005a5b70","005a5b70","undefined FUN_005a5b70(int param_1\, byte param_2)","91"
"FUN_005a5bd0","005a5bd0","undefined FUN_005a5bd0(int param_1)","4366"
"FUN_005a6ce0","005a6ce0","int FUN_005a6ce0(float param_1\, float * param_2\, float param_3)","348"
"FUN_005a7210","005a7210","undefined FUN_005a7210(undefined4 param_1\, undefined4 param_2\, undefined4 * param_3\, int param_4\, undefined4 param_5\, undefined4 * param_6)","446"
"FUN_005a76c0","005a76c0","undefined4 FUN_005a76c0(int param_1\, int param_2\, int param_3)","402"
"FUN_005a7980","005a7980","undefined FUN_005a7980(int param_1\, float * param_2\, int param_3)","126"
"FUN_005a7a00","005a7a00","undefined FUN_005a7a00(int param_1\, int param_2)","1631"
"FUN_005a8090","005a8090","undefined FUN_005a8090(int param_1\, int param_2\, int param_3\, int param_4)","188"
"FUN_005a8150","005a8150","undefined FUN_005a8150(byte * param_1)","48"
"FUN_005a8180","005a8180","undefined FUN_005a8180(void)","43"
"FUN_005a81b0","005a81b0","undefined FUN_005a81b0(int param_1)","80"
"FUN_005a8200","005a8200","undefined FUN_005a8200(int param_1)","113"
"FUN_005a8280","005a8280","undefined FUN_005a8280(byte * param_1\, int param_2)","55"
"FUN_005a82c0","005a82c0","undefined FUN_005a82c0(int param_1\, int param_2)","171"
"FUN_005a8390","005a8390","undefined FUN_005a8390(int * param_1)","45"
"FUN_005a83c0","005a83c0","undefined FUN_005a83c0(int param_1\, float * param_2)","409"
"FUN_005a8590","005a8590","undefined FUN_005a8590(short * param_1)","64"
"FUN_005a85d0","005a85d0","undefined FUN_005a85d0(int param_1)","74"
"FUN_005a86a0","005a86a0","bool FUN_005a86a0(int * param_1)","36"
"FUN_005a8730","005a8730","undefined FUN_005a8730(int param_1)","160"
"FUN_005a87d0","005a87d0","undefined FUN_005a87d0(int param_1)","162"
"FUN_005a8880","005a8880","undefined FUN_005a8880(int param_1)","219"
"FUN_005a8960","005a8960","undefined FUN_005a8960(void)","1127"
"FUN_005a8dd0","005a8dd0","undefined FUN_005a8dd0(int param_1\, int param_2\, int param_3\, int param_4)","1475"
"FUN_005a93b0","005a93b0","int FUN_005a93b0(undefined4 param_1\, int param_2\, int param_3\, int param_4\, float * param_5)","829"
"FUN_005a96f0","005a96f0","undefined4 FUN_005a96f0(byte * param_1)","91"
"FUN_005a9750","005a9750","undefined FUN_005a9750(void)","112"
"FUN_005a97c0","005a97c0","undefined FUN_005a97c0(undefined4 param_1\, int param_2)","85"
"FUN_005a9820","005a9820","undefined FUN_005a9820(void)","438"
"FUN_005a99e0","005a99e0","undefined FUN_005a99e0(void)","199"
"FUN_005a9ab0","005a9ab0","int FUN_005a9ab0(void)","125"
"FUN_005a9b30","005a9b30","undefined4 FUN_005a9b30(int param_1\, int param_2\, uint param_3\, ushort * param_4\, undefined4 param_5)","515"
"FUN_005a9d40","005a9d40","undefined FUN_005a9d40(int param_1)","2725"
"FUN_005aa7f0","005aa7f0","undefined FUN_005aa7f0(int param_1)","810"
"FUN_005aab50","005aab50","undefined FUN_005aab50(int * param_1)","99"
"FUN_005aabc0","005aabc0","undefined FUN_005aabc0(int param_1)","53"
"FUN_005aac00","005aac00","undefined FUN_005aac00(int param_1\, char * param_2\, int param_3)","324"
"FUN_005aafb0","005aafb0","int * FUN_005aafb0(int * param_1\, uint * param_2\, int param_3)","104"
"FUN_005ab050","005ab050","undefined FUN_005ab050(int param_1\, char * param_2\, undefined4 param_3\, int param_4)","35"
"FUN_005ab0a0","005ab0a0","undefined2 * FUN_005ab0a0(int * param_1\, uint * param_2\, int param_3)","73"
"FUN_005ab0f0","005ab0f0","undefined FUN_005ab0f0(undefined4 param_1\, int param_2)","66"
"FUN_005ab140","005ab140","int * FUN_005ab140(short * param_1\, int param_2\, char param_3\, int param_4\, char param_5)","153"
"FUN_005ab290","005ab290","undefined FUN_005ab290(float * param_1)","28"
"FUN_005ab2d0","005ab2d0","undefined FUN_005ab2d0(void)","185"
"FUN_005ab730","005ab730","undefined FUN_005ab730(int param_1\, int * param_2)","84"
"FUN_005ab790","005ab790","undefined FUN_005ab790(undefined4 param_1\, int * param_2\, int param_3\, int * param_4\, int param_5)","161"
"FUN_005aba50","005aba50","undefined FUN_005aba50(int param_1)","420"
"FUN_005abd80","005abd80","int FUN_005abd80(undefined4 param_1\, float * param_2)","384"
"FUN_005abf00","005abf00","undefined FUN_005abf00(float * param_1\, float * param_2\, float * param_3\, float * param_4\, float param_5\, float * param_6\, float * param_7\, int param_8)","377"
"FUN_005ace90","005ace90","undefined4 FUN_005ace90(float * param_1)","160"
"FUN_005acf30","005acf30","undefined FUN_005acf30(int * param_1\, int param_2\, int param_3\, int param_4\, int param_5)","485"
"FUN_005ad120","005ad120","int FUN_005ad120(int * param_1\, float * param_2\, undefined4 param_3\, float * param_4)","162"
"FUN_005ad1d0","005ad1d0","undefined FUN_005ad1d0(int param_1\, int * param_2)","119"
"FUN_005ad270","005ad270","undefined FUN_005ad270(int * param_1\, int param_2\, undefined4 param_3\, int * param_4)","94"
"FUN_005ad460","005ad460","undefined FUN_005ad460(undefined4 param_1\, int * param_2\, undefined4 * param_3)","224"
"FUN_005ad540","005ad540","undefined4 FUN_005ad540(int param_1\, int param_2\, undefined4 param_3\, int param_4\, int param_5)","672"
"FUN_005ad8e0","005ad8e0","int * FUN_005ad8e0(int param_1\, float * param_2\, float * param_3\, undefined4 * param_4\, int param_5\, float * param_6\, float * param_7\, float param_8\, float param_9\, int param_10\, int param_11\, int param_12)","932"
"FUN_005adc90","005adc90","undefined4 FUN_005adc90(int param_1\, int * param_2\, int param_3\, int param_4\, int param_5\, float param_6\, float * param_7\, float * param_8\, int * param_9\, int param_10\, int param_11)","726"
"FUN_005adf80","005adf80","int FUN_005adf80(int param_1)","55"
"FUN_005ae150","005ae150","undefined FUN_005ae150(int * param_1\, int param_2\, int param_3)","98"
"FUN_005ae1c0","005ae1c0","undefined FUN_005ae1c0(undefined4 param_1\, byte * param_2)","344"
"FUN_005ae590","005ae590","int FUN_005ae590(int param_1\, int param_2\, int param_3\, byte * param_4)","143"
"FUN_005ae720","005ae720","undefined FUN_005ae720(int param_1\, undefined4 param_2\, undefined4 * param_3)","170"
"FUN_005ae7d0","005ae7d0","undefined4 FUN_005ae7d0(int param_1)","261"
"FUN_005aea20","005aea20","undefined4 FUN_005aea20(int param_1)","56"
"FUN_005aef10","005aef10","undefined FUN_005aef10(int param_1\, int param_2\, undefined * param_3\, undefined4 param_4\, int param_5\, int param_6)","413"
"FUN_005af100","005af100","undefined FUN_005af100(int * param_1\, int param_2\, int param_3)","85"
"FUN_005af250","005af250","undefined FUN_005af250(int param_1\, undefined4 param_2\, int param_3)","170"
"FUN_005af330","005af330","undefined FUN_005af330(int param_1\, undefined4 param_2\, undefined4 * param_3)","130"
"FUN_005af560","005af560","undefined4 FUN_005af560(int param_1)","238"
"FUN_005af650","005af650","undefined FUN_005af650(int param_1)","195"
"FUN_005af720","005af720","undefined4 FUN_005af720(int param_1)","304"
"FUN_005af970","005af970","undefined4 FUN_005af970(int param_1)","179"
"FUN_005afaf0","005afaf0","undefined FUN_005afaf0(int param_1\, undefined4 param_2\, int param_3)","192"
"FUN_005afbb0","005afbb0","int FUN_005afbb0(int * param_1\, float * param_2\, float * param_3\, int param_4)","147"
"FUN_005afc50","005afc50","undefined FUN_005afc50(int param_1\, float * param_2)","59"
"FUN_005afcd0","005afcd0","undefined FUN_005afcd0(int * param_1\, int param_2\, int param_3)","101"
"FUN_005b01b0","005b01b0","int * FUN_005b01b0(undefined4 param_1\, int param_2\, int param_3\, char * param_4)","148"
"FUN_005b0400","005b0400","undefined FUN_005b0400(int param_1\, undefined4 param_2\, float param_3)","69"
"FUN_005b0550","005b0550","int * FUN_005b0550(undefined4 param_1\, undefined4 param_2\, char param_3\, char * param_4)","134"
"FUN_005b05e0","005b05e0","undefined FUN_005b05e0(int param_1)","132"
"FUN_005b07a0","005b07a0","undefined4 FUN_005b07a0(int param_1)","321"
"FUN_005b0960","005b0960","undefined FUN_005b0960(int * param_1\, int param_2\, int param_3)","77"
"FUN_005b09e0","005b09e0","int FUN_005b09e0(int param_1\, int param_2\, int param_3\, byte * param_4)","186"
"FUN_005b0c80","005b0c80","undefined FUN_005b0c80(void)","299"
"FUN_005b0df0","005b0df0","undefined FUN_005b0df0(int param_1)","240"
"FUN_005b1080","005b1080","undefined FUN_005b1080(int param_1)","29"
"FUN_005b10a0","005b10a0","undefined FUN_005b10a0(int param_1)","211"
"FUN_005b1180","005b1180","undefined FUN_005b1180(int param_1)","36"
"FUN_005b11b0","005b11b0","undefined FUN_005b11b0(void * this\, char param_1)","44"
"FUN_005b11e0","005b11e0","undefined4 FUN_005b11e0(void * this\, int * param_1)","56"
"FUN_005b1220","005b1220","undefined4 FUN_005b1220(void * this\, int * param_1\, undefined4 param_2)","47"
"FUN_005b1330","005b1330","undefined FUN_005b1330(int param_1)","94"
"FUN_005b1500","005b1500","undefined FUN_005b1500(int param_1)","110"
"FUN_005b16c0","005b16c0","undefined FUN_005b16c0(void)","1"
"FUN_005b16e0","005b16e0","undefined FUN_005b16e0(void)","56"
"FUN_005b1770","005b1770","undefined4 FUN_005b1770(int param_1)","142"
"FUN_005b1810","005b1810","undefined FUN_005b1810(byte * param_1\, int param_2)","584"
"FUN_005b1b10","005b1b10","undefined FUN_005b1b10(int param_1)","695"
"FUN_005b1dd0","005b1dd0","undefined FUN_005b1dd0(int param_1\, int * param_2\, int param_3)","83"
"FUN_005b1e30","005b1e30","undefined FUN_005b1e30(int param_1)","103"
"FUN_005b1ee0","005b1ee0","uint FUN_005b1ee0(byte * param_1\, uint * param_2\, uint * param_3)","547"
"FUN_005b2110","005b2110","int FUN_005b2110(int param_1\, byte * param_2)","102"
"FUN_005b2350","005b2350","undefined FUN_005b2350(void)","1"
"FUN_005b2380","005b2380","undefined FUN_005b2380(byte * param_1\, int * param_2)","233"
"FUN_005b2510","005b2510","undefined FUN_005b2510(char * param_1\, int param_2\, int param_3\, undefined4 param_4\, undefined * param_5\, undefined4 param_6)","384"
"FUN_005b26b0","005b26b0","undefined FUN_005b26b0(undefined4 param_1\, undefined4 param_2\, int param_3)","1597"
"Whip_Release","005b2cf0","undefined Whip_Release(int param_1)","163"
"FUN_005b2e20","005b2e20","ulonglong FUN_005b2e20(float param_1)","320"
"FUN_005b2f90","005b2f90","undefined FUN_005b2f90(void * this\, float * param_1)","25"
"FUN_005b2fb0","005b2fb0","float10 FUN_005b2fb0(float * param_1\, float * param_2)","53"
"FUN_005b2ff0","005b2ff0","undefined FUN_005b2ff0(float * param_1\, float * param_2\, float * param_3\, float param_4\, float param_5)","49"
"FUN_005b3030","005b3030","undefined FUN_005b3030(float * param_1\, float * param_2\, float * param_3\, float param_4)","40"
"FUN_005b3060","005b3060","undefined FUN_005b3060(void * this\, float * param_1)","51"
"FUN_005b30a0","005b30a0","undefined FUN_005b30a0(float * param_1\, float * param_2\, float * param_3)","108"
"FUN_005b3110","005b3110","undefined FUN_005b3110(float * param_1\, float * param_2\, float * param_3)","183"
"FUN_005b3200","005b3200","undefined FUN_005b3200(float * param_1\, float * param_2\, float * param_3)","99"
"FUN_005b33c0","005b33c0","undefined FUN_005b33c0(float * param_1\, float * param_2\, float * param_3)","128"
"FUN_005b3470","005b3470","undefined FUN_005b3470(float * param_1\, float * param_2\, float * param_3)","99"
"FUN_005b35a0","005b35a0","undefined FUN_005b35a0(undefined4 * param_1\, undefined4 * param_2\, int param_3)","115"
"FUN_005b3620","005b3620","undefined FUN_005b3620(float * param_1\, float * param_2\, int param_3)","111"
"FUN_005b3690","005b3690","undefined FUN_005b3690(float * param_1\, float * param_2\, int param_3)","115"
"FUN_005b3710","005b3710","undefined FUN_005b3710(float * param_1\, float param_2\, int param_3)","72"
"FUN_005b37b0","005b37b0","undefined FUN_005b37b0(float * param_1\, float * param_2)","31"
"_NuVecAdd","005b37d0","undefined _NuVecAdd(float * param_1\, float * param_2\, float * param_3)","37"
"FUN_005b3800","005b3800","undefined FUN_005b3800(float * param_1\, float * param_2\, float * param_3)","37"
"_NuVecScale","005b3830","undefined _NuVecScale(float * param_1\, float * param_2\, float param_3)","37"
"FUN_005b3860","005b3860","undefined FUN_005b3860(float * param_1\, float * param_2\, float * param_3\, float param_4)","51"
"FUN_005b3920","005b3920","undefined FUN_005b3920(float * param_1\, float * param_2\, float * param_3)","75"
"FUN_005b39e0","005b39e0","float10 FUN_005b39e0(float * param_1\, float * param_2)","37"
"FUN_005b3a40","005b3a40","undefined FUN_005b3a40(float * param_1\, float * param_2\, float * param_3)","91"
"FUN_005b3aa0","005b3aa0","undefined FUN_005b3aa0(float * param_1\, float * param_2\, float * param_3)","91"
"FUN_005b3b00","005b3b00","float10 FUN_005b3b00(float * param_1)","37"
"_NuVecNorm","005b3b30","undefined _NuVecNorm(float * param_1\, float * param_2)","118"
"FUN_005b3bb0","005b3bb0","undefined FUN_005b3bb0(float * param_1\, float * param_2\, float * param_3\, float * param_4)","155"
"FUN_005b3c50","005b3c50","float10 FUN_005b3c50(float * param_1\, float * param_2\, float * param_3)","156"
"FUN_005b3cf0","005b3cf0","float10 FUN_005b3cf0(float * param_1\, float * param_2\, float * param_3)","133"
"FUN_005b3d80","005b3d80","undefined FUN_005b3d80(float * param_1\, float * param_2\, float * param_3\, float param_4)","61"
"FUN_005b3dc0","005b3dc0","undefined FUN_005b3dc0(float * param_1\, float * param_2\, float * param_3)","46"
"FUN_005b3e20","005b3e20","undefined FUN_005b3e20(float * param_1\, float * param_2\, float param_3)","45"
"FUN_005b3ec0","005b3ec0","undefined FUN_005b3ec0(float * param_1\, float * param_2\, float * param_3)","143"
"FUN_005b3f50","005b3f50","undefined FUN_005b3f50(float * param_1\, float * param_2\, float * param_3)","163"
"FUN_005b44c0","005b44c0","undefined FUN_005b44c0(undefined4 * param_1)","21"
"_NuMtxSetIdentity","005b44e0","undefined _NuMtxSetIdentity(undefined4 * param_1)","21"
"FUN_005b4500","005b4500","undefined FUN_005b4500(undefined4 * param_1\, undefined4 * param_2)","68"
"FUN_005b45a0","005b45a0","undefined FUN_005b45a0(undefined4 * param_1\, undefined4 * param_2)","68"
"FUN_005b45f0","005b45f0","undefined FUN_005b45f0(undefined4 * param_1\, int param_2)","113"
"FUN_005b4670","005b4670","undefined FUN_005b4670(undefined4 * param_1\, int param_2)","113"
"FUN_005b46f0","005b46f0","undefined FUN_005b46f0(undefined4 * param_1\, int param_2)","113"
"FUN_005b4770","005b4770","undefined FUN_005b4770(float * param_1\, int param_2\, float * param_3)","386"
"FUN_005b4900","005b4900","undefined FUN_005b4900(int param_1\, float * param_2)","35"
"FUN_005b4930","005b4930","undefined FUN_005b4930(int param_1\, float * param_2)","35"
"FUN_005b4960","005b4960","undefined FUN_005b4960(float * param_1\, float * param_2)","89"
"FUN_005b4a50","005b4a50","undefined FUN_005b4a50(float * param_1\, float * param_2)","111"
"FUN_005b4ac0","005b4ac0","undefined FUN_005b4ac0(float * param_1\, float param_2)","105"
"FUN_005b4b30","005b4b30","undefined FUN_005b4b30(float * param_1\, float param_2)","81"
"FUN_005b4b90","005b4b90","float * FUN_005b4b90(float * param_1\, float * param_2)","149"
"FUN_005b4c30","005b4c30","undefined FUN_005b4c30(float * param_1\, float * param_2)","85"
"FUN_005b4c90","005b4c90","undefined FUN_005b4c90(float * param_1\, float param_2)","33"
"FUN_005b4cf0","005b4cf0","undefined FUN_005b4cf0(int param_1\, int param_2)","224"
"FUN_005b4dd0","005b4dd0","undefined FUN_005b4dd0(int param_1\, int param_2)","191"
"FUN_005b4f70","005b4f70","undefined FUN_005b4f70(float * param_1\, int param_2)","226"
"FUN_005b5060","005b5060","undefined FUN_005b5060(float * param_1\, int param_2)","187"
"FUN_005b5160","005b5160","undefined FUN_005b5160(float * param_1\, int param_2)","222"
"FUN_005b5240","005b5240","undefined FUN_005b5240(float * param_1\, int param_2)","189"
"FUN_005b5300","005b5300","undefined FUN_005b5300(float * param_1\, int * param_2)","304"
"FUN_005b5430","005b5430","undefined FUN_005b5430(float * param_1\, float * param_2\, float * param_3)","706"
"FUN_005b5700","005b5700","undefined FUN_005b5700(float * param_1\, float * param_2\, float * param_3)","558"
"FUN_005b5930","005b5930","undefined FUN_005b5930(undefined4 * param_1\, undefined4 * param_2)","109"
"FUN_005b59a0","005b59a0","undefined FUN_005b59a0(undefined4 * param_1\, undefined4 * param_2)","151"
"FUN_005b5a40","005b5a40","undefined FUN_005b5a40(float * param_1\, float * param_2)","212"
"FUN_005b5b20","005b5b20","undefined FUN_005b5b20(undefined4 * param_1\, undefined4 * param_2)","110"
"FUN_005b5b90","005b5b90","undefined FUN_005b5b90(float * param_1\, float * param_2)","351"
"FUN_005b5e90","005b5e90","undefined FUN_005b5e90(undefined4 * param_1\, undefined4 * param_2)","1251"
"FUN_005b6380","005b6380","undefined FUN_005b6380(float * param_1\, float * param_2)","268"
"FUN_005b6490","005b6490","undefined FUN_005b6490(float * param_1\, float * param_2)","269"
"FUN_005b65a0","005b65a0","undefined FUN_005b65a0(float * param_1\, float * param_2)","1074"
"FUN_005b69e0","005b69e0","undefined FUN_005b69e0(float * param_1\, float * param_2)","75"
"FUN_005b6a30","005b6a30","undefined FUN_005b6a30(float * param_1\, float * param_2)","75"
"FUN_005b6a80","005b6a80","undefined FUN_005b6a80(float * param_1\, float * param_2)","75"
"FUN_005b6ad0","005b6ad0","undefined FUN_005b6ad0(float * param_1\, float * param_2)","75"
"FUN_005b6b20","005b6b20","undefined FUN_005b6b20(float * param_1\, float * param_2)","75"
"FUN_005b6b70","005b6b70","undefined FUN_005b6b70(float * param_1\, float * param_2)","75"
"FUN_005b6d20","005b6d20","undefined FUN_005b6d20(float * param_1)","308"
"FUN_005b6e60","005b6e60","undefined FUN_005b6e60(undefined4 * param_1\, undefined4 * param_2)","25"
"FUN_005b6e80","005b6e80","undefined FUN_005b6e80(int param_1\, undefined4 * param_2)","26"
"FUN_005b6ea0","005b6ea0","undefined FUN_005b6ea0(int param_1\, undefined4 * param_2)","26"
"FUN_005b6ec0","005b6ec0","undefined FUN_005b6ec0(int param_1\, undefined4 * param_2)","26"
"FUN_005b6ee0","005b6ee0","undefined FUN_005b6ee0(int param_1\, float param_2\, float param_3\, float * param_4\, float * param_5)","101"
"FUN_005b6ff0","005b6ff0","float10 FUN_005b6ff0(float * param_1\, float * param_2)","391"
"FUN_005b7390","005b7390","undefined FUN_005b7390(float * param_1\, float * param_2\, float * param_3\, float * param_4)","400"
"FUN_005b7670","005b7670","undefined FUN_005b7670(undefined4 param_1\, undefined4 param_2\, float * param_3\, undefined4 param_4\, float param_5\, float param_6\, float param_7)","186"
"FUN_005b7890","005b7890","undefined FUN_005b7890(float * param_1\, float param_2\, float param_3\, float param_4\, float param_5\, float param_6\, float param_7)","158"
"FUN_005b79d0","005b79d0","undefined FUN_005b79d0(float * param_1\, float param_2\, float param_3\, float param_4\, float param_5\, float param_6\, float param_7)","160"
"FUN_005b7a70","005b7a70","undefined FUN_005b7a70(float * param_1\, float * param_2\, float * param_3\, float * param_4\, float * param_5\, float * param_6\, float * param_7)","172"
"FUN_005b7c20","005b7c20","float10 FUN_005b7c20(uint param_1)","36"
"FUN_005b7cc0","005b7cc0","float10 FUN_005b7cc0(undefined4 param_1\, undefined4 param_2)","18"
"FUN_005b7d30","005b7d30","float10 FUN_005b7d30(undefined4 param_1\, undefined4 param_2)","36"
"FUN_005b7d60","005b7d60","undefined FUN_005b7d60(float * param_1\, int param_2\, int param_3\, int param_4)","314"
"FUN_005b7ea0","005b7ea0","undefined FUN_005b7ea0(float * param_1\, float * param_2)","410"
"FUN_005b8040","005b8040","undefined FUN_005b8040(float * param_1\, float * param_2)","285"
"FUN_005b81c0","005b81c0","undefined FUN_005b81c0(float * param_1\, float * param_2\, float * param_3)","164"
"FUN_005b82d0","005b82d0","undefined FUN_005b82d0(float * param_1\, float * param_2)","174"
"FUN_005b83b0","005b83b0","undefined FUN_005b83b0(float * param_1\, float * param_2)","88"
"FUN_005b8410","005b8410","undefined FUN_005b8410(float * param_1\, float * param_2\, float * param_3\, float param_4)","75"
"FUN_005b8460","005b8460","float10 FUN_005b8460(float param_1\, float param_2\, float param_3\, float param_4\, float param_5)","188"
"FUN_005b8520","005b8520","undefined FUN_005b8520(float * param_1\, float * param_2\, float * param_3\, float * param_4\, float * param_5\, float param_6)","221"
"FUN_005b8600","005b8600","float10 FUN_005b8600(float param_1\, float param_2\, float param_3\, float param_4\, float param_5)","191"
"FUN_005b86c0","005b86c0","undefined FUN_005b86c0(float * param_1\, float * param_2\, float * param_3\, float * param_4\, float * param_5\, float param_6)","221"
"FUN_005b87a0","005b87a0","undefined FUN_005b87a0(undefined4 param_1\, float * param_2\, float * param_3\, float param_4)","488"
"FUN_005b89f0","005b89f0","undefined FUN_005b89f0(float * param_1\, float * param_2\, float * param_3\, float param_4)","669"
"FUN_005b8cf0","005b8cf0","undefined FUN_005b8cf0(float * param_1\, float * param_2\, float * param_3\, float param_4)","587"
"FUN_005b8f40","005b8f40","undefined FUN_005b8f40(float * param_1\, float * param_2\, float * param_3\, float * param_4)","196"
"FUN_005b9150","005b9150","undefined4 FUN_005b9150(float * param_1\, float * param_2\, float * param_3\, float * param_4)","320"
"FUN_005b9290","005b9290","undefined FUN_005b9290(float * param_1\, float * param_2\, float * param_3\, float * param_4)","154"
"FUN_005b9330","005b9330","undefined4 FUN_005b9330(float * param_1\, float * param_2\, float * param_3\, float * param_4)","230"
"FUN_005b9420","005b9420","undefined4 FUN_005b9420(float * param_1\, float * param_2\, float * param_3\, float * param_4)","230"
"FUN_005b9510","005b9510","undefined4 FUN_005b9510(float * param_1\, float * param_2\, float * param_3\, float * param_4)","230"
"FUN_005b9600","005b9600","undefined4 FUN_005b9600(float * param_1\, float * param_2\, float * param_3\, float * param_4)","230"
"FUN_005b96f0","005b96f0","undefined4 FUN_005b96f0(int param_1\, int param_2\, int param_3\, int param_4)","252"
"FUN_005b97f0","005b97f0","undefined4 FUN_005b97f0(int param_1\, int param_2\, int param_3\, int param_4)","252"
"FUN_005b98f0","005b98f0","undefined4 FUN_005b98f0(float * param_1\, float * param_2\, float * param_3\, float * param_4)","763"
"FUN_005b9bf0","005b9bf0","uint FUN_005b9bf0(float * param_1\, float * param_2\, float * param_3)","138"
"FUN_005b9c80","005b9c80","undefined FUN_005b9c80(float * param_1\, float * param_2\, float * param_3\, float * param_4)","73"
"FUN_005b9cd0","005b9cd0","undefined FUN_005b9cd0(float * param_1\, float * param_2\, float * param_3\, float * param_4)","75"
"FUN_005b9d20","005b9d20","undefined FUN_005b9d20(float * param_1\, float * param_2\, float * param_3\, float * param_4)","75"
"FUN_005b9d70","005b9d70","undefined FUN_005b9d70(undefined4 param_1)","10"
"FUN_005b9d90","005b9d90","float10 FUN_005b9d90(uint * param_1)","52"
"FUN_005b9dd0","005b9dd0","float10 FUN_005b9dd0(void)","52"
"FUN_005b9e10","005b9e10","undefined FUN_005b9e10(int * param_1)","20"
"FUN_005b9e30","005b9e30","undefined FUN_005b9e30(void)","22"
"FUN_005b9e50","005b9e50","undefined FUN_005b9e50(void)","25"
"FUN_005b9e70","005b9e70","undefined FUN_005b9e70(undefined4 * param_1\, undefined4 param_2)","27"
"FUN_005b9e90","005b9e90","uint FUN_005b9e90(uint * param_1)","90"
"FUN_005b9ef0","005b9ef0","float10 FUN_005b9ef0(uint * param_1)","37"
"FUN_005ba060","005ba060","undefined FUN_005ba060(float * param_1\, int param_2\, float param_3\, float param_4)","399"
"FUN_005bc2b0","005bc2b0","float10 FUN_005bc2b0(float * param_1\, float param_2)","183"
"FUN_005bc5c0","005bc5c0","float10 FUN_005bc5c0(int param_1\, int param_2\, int param_3\, float param_4)","81"
"FUN_005bc611","005bc611","float10 FUN_005bc611(void)","326"
"FUN_005bc760","005bc760","undefined FUN_005bc760(int param_1\, int param_2\, int param_3\, float param_4\, float * param_5\, float * param_6)","105"
"FUN_005bc7d0","005bc7d0","undefined FUN_005bc7d0(int param_1\, float param_2\, float * param_3\, float * param_4)","723"
"FUN_005bcab0","005bcab0","undefined FUN_005bcab0(int param_1\, float param_2\, int param_3\, float * param_4)","456"
"FUN_005bcc80","005bcc80","undefined FUN_005bcc80(int param_1\, int param_2\, int param_3)","76"
"FUN_005bccd0","005bccd0","undefined FUN_005bccd0(int param_1\, float param_2\, float * param_3\, int param_4\, int param_5)","208"
"FUN_005bcda0","005bcda0","undefined FUN_005bcda0(int param_1\, float * param_2\, int param_3\, int param_4)","167"
"FUN_005bce50","005bce50","undefined FUN_005bce50(int param_1\, int param_2\, int param_3\, int param_4)","167"
"FUN_005bcf00","005bcf00","undefined FUN_005bcf00(void)","77"
"FUN_005bcf50","005bcf50","undefined4 FUN_005bcf50(char * param_1\, int param_2)","301"
"FUN_005bd100","005bd100","float10 FUN_005bd100(char * param_1\, float param_2\, int param_3)","1629"
"FUN_005bd7a0","005bd7a0","undefined4 FUN_005bd7a0(char * param_1\, int param_2\, int param_3)","631"
"FUN_005bdd50","005bdd50","undefined FUN_005bdd50(void * param_1)","50"
"FUN_005be030","005be030","short FUN_005be030(undefined4 param_1\, undefined4 param_2\, float param_3\, float param_4)","73"
"FUN_005be080","005be080","uint FUN_005be080(undefined4 param_1\, undefined4 param_2\, float param_3\, float param_4)","319"
"FUN_005be1c0","005be1c0","float10 FUN_005be1c0(undefined4 param_1\, undefined4 param_2\, float param_3\, float param_4)","270"
"FUN_005be2d0","005be2d0","uint FUN_005be2d0(undefined4 param_1\, undefined4 param_2\, float param_3\, float param_4)","215"
"FUN_005be3b0","005be3b0","uint FUN_005be3b0(undefined4 param_1\, undefined4 param_2\, float param_3\, float param_4)","215"
"FUN_005be490","005be490","float10 FUN_005be490(undefined4 param_1\, undefined4 param_2\, float param_3\, float param_4)","242"
"FUN_005be590","005be590","uint FUN_005be590(int param_1\, int param_2)","28"
"FUN_005be5b0","005be5b0","uint FUN_005be5b0(int param_1\, int param_2)","26"
"FUN_005be5d0","005be5d0","undefined FUN_005be5d0(int param_1)","39"
"FUN_005be630","005be630","float10 FUN_005be630(float param_1\, float param_2)","341"
"FUN_005be790","005be790","float10 FUN_005be790(undefined4 param_1\, undefined4 param_2\, float param_3)","475"
"FUN_005be970","005be970","float10 FUN_005be970(undefined4 param_1\, undefined4 param_2\, float param_3)","650"
"FUN_005bec80","005bec80","undefined FUN_005bec80(float * param_1)","49"
"_NuVecDist","005becc0","undefined _NuVecDist(float * param_1\, float * param_2\, float * param_3)","182"
"FUN_005bed80","005bed80","undefined FUN_005bed80(float * param_1\, float * param_2\, float * param_3)","159"
"FUN_005bee20","005bee20","undefined4 FUN_005bee20(float * param_1\, float * param_2\, float * param_3\, float * param_4\, float * param_5\, float * param_6)","452"
"FUN_005beff0","005beff0","undefined4 FUN_005beff0(float * param_1\, float * param_2\, float * param_3\, float * param_4\, float * param_5\, float param_6\, float * param_7)","1141"
"FUN_005bf470","005bf470","undefined4 FUN_005bf470(float * param_1\, float * param_2\, float param_3)","115"
"FUN_005bf4f0","005bf4f0","undefined FUN_005bf4f0(undefined4 param_1\, undefined4 param_2\, float * param_3\, float * param_4\, int * param_5\, int * param_6\, uint * param_7)","233"
"FUN_005bf5e0","005bf5e0","undefined FUN_005bf5e0(undefined4 * param_1\, undefined4 param_2\, int * param_3\, uint * param_4)","81"
"FUN_005bf640","005bf640","undefined FUN_005bf640(undefined4 param_1\, uint * param_2\, int * param_3\, float * param_4)","304"
"FUN_005bf770","005bf770","undefined FUN_005bf770(float * param_1\, float * param_2\, float * param_3\, float * param_4\, float * param_5)","415"
"FUN_005bf910","005bf910","float10 FUN_005bf910(float * param_1\, float * param_2\, float * param_3\, float * param_4)","431"
"FUN_005bfae0","005bfae0","float10 FUN_005bfae0(float * param_1\, float * param_2\, float * param_3\, float * param_4)","330"
"FUN_005bfc30","005bfc30","undefined FUN_005bfc30(float * param_1\, float * param_2\, float * param_3)","26"
"FUN_005bfc50","005bfc50","float10 FUN_005bfc50(float * param_1\, float * param_2\, float * param_3\, float * param_4)","274"
"FUN_005bfe00","005bfe00","float10 FUN_005bfe00(undefined4 param_1\, undefined4 param_2\, float param_3\, float param_4)","50"
"FUN_005bfe40","005bfe40","undefined FUN_005bfe40(undefined4 param_1\, undefined4 param_2\, float param_3\, float param_4)","57"
"FUN_005bfe80","005bfe80","undefined FUN_005bfe80(float * param_1\, float * param_2\, float * param_3\, float * param_4\, float * param_5)","141"
"FUN_005c00e0","005c00e0","undefined4 FUN_005c00e0(float * param_1\, float * param_2\, float * param_3\, float * param_4\, float * param_5\, float * param_6\, float * param_7\, float * param_8\, float * param_9)","282"
"FUN_005c0240","005c0240","float10 FUN_005c0240(float param_1)","34"
"thunk_FUN_005b5300","005c0330","thunk undefined thunk_FUN_005b5300(float * param_1\, int * param_2)","5"
"thunk_FUN_005b4a50","005c0340","thunk undefined thunk_FUN_005b4a50(float * param_1\, float * param_2)","5"
"FUN_005c0350","005c0350","undefined FUN_005c0350(int param_1\, int param_2\, int param_3\, int param_4)","53"
"thunk_FUN_005b5700","005c0390","thunk undefined thunk_FUN_005b5700(float * param_1\, float * param_2\, float * param_3)","5"
"FUN_005c03b0","005c03b0","undefined FUN_005c03b0(float * param_1\, float * param_2\, float param_3)","27"
"thunk_FUN_005b4c30","005c03d0","thunk undefined thunk_FUN_005b4c30(float * param_1\, float * param_2)","5"
"FUN_005c03e0","005c03e0","undefined FUN_005c03e0(float * param_1\, float * param_2\, float * param_3)","163"
"FUN_005c0490","005c0490","undefined FUN_005c0490(float * param_1\, float * param_2\, float * param_3)","105"
"FUN_005c0500","005c0500","undefined FUN_005c0500(undefined4 param_1\, undefined4 param_2\, undefined4 param_3)","21"
"FUN_005c0620","005c0620","undefined FUN_005c0620(float * param_1\, float * param_2\, float * param_3)","196"
"FUN_005c07c0","005c07c0","undefined FUN_005c07c0(float * param_1\, float param_2)","81"
"FUN_005c0820","005c0820","undefined FUN_005c0820(float * param_1\, int * param_2)","278"
"FUN_005c0940","005c0940","undefined FUN_005c0940(float * param_1\, float * param_2)","212"
"FUN_005c0b30","005c0b30","int FUN_005c0b30(float * param_1\, float param_2)","196"
"FUN_005c0c00","005c0c00","undefined FUN_005c0c00(float * param_1\, float * param_2)","129"
"FUN_005c0db0","005c0db0","float10 FUN_005c0db0(void)","42"
"FUN_005c0e30","005c0e30","float10 FUN_005c0e30(float param_1)","238"
"FUN_005c0f20","005c0f20","float10 FUN_005c0f20(undefined4 param_1\, undefined4 param_2)","117"
"FUN_005c1060","005c1060","undefined FUN_005c1060(float * param_1\, float * param_2\, float * param_3\, float param_4)","365"
"FUN_005c11d0","005c11d0","undefined FUN_005c11d0(float * param_1\, float * param_2\, float * param_3)","108"
"FUN_005c1240","005c1240","undefined FUN_005c1240(undefined4 param_1\, undefined4 param_2\, undefined4 param_3)","21"
"FUN_005c12e0","005c12e0","undefined FUN_005c12e0(void)","1"
"FUN_005c12f0","005c12f0","undefined FUN_005c12f0(void)","1"
"FUN_005c1300","005c1300","undefined FUN_005c1300(void)","1"
"FUN_005c13c0","005c13c0","ulonglong FUN_005c13c0(float param_1)","320"
"FUN_005c1600","005c1600","undefined FUN_005c1600(uint * param_1)","90"
"FUN_005c1760","005c1760","undefined FUN_005c1760(float * param_1)","25"
"FUN_005c1780","005c1780","float10 FUN_005c1780(float * param_1\, float * param_2)","53"
"FUN_005c17c0","005c17c0","undefined FUN_005c17c0(void * this\, float * param_1)","71"
"FUN_005c1810","005c1810","undefined FUN_005c1810(float * param_1\, float * param_2\, float * param_3\, float param_4)","40"
"FUN_005c1840","005c1840","undefined FUN_005c1840(void * this\, float * param_1)","51"
"FUN_005c1880","005c1880","undefined FUN_005c1880(float * param_1\, float * param_2\, float * param_3)","118"
"FUN_005c1950","005c1950","undefined FUN_005c1950(uint * param_1)","90"
"FUN_005c19d0","005c19d0","undefined FUN_005c19d0(undefined4 * param_1)","95"
"FUN_005c1a30","005c1a30","undefined FUN_005c1a30(undefined4 * param_1)","95"
"FUN_005c1aa0","005c1aa0","undefined FUN_005c1aa0(void * this\, float * param_1)","111"
"FUN_005c1be0","005c1be0","undefined FUN_005c1be0(void * this\, undefined4 * param_1)","59"
"FUN_005c1cc0","005c1cc0","undefined FUN_005c1cc0(void * this\, float * param_1)","42"
"FUN_005c1d50","005c1d50","undefined FUN_005c1d50(void * this\, float * param_1\, float param_2)","42"
"FUN_005c1d80","005c1d80","undefined FUN_005c1d80(void * this\, float * param_1\, int param_2)","53"
"FUN_005c1e20","005c1e20","undefined FUN_005c1e20(void * this\, float * param_1\, float * param_2)","42"
"FUN_005c1e50","005c1e50","undefined FUN_005c1e50(void * this\, float * param_1\, float * param_2)","42"
"FUN_005c1f30","005c1f30","undefined FUN_005c1f30(float * param_1\, float param_2\, float * param_3)","43"
"FUN_005c1f70","005c1f70","undefined FUN_005c1f70(void)","108"
"FUN_005c21f0","005c21f0","undefined FUN_005c21f0(int param_1)","26"
"FUN_005c2230","005c2230","undefined FUN_005c2230(void)","3"
"FUN_005c22b0","005c22b0","undefined FUN_005c22b0(int * param_1)","20"
"FUN_005c2760","005c2760","undefined FUN_005c2760(void)","98"
"FUN_005c2900","005c2900","undefined FUN_005c2900(int param_1)","26"
"FUN_005c2940","005c2940","undefined FUN_005c2940(void * this\, int * param_1)","417"
"FUN_005c2af0","005c2af0","undefined FUN_005c2af0(void * this\, int * param_1)","737"
"FUN_005c31f0","005c31f0","undefined FUN_005c31f0(void)","13"
"FUN_005c3200","005c3200","undefined FUN_005c3200(void)","177"
"FUN_005c32c0","005c32c0","bool FUN_005c32c0(uint param_1)","16"
"FUN_005c32d0","005c32d0","undefined FUN_005c32d0(uint param_1)","117"
"FUN_005c3640","005c3640","undefined FUN_005c3640(undefined4 param_1)","30"
"FUN_005c36b0","005c36b0","undefined FUN_005c36b0(undefined4 * param_1)","39"
"FUN_005c36e0","005c36e0","undefined FUN_005c36e0(undefined4 param_1)","17"
"FUN_005c37d0","005c37d0","undefined FUN_005c37d0(undefined4 param_1)","17"
"FUN_005c37f0","005c37f0","undefined4 * FUN_005c37f0(int param_1)","135"
"FUN_005c3900","005c3900","undefined FUN_005c3900(void)","78"
"FUN_005c3990","005c3990","undefined FUN_005c3990(void)","33"
"FUN_005c3a50","005c3a50","undefined FUN_005c3a50(int * param_1\, int * param_2\, int param_3)","347"
"FUN_005c3bb0","005c3bb0","undefined FUN_005c3bb0(undefined4 * param_1\, uint param_2\, int * param_3\, uint param_4\, undefined4 param_5\, int * param_6)","318"
"FUN_005c3da0","005c3da0","undefined FUN_005c3da0(int * param_1\, uint param_2\, int * param_3\, int param_4\, int param_5\, int param_6\, char param_7\, float param_8\, int * param_9)","1959"
"FUN_005c4550","005c4550","undefined FUN_005c4550(int * param_1\, uint param_2\, int * param_3\, int param_4\, int param_5\, int param_6\, char param_7\, float param_8)","1351"
"FUN_005c4b10","005c4b10","undefined FUN_005c4b10(int param_1\, int param_2\, int param_3\, float param_4)","499"
"FUN_005c4d40","005c4d40","undefined FUN_005c4d40(int param_1)","13"
"FUN_005c4d50","005c4d50","undefined FUN_005c4d50(int param_1)","24"
"FUN_005c4d70","005c4d70","undefined FUN_005c4d70(int param_1)","47"
"FUN_005c4da0","005c4da0","undefined FUN_005c4da0(int param_1)","33"
"FUN_005c4e70","005c4e70","undefined FUN_005c4e70(int param_1)","38"
"FUN_005c4ea0","005c4ea0","undefined FUN_005c4ea0(int param_1)","40"
"FUN_005c4ed0","005c4ed0","undefined FUN_005c4ed0(void * this\, undefined2 param_1\, undefined2 param_2)","34"
"FUN_005c5020","005c5020","undefined FUN_005c5020(void * this\, float * param_1)","379"
"FUN_005c51a0","005c51a0","undefined FUN_005c51a0(undefined4 param_1\, undefined4 param_2\, undefined4 param_3)","31"
"FUN_005c51c0","005c51c0","int FUN_005c51c0(void * this\, char * param_1\, undefined4 param_2)","142"
"FUN_005c5330","005c5330","undefined FUN_005c5330(void * this\, undefined4 * param_1\, undefined4 * param_2\, undefined4 * param_3\, undefined4 * param_4)","234"
"FUN_005c5470","005c5470","uint FUN_005c5470(void * this\, float * param_1\, float param_2)","729"
"FUN_005c5750","005c5750","uint FUN_005c5750(void * this\, float * param_1\, undefined4 * param_2\, int param_3)","1247"
"FUN_005c5c30","005c5c30","undefined FUN_005c5c30(void * this\, char param_1)","1091"
"FUN_005c60a0","005c60a0","undefined4 FUN_005c60a0(void)","45"
"FUN_005c6100","005c6100","undefined FUN_005c6100(void)","1"
"FUN_005c6470","005c6470","int * FUN_005c6470(int param_1)","60"
"FUN_005c64b0","005c64b0","undefined4 FUN_005c64b0(int param_1\, int param_2\, int * param_3)","400"
"FUN_005c6bb0","005c6bb0","bool FUN_005c6bb0(int param_1)","16"
"FUN_005c6c90","005c6c90","undefined FUN_005c6c90(void * param_1\, undefined4 param_2\, undefined4 param_3)","23"
"FUN_005c6cc0","005c6cc0","undefined FUN_005c6cc0(int param_1\, int param_2\, undefined4 param_3)","44"
"FUN_005c6d20","005c6d20","undefined FUN_005c6d20(int param_1\, int param_2\, undefined4 param_3)","39"
"FUN_005c6dc0","005c6dc0","undefined2 FUN_005c6dc0(void * this\, float * param_1\, undefined4 * param_2\, int param_3)","642"
"FUN_005c7050","005c7050","uint FUN_005c7050(void * this\, float * param_1\, undefined4 * param_2)","69"
"FUN_005c70a0","005c70a0","undefined FUN_005c70a0(int param_1)","816"
"FUN_005c73d0","005c73d0","undefined FUN_005c73d0(void * this\, float * param_1\, float param_2\, float * param_3\, float * param_4\, float * param_5\, float * param_6)","247"
"FUN_005c74d0","005c74d0","int FUN_005c74d0(int param_1\, float * param_2\, undefined4 param_3\, float * param_4)","607"
"FUN_005c79f0","005c79f0","undefined FUN_005c79f0(float * param_1\, char param_2\, float * param_3\, float * param_4\, float * param_5\, float * param_6\, float * param_7\, float * param_8)","1451"
"FUN_005c7fa0","005c7fa0","undefined FUN_005c7fa0(float * param_1)","135"
"FUN_005c8030","005c8030","undefined FUN_005c8030(undefined4 param_1\, undefined4 param_2\, int param_3\, float * param_4)","558"
"FUN_005c8260","005c8260","undefined FUN_005c8260(void)","91"
"FUN_005c82c0","005c82c0","undefined FUN_005c82c0(float * param_1\, int param_2\, int param_3)","626"
"FUN_005c8540","005c8540","undefined FUN_005c8540(float * param_1\, float * param_2\, float * param_3\, float * param_4\, float * param_5)","713"
"FUN_005c8810","005c8810","undefined4 FUN_005c8810(float * param_1\, float * param_2\, float * param_3\, float param_4\, float param_5)","417"
"FUN_005c8f10","005c8f10","undefined FUN_005c8f10(int * param_1)","88"
"FUN_005c8fc0","005c8fc0","undefined FUN_005c8fc0(int param_1)","206"
"FUN_005c9090","005c9090","undefined FUN_005c9090(int param_1)","142"
"FUN_005c9130","005c9130","undefined FUN_005c9130(int param_1)","11"
"FUN_005c9140","005c9140","undefined FUN_005c9140(void)","118"
"FUN_005c91c0","005c91c0","float10 FUN_005c91c0(byte * param_1\, float * param_2)","347"
"FUN_005c9330","005c9330","undefined FUN_005c9330(byte * param_1\, float * param_2\, float * param_3)","482"
"FUN_005c9520","005c9520","float10 FUN_005c9520(int * param_1\, float * param_2\, int param_3)","1373"
"FUN_005c9b60","005c9b60","undefined FUN_005c9b60(undefined4 param_1\, undefined4 param_2\, float * param_3\, float param_4\, float * param_5)","222"
"FUN_005c9c40","005c9c40","undefined FUN_005c9c40(undefined4 param_1\, undefined4 param_2\, float * param_3\, float param_4\, float * param_5)","303"
"FUN_005c9e70","005c9e70","int * FUN_005c9e70(int param_1)","120"
"FUN_005c9ff0","005c9ff0","undefined FUN_005c9ff0(undefined4 param_1)","10"
"FUN_005ca320","005ca320","undefined FUN_005ca320(int * param_1\, int param_2)","107"
"_NuAnimSetUseQuatsFlag","005ca3b0","undefined1 _NuAnimSetUseQuatsFlag(undefined1 param_1)","16"
"FUN_005ca450","005ca450","uint FUN_005ca450(int * param_1)","30"
"FUN_005ca470","005ca470","float10 FUN_005ca470(float * param_1)","58"
"FUN_005ca4b0","005ca4b0","float10 FUN_005ca4b0(float * param_1)","65"
"FUN_005ca5a0","005ca5a0","undefined FUN_005ca5a0(ushort * param_1\, undefined4 param_2\, uint param_3\, float * param_4\, float * param_5\, float * param_6)","629"
"FUN_005ca830","005ca830","float10 FUN_005ca830(ushort * param_1\, undefined4 param_2\, int param_3\, float param_4\, float * param_5)","544"
"FUN_005caaa0","005caaa0","undefined4 FUN_005caaa0(int param_1\, undefined4 param_2\, int param_3\, uint param_4\, int param_5)","1990"
"FUN_005cb270","005cb270","undefined4 FUN_005cb270(int param_1\, undefined4 param_2\, int param_3\, uint param_4\, int param_5)","1807"
"FUN_005cb980","005cb980","undefined4 FUN_005cb980(int param_1\, undefined4 param_2\, int param_3\, uint param_4\, int param_5)","1865"
"FUN_005cc0d0","005cc0d0","undefined4 FUN_005cc0d0(int param_1\, uint param_2\, int param_3\, undefined4 param_4\, int param_5\, uint param_6\, int param_7)","1138"
"FUN_005cc550","005cc550","undefined4 FUN_005cc550(int param_1\, float param_2\, int param_3\, float param_4\, uint param_5\, int param_6\, float * param_7)","2057"
"FUN_005ccd60","005ccd60","undefined4 FUN_005ccd60(int param_1\, float param_2\, int param_3\, float param_4\, uint param_5\, int param_6\, float * param_7)","1952"
"FUN_005cd500","005cd500","undefined4 FUN_005cd500(int param_1\, float param_2\, int param_3\, float param_4\, uint param_5\, int param_6\, float * param_7)","2125"
"FUN_005cdd50","005cdd50","undefined4 FUN_005cdd50(int param_1\, float param_2\, int param_3\, float param_4\, uint param_5\, int param_6\, float * param_7)","1521"
"FUN_005ce350","005ce350","undefined FUN_005ce350(uint param_1\, uint param_2\, int param_3\, undefined4 param_4\, float * param_5\, float param_6\, char * param_7)","1122"
"FUN_005ce7e0","005ce7e0","float * FUN_005ce7e0(int param_1\, uint param_2\, float param_3\, uint param_4)","59"
"FUN_005ce820","005ce820","undefined FUN_005ce820(uint * param_1\, float * param_2\, uint * param_3\, float * param_4\, float param_5\, float * param_6\, float * param_7\, float * param_8\, float * param_9\, float * param_10)","1712"
"FUN_005ceee0","005ceee0","undefined FUN_005ceee0(undefined4 param_1\, undefined4 param_2\, float * param_3\, char * param_4\, byte param_5\, float * param_6\, float * param_7\, float * param_8\, float * param_9\, float * param_10\, float * param_11\, float * param_12\, float * param_13)","1400"
"FUN_005cf510","005cf510","undefined4 FUN_005cf510(int param_1\, int * param_2\, byte * param_3\, int param_4)","149"
"FUN_005cf5b0","005cf5b0","undefined4 FUN_005cf5b0(int param_1\, int * param_2\, byte * param_3)","154"
"FUN_005cf810","005cf810","int FUN_005cf810(int param_1\, byte * param_2\, int param_3\, int param_4)","144"
"FUN_005cf8a0","005cf8a0","int FUN_005cf8a0(int param_1\, int * param_2\, byte * param_3\, int param_4\, int param_5)","210"
"FUN_005cf980","005cf980","undefined4 FUN_005cf980(int param_1)","57"
"FUN_005cf9c0","005cf9c0","int FUN_005cf9c0(int param_1)","23"
"FUN_005cf9e0","005cf9e0","int FUN_005cf9e0(int param_1)","58"
"FUN_005cfa20","005cfa20","int FUN_005cfa20(int param_1)","15"
"FUN_005cfa30","005cfa30","undefined FUN_005cfa30(int param_1\, undefined4 * param_2)","30"
"FUN_005cfa50","005cfa50","undefined4 FUN_005cfa50(int param_1)","36"
"FUN_005cfac0","005cfac0","undefined4 FUN_005cfac0(int param_1)","29"
"FUN_005cfae0","005cfae0","undefined FUN_005cfae0(int param_1\, undefined4 param_2)","44"
"FUN_005cfb50","005cfb50","undefined FUN_005cfb50(int param_1\, undefined4 param_2)","49"
"FUN_005cfc00","005cfc00","undefined FUN_005cfc00(int * param_1\, uint param_2)","185"
"FUN_005cfcc0","005cfcc0","undefined FUN_005cfcc0(int * param_1\, int param_2)","83"
"FUN_005cfd20","005cfd20","uint FUN_005cfd20(int * param_1)","51"
"FUN_005cfd60","005cfd60","uint FUN_005cfd60(int * param_1)","48"
"FUN_005cfd90","005cfd90","undefined FUN_005cfd90(int * param_1\, int param_2)","80"
"FUN_005cfde0","005cfde0","uint FUN_005cfde0(int * param_1)","51"
"FUN_005cfe70","005cfe70","uint FUN_005cfe70(int * param_1)","34"
"FUN_005cfed0","005cfed0","int FUN_005cfed0(int param_1)","31"
"FUN_005cfef0","005cfef0","undefined4 FUN_005cfef0(int param_1\, int * param_2\, int param_3)","96"
"FUN_005cff50","005cff50","undefined FUN_005cff50(int param_1)","35"
"FUN_005cffb0","005cffb0","int FUN_005cffb0(int * param_1)","66"
"FUN_005d0000","005d0000","int FUN_005d0000(int * param_1)","124"
"FUN_005d0080","005d0080","undefined4 FUN_005d0080(int * param_1\, int param_2)","161"
"FUN_005d0130","005d0130","undefined FUN_005d0130(int * param_1\, undefined4 * param_2\, undefined4 * param_3)","157"
"FUN_005d0260","005d0260","undefined FUN_005d0260(int * param_1\, undefined4 * param_2\, undefined4 * param_3)","127"
"FUN_005d02e0","005d02e0","float10 FUN_005d02e0(int * param_1)","69"
"FUN_005d0330","005d0330","int FUN_005d0330(int param_1)","53"
"FUN_005d0370","005d0370","int FUN_005d0370(int param_1)","29"
"FUN_005d03c0","005d03c0","undefined FUN_005d03c0(int * param_1\, float * param_2)","92"
"FUN_005d0420","005d0420","int FUN_005d0420(int param_1)","43"
"FUN_005d0450","005d0450","undefined4 FUN_005d0450(int param_1\, int param_2)","41"
"FUN_005d0480","005d0480","undefined FUN_005d0480(undefined4 * param_1)","15"
"FUN_005d0530","005d0530","undefined4 FUN_005d0530(int param_1\, undefined4 param_2)","34"
"FUN_005d0560","005d0560","undefined FUN_005d0560(int param_1)","74"
"FUN_005d05b0","005d05b0","undefined FUN_005d05b0(void)","53"
"FUN_005d0650","005d0650","undefined FUN_005d0650(void)","11"
"FUN_005d0690","005d0690","int FUN_005d0690(int param_1\, byte * param_2)","74"
"FUN_005d0880","005d0880","undefined FUN_005d0880(undefined4 param_1)","52"
"FUN_005d08c0","005d08c0","undefined FUN_005d08c0(void)","30"
"FUN_005d0910","005d0910","undefined FUN_005d0910(undefined4 param_1\, undefined4 param_2)","11"
"FUN_005d0920","005d0920","float10 FUN_005d0920(void)","7"
"FUN_005d0930","005d0930","float10 FUN_005d0930(void)","7"
"FUN_005d0940","005d0940","undefined4 FUN_005d0940(int param_1)","244"
"FUN_005d0a40","005d0a40","undefined FUN_005d0a40(int param_1)","36"
"FUN_005d0a70","005d0a70","undefined FUN_005d0a70(void)","32"
"FUN_005d0aa0","005d0aa0","undefined4 FUN_005d0aa0(int param_1\, int param_2\, ushort param_3)","146"
"FUN_005d0b40","005d0b40","undefined4 FUN_005d0b40(int param_1\, ushort param_2)","44"
"FUN_005d0bc0","005d0bc0","undefined FUN_005d0bc0(int param_1\, byte * param_2\, short * param_3)","136"
"FUN_005d0c50","005d0c50","float10 FUN_005d0c50(float param_1\, ushort * param_2)","257"
"FUN_005d0d60","005d0d60","float10 FUN_005d0d60(int param_1\, byte * param_2)","285"
"FUN_005d0e80","005d0e80","float10 FUN_005d0e80(int param_1)","43"
"FUN_005d0eb0","005d0eb0","float10 FUN_005d0eb0(int param_1)","43"
"FUN_005d0ee0","005d0ee0","undefined FUN_005d0ee0(float param_1\, float param_2)","72"
"FUN_005d0fb0","005d0fb0","undefined FUN_005d0fb0(int param_1)","34"
"FUN_005d0fe0","005d0fe0","undefined FUN_005d0fe0(int param_1\, undefined4 param_2\, float param_3)","69"
"FUN_005d1030","005d1030","undefined FUN_005d1030(int param_1\, undefined4 * param_2)","39"
"FUN_005d1060","005d1060","undefined FUN_005d1060(int param_1\, undefined4 param_2)","27"
"FUN_005d1080","005d1080","undefined FUN_005d1080(int param_1\, char * param_2\, va_list param_3)","90"
"FUN_005d10e0","005d10e0","undefined FUN_005d10e0(undefined4 param_1\, int param_2\, float param_3\, float param_4\, undefined4 param_5)","94"
"FUN_005d1530","005d1530","undefined FUN_005d1530(int param_1\, undefined4 param_2\, float param_3)","144"
"FUN_005d16a0","005d16a0","undefined FUN_005d16a0(void)","1"
"FUN_005d1740","005d1740","undefined FUN_005d1740(void)","1"
"FUN_005d1750","005d1750","undefined FUN_005d1750(void)","1"
"FUN_005d1860","005d1860","undefined FUN_005d1860(void)","84"
"FUN_005d1950","005d1950","undefined FUN_005d1950(int param_1)","92"
"FUN_005d1b20","005d1b20","undefined FUN_005d1b20(int param_1)","126"
"FUN_005d1c20","005d1c20","undefined FUN_005d1c20(int * param_1\, int param_2\, int param_3\, int param_4)","146"
"FUN_005d1d00","005d1d00","undefined4 FUN_005d1d00(void * this\, undefined4 param_1)","73"
"FUN_005d1d70","005d1d70","char FUN_005d1d70(void)","107"
"FUN_005d1e10","005d1e10","int FUN_005d1e10(byte * param_1)","139"
"FUN_005d1ea0","005d1ea0","int FUN_005d1ea0(byte * param_1)","142"
"FUN_005d2090","005d2090","undefined FUN_005d2090(int param_1)","181"
"FUN_005d2150","005d2150","undefined FUN_005d2150(int param_1)","159"
"FUN_005d2300","005d2300","undefined FUN_005d2300(int param_1)","48"
"FUN_005d2330","005d2330","undefined FUN_005d2330(int param_1)","76"
"FUN_005d2380","005d2380","undefined FUN_005d2380(int param_1)","88"
"FUN_005d23e0","005d23e0","undefined FUN_005d23e0(int param_1)","88"
"FUN_005d24e0","005d24e0","undefined FUN_005d24e0(int param_1)","88"
"FUN_005d2600","005d2600","undefined FUN_005d2600(int param_1)","110"
"FUN_005d2690","005d2690","undefined FUN_005d2690(int param_1)","55"
"FUN_005d26d0","005d26d0","int * FUN_005d26d0(uint param_1\, int * param_2\, int * param_3)","360"
"FUN_005d2840","005d2840","int * FUN_005d2840(byte * param_1\, int * param_2\, int * param_3)","61"
"FUN_005d2c70","005d2c70","undefined FUN_005d2c70(int param_1\, int * param_2)","148"
"FUN_005d2d10","005d2d10","undefined FUN_005d2d10(int * param_1)","1359"
"FUN_005d32c0","005d32c0","undefined FUN_005d32c0(uint param_1)","40"
"FUN_005d3370","005d3370","undefined FUN_005d3370(void)","11"
"FUN_005d3380","005d3380","undefined FUN_005d3380(int param_1)","123"
"FUN_005d3400","005d3400","undefined FUN_005d3400(int param_1)","126"
"FUN_005d3490","005d3490","undefined FUN_005d3490(undefined2 param_1)","12"
"FUN_005d34a0","005d34a0","undefined FUN_005d34a0(void)","116"
"FUN_005d36d0","005d36d0","undefined FUN_005d36d0(int param_1\, int param_2\, int param_3\, int param_4)","449"
"FUN_005d3a20","005d3a20","undefined * FUN_005d3a20(undefined4 param_1\, undefined4 param_2\, int param_3\, int param_4\, float * param_5\, float param_6)","345"
"FUN_005d3dc0","005d3dc0","undefined * FUN_005d3dc0(undefined4 param_1\, undefined4 param_2\, int param_3\, int param_4\, float * param_5\, float param_6\, float * param_7\, float param_8\, float param_9)","657"
"FUN_005d4060","005d4060","undefined FUN_005d4060(undefined4 param_1\, undefined4 param_2\, int param_3\, float * param_4\, float param_5\, float * param_6\, float param_7\, float param_8\, int param_9\, int param_10\, int param_11)","549"
"FUN_005d4290","005d4290","undefined4 FUN_005d4290(void)","109"
"FUN_005d4300","005d4300","undefined FUN_005d4300(void)","14"
"FUN_005d4380","005d4380","undefined FUN_005d4380(float * param_1)","773"
"FUN_005d4690","005d4690","undefined FUN_005d4690(void)","23"
"FUN_005d46b0","005d46b0","undefined FUN_005d46b0(void)","19"
"FUN_005d4770","005d4770","undefined FUN_005d4770(undefined4 param_1)","10"
"FUN_005d4780","005d4780","undefined FUN_005d4780(float * param_1\, float * param_2\, float * param_3)","283"
"FUN_005d48a0","005d48a0","undefined FUN_005d48a0(float * param_1\, float * param_2\, float * param_3)","266"
"FUN_005d49b0","005d49b0","undefined FUN_005d49b0(int param_1\, float * param_2\, int param_3\, int param_4\, int param_5\, uint param_6)","861"
"FUN_005d4d30","005d4d30","undefined FUN_005d4d30(undefined4 param_1\, undefined4 param_2\, undefined4 * param_3\, float * param_4)","116"
"FUN_005d4e70","005d4e70","undefined FUN_005d4e70(undefined4 param_1\, undefined4 * param_2)","21"
"FUN_005d5160","005d5160","undefined FUN_005d5160(void)","11"
"FUN_005d5170","005d5170","undefined FUN_005d5170(int param_1\, undefined4 param_2)","57"
"FUN_005d51f0","005d51f0","undefined FUN_005d51f0(undefined4 * param_1)","39"
"FUN_005d5220","005d5220","undefined FUN_005d5220(undefined4 param_1)","10"
"_NuCameraCreate","005d5330","int * _NuCameraCreate(void)","99"
"FUN_005d53f0","005d53f0","undefined FUN_005d53f0(undefined4 param_1\, undefined4 param_2\, int param_3\, float * param_4\, int param_5)","268"
"FUN_005d5500","005d5500","undefined FUN_005d5500(void)","1198"
"FUN_005d60c0","005d60c0","undefined FUN_005d60c0(undefined4 * param_1)","21"
"FUN_005d6160","005d6160","undefined4 * FUN_005d6160(void)","6"
"FUN_005d6170","005d6170","undefined4 * FUN_005d6170(void)","6"
"FUN_005d6180","005d6180","undefined4 * FUN_005d6180(void)","6"
"FUN_005d6190","005d6190","undefined * FUN_005d6190(void)","6"
"FUN_005d61c0","005d61c0","undefined * FUN_005d61c0(void)","6"
"FUN_005d6200","005d6200","undefined FUN_005d6200(undefined4 * param_1\, undefined4 * param_2)","45"
"FUN_005d6430","005d6430","undefined FUN_005d6430(float * param_1\, float * param_2\, int param_3\, int param_4)","111"
"FUN_005d6620","005d6620","undefined4 FUN_005d6620(float * param_1\, float param_2\, float * param_3)","237"
"FUN_005d6710","005d6710","uint FUN_005d6710(float * param_1\, int param_2\, int param_3)","262"
"FUN_005d6860","005d6860","undefined FUN_005d6860(float * param_1)","21"
"FUN_005d6900","005d6900","undefined FUN_005d6900(undefined4 param_1\, undefined4 param_2\, int param_3)","81"
"FUN_005d69a0","005d69a0","undefined4 FUN_005d69a0(float * param_1\, float * param_2\, float param_3)","787"
"FUN_005d6cc0","005d6cc0","float10 FUN_005d6cc0(undefined4 param_1\, undefined4 param_2\, float param_3)","55"
"FUN_005d6e10","005d6e10","undefined FUN_005d6e10(undefined4 param_1\, undefined4 param_2\, float param_3\, float param_4\, float * param_5\, float * param_6\, float * param_7)","240"
"FUN_005d6f00","005d6f00","int FUN_005d6f00(undefined4 param_1\, undefined4 param_2)","36"
"FUN_005d6f30","005d6f30","undefined FUN_005d6f30(undefined4 param_1\, undefined4 param_2\, int param_3)","293"
"FUN_005d7230","005d7230","undefined FUN_005d7230(char * param_1)","117"
"FUN_005d72b0","005d72b0","undefined FUN_005d72b0(char * param_1)","86"
"FUN_005d73d0","005d73d0","undefined FUN_005d73d0(void)","16"
"FUN_005d73e0","005d73e0","undefined FUN_005d73e0(void)","71"
"FUN_005d7f80","005d7f80","int FUN_005d7f80(undefined4 param_1\, undefined * param_2\, int param_3)","666"
"_NuTimeBarCreateSet","005d8270","undefined _NuTimeBarCreateSet(undefined * param_1)","19"
"FUN_005d8370","005d8370","undefined FUN_005d8370(int param_1\, int param_2)","131"
"FUN_005d8400","005d8400","undefined FUN_005d8400(int param_1\, int param_2\, undefined4 param_3)","54"
"FUN_005d8440","005d8440","undefined4 FUN_005d8440(int param_1\, int param_2)","164"
"FUN_005d8550","005d8550","undefined FUN_005d8550(int param_1\, int param_2\, int param_3\, undefined4 param_4)","136"
"FUN_005d86f0","005d86f0","undefined FUN_005d86f0(void)","485"
"FUN_005d8950","005d8950","undefined FUN_005d8950(void)","527"
"FUN_005d8b60","005d8b60","undefined4 FUN_005d8b60(float * param_1\, float * param_2\, float param_3\, int param_4)","693"
"FUN_005d8e20","005d8e20","undefined FUN_005d8e20(void * this\, int param_1)","390"
"FUN_005d8fb0","005d8fb0","undefined FUN_005d8fb0(int param_1)","107"
"FUN_005d9030","005d9030","undefined FUN_005d9030(void)","34"
"FUN_005d9060","005d9060","undefined FUN_005d9060(int param_1\, int param_2\, int param_3)","79"
"FUN_005d90c0","005d90c0","undefined FUN_005d90c0(int param_1\, int param_2)","28"
"FUN_005d9130","005d9130","undefined FUN_005d9130(int param_1\, undefined4 param_2)","15"
"FUN_005d9140","005d9140","undefined FUN_005d9140(void)","104"
"FUN_005d91b0","005d91b0","undefined FUN_005d91b0(undefined4 * param_1)","109"
"FUN_005d9220","005d9220","undefined4 FUN_005d9220(float * param_1)","106"
"FUN_005d92b0","005d92b0","short FUN_005d92b0(int param_1\, float * param_2)","484"
"FUN_005d94a0","005d94a0","char FUN_005d94a0(float * param_1\, int param_2)","212"
"FUN_005d9580","005d9580","char FUN_005d9580(float * param_1\, undefined4 * param_2\, int param_3\, int param_4)","486"
"FUN_005d9770","005d9770","undefined4 FUN_005d9770(float * param_1\, float * param_2\, int param_3)","216"
"FUN_005d9850","005d9850","undefined FUN_005d9850(void)","418"
"FUN_005d9a00","005d9a00","undefined FUN_005d9a00(float * param_1\, float * param_2\, undefined2 param_3)","727"
"FUN_005d9ce0","005d9ce0","char FUN_005d9ce0(undefined4 param_1\, short param_2\, float * param_3\, int param_4\, short param_5)","615"
"FUN_005d9f50","005d9f50","undefined FUN_005d9f50(int param_1\, float * param_2\, float * param_3)","236"
"FUN_005da040","005da040","undefined4 FUN_005da040(float * param_1\, float * param_2\, float * param_3\, float * param_4)","191"
"FUN_005da100","005da100","undefined FUN_005da100(undefined2 param_1)","450"
"FUN_005da3b0","005da3b0","int FUN_005da3b0(int param_1\, float * param_2\, undefined4 param_3\, short param_4)","150"
"FUN_005da480","005da480","bool FUN_005da480(ushort * param_1\, byte * param_2\, char * param_3\, float param_4)","152"
"FUN_005da520","005da520","undefined4 FUN_005da520(ushort * param_1\, byte * param_2\, undefined1 * param_3\, float param_4)","214"
"FUN_005da600","005da600","int FUN_005da600(int param_1\, int param_2)","56"
"FUN_005da640","005da640","undefined FUN_005da640(uint param_1\, int param_2)","195"
"FUN_005da840","005da840","undefined4 FUN_005da840(int param_1)","22"
"FUN_005da860","005da860","undefined FUN_005da860(int * param_1\, int param_2\, int param_3)","98"
"FUN_005da980","005da980","undefined FUN_005da980(int param_1\, float * param_2\, int param_3)","252"
"FUN_005daae0","005daae0","undefined FUN_005daae0(int param_1\, byte param_2\, undefined4 param_3\, int param_4\, undefined4 param_5)","72"
"FUN_005dab70","005dab70","int FUN_005dab70(byte * param_1\, int param_2)","78"
"FUN_005dabd0","005dabd0","undefined4 FUN_005dabd0(undefined4 param_1)","16"
"FUN_005dabe0","005dabe0","undefined4 FUN_005dabe0(undefined4 param_1)","16"
"FUN_005dabf0","005dabf0","undefined FUN_005dabf0(undefined4 param_1\, undefined4 param_2)","31"
"FUN_005dac70","005dac70","undefined FUN_005dac70(undefined4 param_1\, undefined4 param_2)","150"
"FUN_005dad10","005dad10","undefined FUN_005dad10(float * param_1\, float * param_2)","360"
"FUN_005dae80","005dae80","undefined FUN_005dae80(undefined4 param_1\, undefined4 param_2)","103"
"FUN_005daef0","005daef0","undefined FUN_005daef0(float * param_1\, float * param_2)","63"
"FUN_005db100","005db100","undefined FUN_005db100(undefined4 * param_1)","25"
"FUN_005db140","005db140","undefined4 * FUN_005db140(void)","6"
"FUN_005db310","005db310","undefined FUN_005db310(void)","78"
"FUN_005db460","005db460","undefined FUN_005db460(undefined4 * param_1\, undefined4 * param_2\, undefined4 * param_3)","323"
"FUN_005db5b0","005db5b0","undefined FUN_005db5b0(int param_1\, int param_2\, int param_3\, int param_4\, undefined4 param_5\, int param_6)","220"
"FUN_005db880","005db880","undefined FUN_005db880(int param_1\, int param_2\, int param_3\, int param_4\, undefined4 param_5\, int param_6)","246"
"FUN_005db980","005db980","undefined FUN_005db980(float param_1\, float param_2\, undefined4 param_3\, float param_4\, float param_5\, undefined4 param_6\, undefined4 param_7\, undefined4 param_8\, undefined4 param_9\, undefined4 param_10\, int param_11)","162"
"FUN_005dba30","005dba30","undefined FUN_005dba30(int param_1\, int param_2\, int param_3\, int param_4\, undefined4 param_5\, undefined4 param_6\, undefined4 param_7\, undefined4 param_8\, undefined4 param_9\, int param_10)","260"
"FUN_005dbb40","005dbb40","undefined4 FUN_005dbb40(float * param_1\, int param_2\, int param_3)","175"
"FUN_005dbbf0","005dbbf0","undefined FUN_005dbbf0(int param_1\, int param_2\, int param_3\, int param_4\, undefined4 param_5\, int param_6)","384"
"FUN_005dbd70","005dbd70","undefined FUN_005dbd70(int param_1\, int param_2\, int param_3\, int param_4\, undefined4 param_5\, int param_6)","340"
"FUN_005dbed0","005dbed0","undefined4 FUN_005dbed0(undefined4 * param_1\, int param_2)","222"
"FUN_005dc050","005dc050","undefined FUN_005dc050(undefined4 param_1\, undefined4 param_2\, undefined4 param_3\, undefined4 param_4\, undefined4 param_5\, undefined4 param_6)","144"
"FUN_005dc200","005dc200","undefined FUN_005dc200(int param_1\, undefined4 * param_2\, int param_3\, undefined4 param_4\, int param_5)","216"
"FUN_005dc2f0","005dc2f0","undefined FUN_005dc2f0(int param_1\, undefined4 * param_2\, int param_3\, undefined4 param_4\, int param_5)","216"
"FUN_005dc3f0","005dc3f0","undefined FUN_005dc3f0(int param_1\, int param_2\, int param_3\, int param_4\, undefined4 param_5\, undefined4 param_6\, undefined4 param_7\, undefined4 param_8\, undefined4 param_9\, int param_10)","366"
"FUN_005dc690","005dc690","undefined FUN_005dc690(undefined4 param_1\, uint param_2\, int param_3\, int param_4)","852"
"FUN_005dc9f0","005dc9f0","undefined FUN_005dc9f0(undefined4 * param_1\, undefined4 * param_2)","1164"
"FUN_005dce80","005dce80","undefined FUN_005dce80(undefined4 param_1\, float param_2)","906"
"FUN_005dd230","005dd230","undefined FUN_005dd230(undefined4 param_1\, float param_2\, int param_3)","903"
"FUN_005dd5c0","005dd5c0","undefined FUN_005dd5c0(undefined4 * param_1\, float * param_2\, int param_3\, int param_4)","1132"
"FUN_005dda30","005dda30","undefined4 FUN_005dda30(int param_1\, int param_2\, undefined4 param_3\, int param_4)","160"
"FUN_005ddad0","005ddad0","undefined FUN_005ddad0(int param_1\, int param_2\, undefined4 param_3\, int param_4)","29"
"_NuWindInitialise","005ddb90","undefined _NuWindInitialise(undefined4 * param_1)","57"
"FUN_005ddc60","005ddc60","undefined4 FUN_005ddc60(int param_1)","23"
"FUN_005ddc80","005ddc80","undefined FUN_005ddc80(undefined4 param_1\, undefined4 param_2\, int param_3\, float param_4)","112"
"FUN_005ddd10","005ddd10","undefined FUN_005ddd10(int param_1)","238"
"FUN_005dde00","005dde00","undefined FUN_005dde00(int param_1\, uint * param_2\, undefined4 param_3\, void * param_4\, int param_5\, undefined4 param_6\, undefined4 param_7\, int param_8\, undefined4 param_9\, int param_10)","599"
"FUN_005de060","005de060","undefined FUN_005de060(int * param_1)","87"
"FUN_005de100","005de100","undefined1 * FUN_005de100(undefined4 param_1\, undefined4 param_2\, undefined4 * param_3)","148"
"FUN_005de1a0","005de1a0","undefined FUN_005de1a0(void)","13"
"FUN_005de1b0","005de1b0","undefined FUN_005de1b0(void)","13"
"FUN_005de220","005de220","undefined FUN_005de220(int param_1)","176"
"FUN_005de2d0","005de2d0","undefined FUN_005de2d0(int param_1\, int param_2)","186"
"FUN_005de390","005de390","undefined FUN_005de390(int param_1)","170"
"FUN_005de440","005de440","undefined FUN_005de440(void)","1717"
"FUN_005deb20","005deb20","undefined FUN_005deb20(int * param_1\, undefined4 param_2\, int param_3)","140"
"FUN_005decd0","005decd0","undefined FUN_005decd0(void)","1"
"FUN_005dece0","005dece0","undefined FUN_005dece0(void)","93"
"FUN_005ded40","005ded40","undefined FUN_005ded40(void)","51"
"FUN_005ded80","005ded80","undefined FUN_005ded80(int param_1)","182"
"FUN_005dee40","005dee40","undefined FUN_005dee40(int param_1)","293"
"FUN_005def70","005def70","undefined FUN_005def70(int * param_1)","1286"
"FUN_005df480","005df480","undefined FUN_005df480(int * param_1)","813"
"FUN_005df7b0","005df7b0","float10 FUN_005df7b0(float param_1\, float param_2\, float param_3)","195"
"FUN_005df880","005df880","undefined FUN_005df880(void)","135"
"FUN_005df910","005df910","undefined FUN_005df910(void)","406"
"FUN_005dfab0","005dfab0","undefined FUN_005dfab0(void)","185"
"FUN_005dfbd0","005dfbd0","undefined FUN_005dfbd0(float param_1)","612"
"FUN_005dfe80","005dfe80","undefined FUN_005dfe80(float * param_1\, float * param_2\, float * param_3\, int param_4)","874"
"FUN_005e0200","005e0200","undefined FUN_005e0200(int param_1\, undefined4 param_2\, undefined4 * param_3\, float param_4\, int param_5)","165"
"FUN_005e02b0","005e02b0","undefined FUN_005e02b0(int param_1\, undefined4 param_2\, undefined4 * param_3\, float param_4)","209"
"FUN_005e0390","005e0390","undefined FUN_005e0390(int param_1\, undefined4 param_2\, undefined4 * param_3\, int param_4\, int param_5\, int param_6)","246"
"FUN_005e0490","005e0490","undefined FUN_005e0490(int param_1\, undefined4 * param_2\, float param_3)","151"
"FUN_005e0530","005e0530","undefined FUN_005e0530(char * param_1\, undefined4 * param_2\, int param_3\, int param_4\, undefined4 param_5\, undefined4 * param_6\, int param_7\, int param_8\, float param_9\, int param_10)","168"
"FUN_005e05e0","005e05e0","undefined FUN_005e05e0(byte * param_1\, undefined4 param_2\, int param_3\, int param_4\, int param_5)","789"
"FUN_005e09a0","005e09a0","undefined FUN_005e09a0(uint param_1\, int param_2\, int param_3\, int param_4)","129"
"FUN_005e0bd0","005e0bd0","undefined FUN_005e0bd0(void)","299"
"FUN_005e0d00","005e0d00","undefined FUN_005e0d00(void)","586"
"FUN_005e0f90","005e0f90","undefined FUN_005e0f90(byte * param_1\, int param_2)","70"
"FUN_005e0ff0","005e0ff0","ushort FUN_005e0ff0(undefined4 param_1\, undefined4 param_2\, float param_3)","120"
"FUN_005e1070","005e1070","undefined FUN_005e1070(void)","255"
"FUN_005e1170","005e1170","undefined FUN_005e1170(undefined4 param_1\, uint param_2\, int param_3\, int param_4\, int param_5)","5964"
"FUN_005e28c0","005e28c0","undefined FUN_005e28c0(int * param_1)","91"
"FUN_005e2920","005e2920","undefined FUN_005e2920(float * param_1\, float * param_2\, float * param_3)","4594"
"FUN_005e3b50","005e3b50","undefined FUN_005e3b50(float * param_1\, float * param_2\, float * param_3)","1837"
"FUN_005e4280","005e4280","undefined FUN_005e4280(float * param_1\, float * param_2\, float * param_3\, float * param_4)","887"
"FUN_005e4600","005e4600","undefined FUN_005e4600(undefined4 param_1\, undefined4 param_2\, float * param_3\, float * param_4\, float * param_5)","107"
"FUN_005e4670","005e4670","undefined FUN_005e4670(undefined4 param_1\, undefined4 param_2\, float * param_3)","207"
"FUN_005e4740","005e4740","undefined FUN_005e4740(undefined4 param_1\, undefined4 param_2\, float * param_3)","252"
"FUN_005e4840","005e4840","undefined FUN_005e4840(undefined4 param_1\, undefined4 param_2)","648"
"FUN_005e4b00","005e4b00","undefined FUN_005e4b00(int param_1)","24"
"FUN_005e4b20","005e4b20","ushort * FUN_005e4b20(void * this\, int param_1)","347"
"FUN_005e4d00","005e4d00","undefined FUN_005e4d00(void * param_1)","20"
"FUN_005e4d20","005e4d20","undefined FUN_005e4d20(void * param_1)","19"
"FUN_005e4d40","005e4d40","undefined FUN_005e4d40(void * param_1)","20"
"FUN_005e4d60","005e4d60","undefined FUN_005e4d60(void * param_1)","19"
"FUN_005e4e00","005e4e00","undefined FUN_005e4e00(undefined4 param_1)","11"
"FUN_005e4e80","005e4e80","undefined4 FUN_005e4e80(int param_1)","30"
"FUN_005e4ea0","005e4ea0","undefined FUN_005e4ea0(undefined * param_1)","10"
"FUN_005e4eb0","005e4eb0","undefined FUN_005e4eb0(int param_1\, int * param_2\, int * param_3)","35"
"FUN_005e4ee0","005e4ee0","int FUN_005e4ee0(int param_1)","75"
"FUN_005e4f30","005e4f30","undefined FUN_005e4f30(undefined4 * param_1\, int * param_2\, int param_3)","231"
"FUN_005e5020","005e5020","int FUN_005e5020(int param_1\, undefined4 * param_2)","106"
"FUN_005e50e0","005e50e0","undefined FUN_005e50e0(ushort * param_1)","95"
"FUN_005e5140","005e5140","undefined FUN_005e5140(undefined4 * param_1)","92"
"FUN_005e51a0","005e51a0","undefined FUN_005e51a0(int * param_1\, int param_2)","109"
"FUN_005e5210","005e5210","int FUN_005e5210(undefined4 * param_1)","93"
"FUN_005e52d0","005e52d0","undefined4 FUN_005e52d0(int param_1)","17"
"FUN_005e52f0","005e52f0","undefined4 FUN_005e52f0(int param_1)","18"
"FUN_005e5310","005e5310","undefined4 FUN_005e5310(int param_1)","22"
"FUN_005e5390","005e5390","int FUN_005e5390(int * param_1\, uint param_2)","224"
"FUN_005e5470","005e5470","int FUN_005e5470(undefined4 param_1)","45"
"FUN_005e54b0","005e54b0","undefined FUN_005e54b0(byte * param_1\, undefined1 * param_2)","149"
"FUN_005e5550","005e5550","undefined FUN_005e5550(int param_1\, char * param_2)","109"
"FUN_005e5630","005e5630","undefined FUN_005e5630(int param_1)","66"
"FUN_005e57f0","005e57f0","undefined FUN_005e57f0(void)","72"
"FUN_005e5a80","005e5a80","undefined FUN_005e5a80(undefined4 * param_1\, undefined4 * param_2\, int param_3)","200"
"FUN_005e5c70","005e5c70","undefined FUN_005e5c70(undefined4 * param_1)","97"
"FUN_005e5d20","005e5d20","undefined FUN_005e5d20(int param_1)","42"
"FUN_005e5d50","005e5d50","undefined FUN_005e5d50(int param_1)","40"
"FUN_005e5d80","005e5d80","undefined FUN_005e5d80(void * param_1)","1572"
"FUN_005e6420","005e6420","undefined FUN_005e6420(int param_1)","651"
"FUN_005e66b0","005e66b0","undefined FUN_005e66b0(void * this\, int * param_1\, float * param_2)","91"
"FUN_005e6710","005e6710","undefined FUN_005e6710(void * this\, float * param_1\, float * param_2\, int param_3)","95"
"FUN_005e6770","005e6770","undefined FUN_005e6770(void * this\, float * param_1\, float * param_2)","90"
"FUN_005e6800","005e6800","undefined4 * FUN_005e6800(undefined4 * param_1)","29"
"FUN_005e6820","005e6820","undefined FUN_005e6820(undefined4 * param_1)","19"
"FUN_005e6840","005e6840","undefined FUN_005e6840(undefined4 * param_1)","78"
"FUN_005e68e0","005e68e0","undefined4 * FUN_005e68e0(void * this\, byte param_1)","39"
"FUN_005e6a80","005e6a80","undefined FUN_005e6a80(int param_1)","774"
"FUN_005e6e60","005e6e60","undefined FUN_005e6e60(int * param_1\, uint param_2\, int * param_3\, int param_4\, int param_5\, int param_6\, char param_7)","521"
"FUN_005e74f0","005e74f0","undefined FUN_005e74f0(void * param_1)","627"
"FUN_005e7840","005e7840","undefined FUN_005e7840(void * this\, float * param_1\, float * param_2\, float * param_3\, float * param_4)","653"
"FUN_005e7ad0","005e7ad0","undefined FUN_005e7ad0(void * this\, float * param_1\, float param_2)","701"
"FUN_005e7d90","005e7d90","undefined FUN_005e7d90(void * this\, float * param_1\, float * param_2\, float * param_3)","399"
"FUN_005e7f40","005e7f40","undefined FUN_005e7f40(void * this\, uint param_1\, uint * param_2)","585"
"FUN_005e8190","005e8190","undefined FUN_005e8190(void * this\, int * param_1\, int * param_2)","660"
"FUN_005e8430","005e8430","undefined FUN_005e8430(void)","59"
"FUN_005e8790","005e8790","undefined FUN_005e8790(void * this\, float * param_1)","89"
"FUN_005e87f0","005e87f0","undefined FUN_005e87f0(void * param_1\, float * param_2\, undefined4 * param_3)","89"
"FUN_005e8890","005e8890","undefined FUN_005e8890(void * param_1\, float * param_2\, float * param_3)","158"
"FUN_005e8950","005e8950","undefined FUN_005e8950(int param_1\, undefined4 param_2\, float * param_3\, float * param_4\, int param_5)","642"
"FUN_005e8be0","005e8be0","undefined FUN_005e8be0(int param_1)","122"
"FUN_005e8c60","005e8c60","undefined FUN_005e8c60(float * param_1\, float * param_2\, float * param_3\, float * param_4)","318"
"FUN_005e9020","005e9020","undefined FUN_005e9020(int param_1\, int * param_2)","89"
"FUN_005e91f0","005e91f0","int * FUN_005e91f0(int param_1\, int param_2\, int param_3)","269"
"FUN_005e9300","005e9300","float * FUN_005e9300(uint param_1)","685"
"FUN_005e9650","005e9650","float10 FUN_005e9650(int * param_1)","118"
"FUN_005e96d0","005e96d0","undefined FUN_005e96d0(float * param_1\, int param_2\, int param_3\, float * param_4\, int param_5\, undefined * param_6\, undefined4 param_7\, undefined4 param_8)","1713"
"FUN_005e9d90","005e9d90","undefined FUN_005e9d90(int param_1\, int param_2\, float * param_3\, int param_4\, undefined * param_5\, undefined4 param_6\, undefined4 param_7)","1318"
"FUN_005ea390","005ea390","undefined FUN_005ea390(int param_1\, uint param_2\, float param_3\, float * param_4)","234"
"FUN_005ea510","005ea510","undefined FUN_005ea510(float * param_1\, float * param_2\, float * param_3\, int param_4)","90"
"FUN_005ea570","005ea570","undefined FUN_005ea570(int * param_1\, undefined4 * param_2)","89"
"FUN_005ea5d0","005ea5d0","undefined FUN_005ea5d0(int * param_1\, undefined4 * param_2)","129"
"FUN_005ea660","005ea660","undefined FUN_005ea660(int * param_1)","59"
"FUN_005ea6a0","005ea6a0","undefined4 FUN_005ea6a0(float * param_1\, undefined4 * param_2\, int param_3)","293"
"FUN_005ea800","005ea800","undefined FUN_005ea800(int param_1\, undefined4 param_2\, undefined4 param_3\, undefined4 param_4\, int * param_5)","378"
"FUN_005ea980","005ea980","int * FUN_005ea980(undefined4 * param_1\, int * param_2)","76"
"FUN_005ea9d0","005ea9d0","undefined FUN_005ea9d0(char * param_1\, uint * param_2\, int param_3)","167"
"FUN_005eaa80","005eaa80","undefined FUN_005eaa80(int * param_1)","67"
"FUN_005eaad0","005eaad0","undefined FUN_005eaad0(int param_1\, float param_2\, float param_3)","220"
"FUN_005eabb0","005eabb0","undefined FUN_005eabb0(int param_1\, float param_2\, float param_3\, undefined4 param_4)","74"
"FUN_005eac00","005eac00","void * FUN_005eac00(int param_1\, byte param_2\, undefined4 param_3\, int * param_4)","862"
"FUN_005eaf70","005eaf70","undefined1 * FUN_005eaf70(undefined1 * param_1\, uint param_2\, int param_3\, uint * param_4\, uint * param_5)","288"
"FUN_005eb090","005eb090","undefined FUN_005eb090(char * param_1\, char * param_2\, undefined4 param_3\, undefined4 param_4\, uint * param_5\, int * param_6)","434"
"FUN_005eb250","005eb250","undefined FUN_005eb250(int param_1\, ushort * param_2\, uint param_3)","1210"
"FUN_005eb790","005eb790","undefined FUN_005eb790(int param_1\, int param_2\, float param_3\, int param_4\, undefined4 param_5\, float * param_6\, undefined * param_7\, undefined4 param_8)","230"
"FUN_005eb880","005eb880","undefined FUN_005eb880(undefined4 param_1\, undefined4 param_2\, int param_3\, float * param_4\, float param_5\, int param_6\, int param_7\, float * param_8\, undefined * param_9\, undefined4 param_10)","777"
"FUN_005ebb90","005ebb90","undefined FUN_005ebb90(int param_1\, int param_2\, float param_3\, int param_4\, float param_5\, float param_6\, int param_7\, undefined4 param_8\, float * param_9\, undefined * param_10\, undefined4 param_11)","388"
"FUN_005ebd20","005ebd20","undefined FUN_005ebd20(int param_1\, int * param_2\, float param_3\, int param_4\, float param_5\, float param_6\, int param_7\, undefined4 param_8\, float * param_9\, undefined * param_10\, undefined4 param_11)","96"
"FUN_005ebd80","005ebd80","undefined FUN_005ebd80(uint param_1\, undefined4 param_2\, undefined4 param_3)","111"
"FUN_005ebeb0","005ebeb0","undefined FUN_005ebeb0(float * param_1\, float param_2\, undefined4 param_3\, float param_4\, undefined4 param_5\, int param_6\, int param_7\, int param_8\, float param_9)","647"
"FUN_005ec140","005ec140","undefined FUN_005ec140(float * param_1\, float param_2\, undefined4 param_3\, float param_4\, undefined4 param_5\, int param_6\, int param_7\, int param_8\, float param_9\, undefined4 param_10\, int param_11\, undefined4 param_12\, undefined4 param_13\, float param_14)","647"
"FUN_005ec3d0","005ec3d0","undefined FUN_005ec3d0(float * param_1\, float * param_2\, int param_3\, float param_4)","443"
"FUN_005ec590","005ec590","undefined FUN_005ec590(float * param_1\, float * param_2\, int param_3\, float param_4)","143"
"FUN_005ec620","005ec620","undefined FUN_005ec620(int param_1\, undefined4 param_2)","130"
"FUN_005ec6b0","005ec6b0","undefined FUN_005ec6b0(void)","162"
"FUN_005ed300","005ed300","undefined FUN_005ed300(undefined4 param_1\, undefined4 param_2\, undefined4 param_3\, undefined4 param_4\, int param_5\, int param_6)","282"
"FUN_005ed420","005ed420","undefined FUN_005ed420(undefined4 param_1\, undefined4 param_2\, undefined4 param_3\, undefined4 param_4\, int param_5\, int param_6)","274"
"FUN_005ed540","005ed540","undefined FUN_005ed540(undefined4 param_1\, undefined4 param_2\, undefined4 * param_3\, int param_4)","1105"
"FUN_005ed9a0","005ed9a0","undefined FUN_005ed9a0(float * param_1\, float * param_2)","235"
"FUN_005eda90","005eda90","undefined FUN_005eda90(float * param_1\, float * param_2)","283"
"FUN_005edbb0","005edbb0","undefined FUN_005edbb0(float * param_1\, float * param_2)","134"
"FUN_005edc40","005edc40","undefined FUN_005edc40(float * param_1\, float * param_2)","194"
"FUN_005edd10","005edd10","undefined FUN_005edd10(float * param_1\, float * param_2)","94"
"FUN_005edd70","005edd70","undefined FUN_005edd70(float * param_1)","113"
"_NuTimeBarInitEx","005eddf0","undefined _NuTimeBarInitEx(undefined4 param_1\, undefined4 param_2)","111"
"_NuTimeBarInit","005ede60","undefined _NuTimeBarInit(void)","13"
"FUN_005ede70","005ede70","undefined FUN_005ede70(undefined4 param_1\, undefined4 param_2\, float * param_3\, float * param_4)","145"
"FUN_005edf10","005edf10","undefined FUN_005edf10(undefined4 param_1\, undefined4 param_2\, int param_3\, int param_4)","499"
"FUN_005ee110","005ee110","undefined FUN_005ee110(void * this\, float * param_1)","314"
"FUN_005ee250","005ee250","undefined FUN_005ee250(void)","488"
"FUN_005ee440","005ee440","undefined FUN_005ee440(float * param_1\, int param_2\, float * param_3)","710"
"FUN_005ee710","005ee710","undefined FUN_005ee710(void * this\, int param_1\, int param_2\, int param_3\, float param_4)","50"
"FUN_005ee750","005ee750","undefined4 FUN_005ee750(float * param_1\, int param_2\, undefined2 param_3\, int param_4\, undefined4 * param_5)","484"
"FUN_005ee940","005ee940","undefined FUN_005ee940(int param_1\, undefined4 * param_2\, undefined4 param_3\, short param_4\, int param_5)","478"
"FUN_005eeb30","005eeb30","undefined4 FUN_005eeb30(void * param_1)","506"
"FUN_005eed30","005eed30","int FUN_005eed30(int * param_1\, uint param_2)","186"
"FUN_005eedf0","005eedf0","undefined FUN_005eedf0(int * param_1)","397"
"FUN_005eef80","005eef80","uint FUN_005eef80(int * param_1\, int param_2)","193"
"FUN_005ef050","005ef050","undefined FUN_005ef050(int * param_1)","371"
"FUN_005ef1d0","005ef1d0","undefined FUN_005ef1d0(void * this\, uint * param_1\, undefined4 * param_2\, char * param_3)","699"
"FUN_005ef7f0","005ef7f0","undefined FUN_005ef7f0(uint * param_1\, undefined4 param_2\, char * param_3)","26"
"FUN_005ef810","005ef810","undefined FUN_005ef810(char * param_1\, uint * param_2)","101"
"_NuGScnRemove","005ef880","undefined _NuGScnRemove(int * param_1)","200"
"_NuGScnRemove","005ef950","thunk undefined _NuGScnRemove(int * param_1)","5"
"FUN_005ef9a0","005ef9a0","undefined FUN_005ef9a0(undefined4 param_1\, undefined4 param_2)","344"
"FUN_005efbf0","005efbf0","undefined FUN_005efbf0(uint * param_1\, undefined4 param_2)","1009"
"FUN_005efff0","005efff0","int FUN_005efff0(void)","746"
"FUN_005f02e0","005f02e0","undefined FUN_005f02e0(int param_1)","210"
"FUN_005f0470","005f0470","undefined4 * FUN_005f0470(undefined4 * param_1\, uint * param_2)","1597"
"FUN_005f0ac0","005f0ac0","undefined FUN_005f0ac0(void)","685"
"FUN_005f0d70","005f0d70","undefined FUN_005f0d70(void)","392"
"FUN_005f0f00","005f0f00","int FUN_005f0f00(int * param_1\, float * param_2\, undefined4 param_3\, int param_4\, int param_5)","1491"
"FUN_005f14e0","005f14e0","undefined FUN_005f14e0(int param_1\, int param_2\, uint param_3\, int param_4\, int param_5)","2284"
"FUN_005f1dd0","005f1dd0","undefined FUN_005f1dd0(int * param_1\, int param_2)","375"
"FUN_005f1fe0","005f1fe0","undefined FUN_005f1fe0(void * this\, char * param_1\, undefined4 param_2\, void * param_3)","51"
"FUN_005f2040","005f2040","undefined FUN_005f2040(void * this\, char * param_1\, undefined4 param_2\, void * param_3)","51"
"FUN_005f2080","005f2080","undefined FUN_005f2080(void * this\, int param_1)","63"
"FUN_005f20c0","005f20c0","int FUN_005f20c0(int param_1)","149"
"FUN_005f2160","005f2160","int FUN_005f2160(int param_1)","146"
"FUN_005f2200","005f2200","int FUN_005f2200(int param_1)","146"
"FUN_005f22a0","005f22a0","undefined FUN_005f22a0(uint param_1)","727"
"FUN_005f2580","005f2580","undefined FUN_005f2580(void)","331"
"FUN_005f26d0","005f26d0","undefined FUN_005f26d0(void * this\, uint param_1\, uint * param_2)","109"
"FUN_005f2740","005f2740","uint FUN_005f2740(void * this\, float * param_1\, float param_2)","93"
"FUN_005f27a0","005f27a0","uint FUN_005f27a0(void * this\, float * param_1\, undefined4 * param_2\, int param_3)","95"
"FUN_005f2800","005f2800","undefined FUN_005f2800(uint param_1\, uint * param_2)","26"
"FUN_005f28d0","005f28d0","undefined FUN_005f28d0(void * this\, float * param_1)","1862"
"FUN_005f3140","005f3140","int * FUN_005f3140(int param_1\, int * param_2)","120"
"FUN_005f3270","005f3270","int * FUN_005f3270(byte * param_1\, int * param_2\, int * param_3\, int * param_4)","154"
"FUN_005f3310","005f3310","undefined FUN_005f3310(byte * param_1\, int * param_2\, int * param_3)","29"
"FUN_005f3390","005f3390","undefined FUN_005f3390(int param_1\, uint param_2\, float param_3\, float * param_4)","32"
"FUN_005f33b0","005f33b0","int FUN_005f33b0(int * param_1\, float * param_2)","43"
"FUN_005f3440","005f3440","int FUN_005f3440(int * param_1\, float * param_2)","119"
"FUN_005f34e0","005f34e0","undefined FUN_005f34e0(int param_1\, ushort * param_2)","39"
"FUN_005f3510","005f3510","undefined FUN_005f3510(int param_1\, byte * param_2)","108"
"FUN_005f3580","005f3580","undefined FUN_005f3580(int param_1\, char * param_2\, va_list param_3)","90"
"FUN_005f35e0","005f35e0","undefined FUN_005f35e0(int param_1\, int param_2\, int param_3\, int param_4\, char * param_5)","320"
"FUN_005f38c0","005f38c0","undefined FUN_005f38c0(undefined4 param_1\, float * param_2\, float param_3\, undefined4 param_4\, int param_5\, float * param_6)","46"
"FUN_005f38f0","005f38f0","undefined FUN_005f38f0(int param_1\, int * param_2\, float param_3\, int param_4\, float param_5\, float param_6\, int param_7\, undefined4 param_8\, float * param_9)","90"
"FUN_005f3950","005f3950","undefined FUN_005f3950(void)","139"
"thunk_FUN_005f3950","005f39e0","thunk undefined thunk_FUN_005f3950(void)","5"
"FUN_005f3c80","005f3c80","undefined4 * FUN_005f3c80(undefined4 param_1\, undefined4 param_2\, void * param_3\, int param_4)","216"
"FUN_005f3d60","005f3d60","undefined FUN_005f3d60(int param_1)","2130"
"FUN_005f45c0","005f45c0","undefined FUN_005f45c0(int param_1)","1468"
"FUN_005f4b90","005f4b90","undefined FUN_005f4b90(int param_1\, float param_2)","874"
"FUN_005f4f00","005f4f00","undefined FUN_005f4f00(uint * param_1\, undefined4 param_2\, char * param_3\, int param_4)","229"
"FUN_005f4ff0","005f4ff0","uint FUN_005f4ff0(int param_1\, float * param_2\, int param_3\, int param_4\, int param_5\, int param_6)","903"
"FUN_005f5380","005f5380","undefined FUN_005f5380(int param_1)","841"
"FUN_005f56d0","005f56d0","undefined FUN_005f56d0(undefined4 param_1\, undefined4 param_2\, int param_3)","334"
"FUN_005f5830","005f5830","undefined FUN_005f5830(int param_1)","443"
"FUN_005f5ce0","005f5ce0","int FUN_005f5ce0(int param_1)","168"
"FUN_005f5d90","005f5d90","int FUN_005f5d90(int param_1)","150"
"FUN_005f5e30","005f5e30","undefined FUN_005f5e30(void * this\, float * param_1)","173"
"FUN_005f5ee0","005f5ee0","undefined FUN_005f5ee0(void * this\, int param_1)","1333"
"FUN_005f6420","005f6420","int * FUN_005f6420(int * param_1\, int param_2)","69"
"FUN_005f6470","005f6470","undefined FUN_005f6470(undefined4 param_1\, float param_2\, ushort * param_3\, float param_4\, float param_5\, undefined4 param_6\, float param_7\, float param_8\, float param_9\, float param_10\, undefined4 param_11\, undefined4 * param_12)","1345"
"FUN_005f69c0","005f69c0","float10 FUN_005f69c0(float param_1\, ushort * param_2\, float param_3\, float param_4\, undefined4 param_5\, float param_6\, float param_7\, float param_8\, float param_9\, undefined4 param_10\, undefined4 * param_11)","110"
"FUN_005f6ab0","005f6ab0","undefined FUN_005f6ab0(void * this\, int param_1)","419"
"FUN_005f7420","005f7420","int FUN_005f7420(void)","24"
"FUN_005f7490","005f7490","undefined FUN_005f7490(void)","1"
"FUN_005f74a0","005f74a0","undefined FUN_005f74a0(void)","1"
"FUN_005f75a0","005f75a0","undefined FUN_005f75a0(undefined4 * param_1)","95"
"FUN_005f7610","005f7610","undefined FUN_005f7610(undefined4 * param_1)","133"
"FUN_005f7700","005f7700","undefined FUN_005f7700(void * this\, undefined4 * param_1)","59"
"FUN_005f77d0","005f77d0","undefined FUN_005f77d0(void)","108"
"FUN_005f7980","005f7980","undefined4 FUN_005f7980(void)","49"
"FUN_005f79e0","005f79e0","undefined4 FUN_005f79e0(void)","43"
"FUN_005f7a90","005f7a90","undefined FUN_005f7a90(void)","1"
"FUN_005f7aa0","005f7aa0","undefined4 FUN_005f7aa0(void)","3"
"FUN_005f7b40","005f7b40","undefined FUN_005f7b40(undefined4 * param_1)","255"
"FUN_005f7c40","005f7c40","undefined2 FUN_005f7c40(int param_1)","9"
"FUN_005f7c50","005f7c50","undefined2 FUN_005f7c50(int param_1)","9"
"FUN_005f7c60","005f7c60","undefined FUN_005f7c60(int param_1\, byte param_2\, uint * param_3\, uint * param_4)","46"
"FUN_005f7c90","005f7c90","undefined2 FUN_005f7c90(int param_1)","9"
"FUN_005f7cc0","005f7cc0","undefined FUN_005f7cc0(int param_1\, uint param_2\, uint param_3)","38"
"FUN_005f7cf0","005f7cf0","undefined FUN_005f7cf0(int param_1\, undefined4 param_2)","12"
"FUN_005f7d00","005f7d00","undefined FUN_005f7d00(int param_1\, undefined4 param_2\, undefined4 param_3\, undefined4 param_4)","245"
"FUN_005f7ed0","005f7ed0","undefined FUN_005f7ed0(int param_1\, undefined4 param_2\, undefined4 param_3)","187"
"FUN_005f8110","005f8110","undefined FUN_005f8110(int * param_1)","202"
"FUN_005f81f0","005f81f0","undefined FUN_005f81f0(int * param_1\, undefined2 param_2\, undefined2 param_3\, undefined2 param_4\, int param_5\, int param_6\, int param_7)","388"
"FUN_005f83a0","005f83a0","undefined FUN_005f83a0(int * param_1\, int param_2)","165"
"FUN_005f8460","005f8460","int FUN_005f8460(int param_1)","8"
"FUN_005f8470","005f8470","undefined FUN_005f8470(int * param_1\, uint param_2\, uint param_3\, uint param_4)","223"
"FUN_005f8550","005f8550","undefined FUN_005f8550(int * param_1\, uint param_2)","41"
"_PCEffectTexReleaseVideoResources","005f85a0","undefined _PCEffectTexReleaseVideoResources(void)","195"
"FUN_005f8670","005f8670","undefined FUN_005f8670(void)","106"
"FUN_005f8930","005f8930","undefined FUN_005f8930(void)","123"
"FUN_005f8a50","005f8a50","undefined4 FUN_005f8a50(void)","6"
"FUN_005f8a60","005f8a60","undefined4 FUN_005f8a60(int param_1)","12"
"FUN_005f8a80","005f8a80","int FUN_005f8a80(int param_1\, int param_2\, uint * param_3\, undefined4 * param_4)","87"
"FUN_005f8ae0","005f8ae0","uint FUN_005f8ae0(int param_1)","38"
"FUN_005f8b10","005f8b10","uint FUN_005f8b10(int param_1)","38"
"FUN_005f8ba0","005f8ba0","undefined FUN_005f8ba0(void)","1"
"FUN_005f8bb0","005f8bb0","undefined FUN_005f8bb0(void)","1"
"FUN_005f8bc0","005f8bc0","undefined FUN_005f8bc0(void)","1"
"FUN_005f8be0","005f8be0","undefined FUN_005f8be0(void)","1"
"FUN_005f8bf0","005f8bf0","undefined FUN_005f8bf0(int param_1)","175"
"FUN_005f8cb0","005f8cb0","undefined FUN_005f8cb0(uint param_1\, uint param_2)","112"
"FUN_005f8d60","005f8d60","undefined FUN_005f8d60(char * param_1\, int * param_2)","231"
"FUN_005f8e50","005f8e50","undefined FUN_005f8e50(undefined4 * param_1)","105"
"FUN_005f8ed0","005f8ed0","undefined FUN_005f8ed0(int param_1)","34"
"FUN_005f8f10","005f8f10","undefined4 FUN_005f8f10(void)","3"
"FUN_005f8f20","005f8f20","undefined4 FUN_005f8f20(void)","4"
"FUN_005f8f50","005f8f50","undefined FUN_005f8f50(int param_1\, uint param_2)","22"
"FUN_005f8f80","005f8f80","undefined FUN_005f8f80(void)","34"
"FUN_005f8fb0","005f8fb0","undefined FUN_005f8fb0(void)","1"
"FUN_005f8fc0","005f8fc0","undefined FUN_005f8fc0(void)","1"
"FUN_005f8fd0","005f8fd0","undefined FUN_005f8fd0(void)","81"
"FUN_005f9030","005f9030","undefined4 FUN_005f9030(undefined4 param_1)","56"
"FUN_005f9130","005f9130","undefined4 FUN_005f9130(byte * param_1\, int param_2\, undefined4 * param_3)","820"
"FUN_005f9530","005f9530","undefined FUN_005f9530(void)","21"
"FUN_005f9550","005f9550","undefined FUN_005f9550(float param_1\, undefined4 param_2\, int param_3)","455"
"_NuWaterRelease","005f9720","undefined _NuWaterRelease(void)","28"
"FUN_005f9740","005f9740","undefined FUN_005f9740(undefined4 param_1\, int param_2\, int * param_3)","482"
"FUN_005f9940","005f9940","undefined FUN_005f9940(float param_1)","15"
"thunk_FUN_005f74a0","005f9960","thunk undefined thunk_FUN_005f74a0(void)","5"
"FUN_005f9980","005f9980","undefined FUN_005f9980(undefined4 * param_1\, uint param_2\, undefined4 param_3\, undefined4 param_4)","78"
"FUN_005f99d0","005f99d0","undefined FUN_005f99d0(void)","328"
"FUN_005f9e50","005f9e50","undefined FUN_005f9e50(void)","12"
"FUN_005f9e60","005f9e60","undefined FUN_005f9e60(void)","42"
"FUN_005f9e90","005f9e90","undefined FUN_005f9e90(undefined4 param_1)","10"
"FUN_005f9ed0","005f9ed0","undefined FUN_005f9ed0(undefined4 * param_1\, undefined4 param_2\, undefined1 param_3\, undefined4 param_4\, undefined1 param_5\, undefined4 param_6\, undefined1 param_7)","208"
"FUN_005f9fa0","005f9fa0","undefined FUN_005f9fa0(int param_1\, undefined4 param_2\, int param_3)","187"
"FUN_005fa0a0","005fa0a0","undefined FUN_005fa0a0(void)","98"
"FUN_005fa1e0","005fa1e0","exception * FUN_005fa1e0(void * this\, byte param_1)","36"
"FUN_005fa220","005fa220","undefined FUN_005fa220(void)","1"
"FUN_005fa240","005fa240","undefined FUN_005fa240(void)","164"
"FUN_005fa2f0","005fa2f0","undefined FUN_005fa2f0(undefined4 param_1\, undefined4 param_2\, undefined4 param_3\, undefined4 param_4)","59"
"FUN_005fa330","005fa330","undefined FUN_005fa330(undefined4 * param_1\, undefined4 param_2)","497"
"FUN_005fa540","005fa540","undefined FUN_005fa540(uint param_1\, uint * param_2)","222"
"FUN_005fa720","005fa720","undefined4 FUN_005fa720(undefined4 param_1\, int param_2\, int * param_3\, int * param_4\, uint param_5)","104"
"FUN_005fa790","005fa790","undefined4 FUN_005fa790(undefined4 param_1\, int param_2\, int * param_3\, int * param_4\, uint param_5)","100"
"FUN_005fa800","005fa800","undefined4 FUN_005fa800(int * param_1\, int * param_2)","124"
"FUN_005fa880","005fa880","undefined4 FUN_005fa880(int * param_1\, int * param_2)","126"
"FUN_005fa920","005fa920","bool FUN_005fa920(void * this\, int param_1\, int param_2\, uint param_3\, float * param_4\, float * param_5\, float * param_6)","182"
"FUN_005fa9e0","005fa9e0","bool FUN_005fa9e0(int param_1\, undefined4 param_2\, float * param_3\, float * param_4\, float * param_5)","176"
"FUN_005faac0","005faac0","int FUN_005faac0(void * this\, undefined2 param_1\, undefined2 param_2)","39"
"FUN_005faaf0","005faaf0","undefined4 FUN_005faaf0(int param_1\, byte param_2)","349"
"FUN_005fac80","005fac80","void * FUN_005fac80(byte * param_1\, int param_2\, undefined4 param_3\, void * param_4\, ushort * param_5\, undefined4 param_6\, undefined4 param_7\, uint * param_8)","1998"
"FUN_005fb450","005fb450","undefined FUN_005fb450(uint param_1\, uint param_2)","212"
"FUN_005fb550","005fb550","undefined FUN_005fb550(void)","10"
"FUN_005fb560","005fb560","undefined FUN_005fb560(void)","10"
"thunk_FUN_005f7490","005fb7d0","thunk undefined thunk_FUN_005f7490(void)","5"
"FUN_005fb7e0","005fb7e0","undefined FUN_005fb7e0(void)","3"
"FUN_005fb810","005fb810","undefined FUN_005fb810(int * param_1)","81"
"FUN_005fb870","005fb870","undefined FUN_005fb870(void * this\, undefined4 * param_1\, uint param_2\, undefined1 param_3)","170"
"ReleaseVideoResources","005fb960","undefined ReleaseVideoResources(void)","64"
"FUN_005fb9a0","005fb9a0","undefined FUN_005fb9a0(void)","183"
"FUN_005fba70","005fba70","undefined FUN_005fba70(int param_1)","108"
"FUN_005fbae0","005fbae0","undefined FUN_005fbae0(int param_1)","17"
"FUN_005fbb00","005fbb00","undefined FUN_005fbb00(int param_1)","21"
"FUN_005fbb30","005fbb30","undefined FUN_005fbb30(void)","3"
"FUN_005fbcf0","005fbcf0","undefined4 FUN_005fbcf0(int param_1\, undefined4 param_2)","36"
"FUN_005fbd20","005fbd20","undefined4 FUN_005fbd20(int param_1)","22"
"FUN_005fbd80","005fbd80","undefined4 FUN_005fbd80(int param_1\, int param_2\, int * param_3)","1686"
"FUN_005fc430","005fc430","undefined4 FUN_005fc430(int param_1\, int param_2\, int param_3)","598"
"FUN_005fc690","005fc690","undefined4 FUN_005fc690(int param_1\, undefined4 param_2\, int param_3\, int param_4)","454"
"FUN_005fc860","005fc860","int FUN_005fc860(int param_1\, undefined4 * param_2\, int param_3)","82"
"FUN_005fca40","005fca40","undefined FUN_005fca40(int param_1)","37"
"FUN_005fca70","005fca70","undefined FUN_005fca70(void)","1"
"FUN_005fca80","005fca80","undefined FUN_005fca80(void)","1"
"FUN_005fca90","005fca90","undefined FUN_005fca90(undefined4 * param_1)","59"
"FUN_005fcad0","005fcad0","undefined FUN_005fcad0(float * param_1\, undefined4 * param_2\, float * param_3\, undefined4 * param_4\, float * param_5\, undefined4 * param_6)","227"
"FUN_005fcc10","005fcc10","undefined FUN_005fcc10(undefined4 * param_1\, undefined4 * param_2\, undefined4 * param_3)","107"
"FUN_005fcc80","005fcc80","undefined FUN_005fcc80(void)","214"
"FUN_005fcdf0","005fcdf0","undefined FUN_005fcdf0(int param_1)","245"
"FUN_005fcef0","005fcef0","undefined FUN_005fcef0(int param_1)","60"
"FUN_005fcf30","005fcf30","undefined FUN_005fcf30(int param_1)","39"
"FUN_005fcf60","005fcf60","undefined FUN_005fcf60(int param_1)","106"
"FUN_005fcfd0","005fcfd0","uint * FUN_005fcfd0(void)","160"
"FUN_005fd0d0","005fd0d0","undefined FUN_005fd0d0(undefined4 * param_1)","46"
"FUN_005fd100","005fd100","undefined FUN_005fd100(int param_1)","89"
"FUN_005fd160","005fd160","undefined FUN_005fd160(void)","80"
"FUN_005fd1c0","005fd1c0","undefined FUN_005fd1c0(void)","91"
"FUN_005fd220","005fd220","undefined FUN_005fd220(undefined4 param_1\, undefined4 param_2\, undefined4 param_3\, undefined4 param_4\, undefined4 param_5)","58"
"FUN_005fd3c0","005fd3c0","undefined FUN_005fd3c0(undefined4 param_1)","38"
"FUN_005fd450","005fd450","undefined FUN_005fd450(void)","207"
"FUN_005fd4d0","005fd4d0","undefined FUN_005fd4d0(uint param_1\, int * param_2)","133"
"FUN_005fd6b0","005fd6b0","undefined FUN_005fd6b0(undefined4 * param_1)","320"
"FUN_005fda20","005fda20","undefined FUN_005fda20(undefined4 * param_1)","315"
"FUN_005fdb60","005fdb60","undefined FUN_005fdb60(undefined4 * param_1)","446"
"FUN_005fdd20","005fdd20","undefined FUN_005fdd20(undefined4 * param_1)","79"
"FUN_005fdfd0","005fdfd0","undefined FUN_005fdfd0(int param_1)","115"
"FUN_005fe050","005fe050","undefined FUN_005fe050(int param_1)","118"
"FUN_005fe0d0","005fe0d0","undefined FUN_005fe0d0(int * param_1)","762"
"FUN_005fe3d0","005fe3d0","undefined4 FUN_005fe3d0(void)","6"
"FUN_005fe3f0","005fe3f0","undefined FUN_005fe3f0(void)","96"
"FUN_005fe450","005fe450","undefined FUN_005fe450(void)","1"
"FUN_005fe5a0","005fe5a0","undefined * FUN_005fe5a0(int param_1)","63"
"FUN_005fe5e0","005fe5e0","undefined * FUN_005fe5e0(int param_1)","39"
"FUN_005fe610","005fe610","undefined FUN_005fe610(void)","1"
"FUN_005fe970","005fe970","undefined4 FUN_005fe970(void)","8"
"FUN_005fe9d0","005fe9d0","undefined FUN_005fe9d0(float * param_1\, float param_2)","219"
"FUN_005feab0","005feab0","undefined FUN_005feab0(uint param_1\, undefined4 param_2\, undefined4 param_3\, undefined4 param_4)","27"
"FUN_005fecb0","005fecb0","undefined FUN_005fecb0(void)","1"
"FUN_005fed10","005fed10","undefined FUN_005fed10(int param_1)","353"
"FUN_005fee80","005fee80","undefined FUN_005fee80(float * param_1\, undefined4 param_2\, undefined2 param_3)","104"
"thunk_FUN_005f74a0","005feef0","thunk undefined thunk_FUN_005f74a0(void)","5"
"FUN_005fef60","005fef60","undefined FUN_005fef60(void)","1"
"FUN_005ff080","005ff080","undefined FUN_005ff080(void)","115"
"FUN_005ff2d0","005ff2d0","undefined FUN_005ff2d0(void)","189"
"FUN_005ff390","005ff390","undefined FUN_005ff390(void)","715"
"FUN_005ff660","005ff660","undefined FUN_005ff660(float param_1\, float param_2\, float param_3\, float param_4\, float param_5\, float param_6\, float param_7\, float param_8)","227"
"FUN_005ff760","005ff760","ulonglong FUN_005ff760(void)","47"
"FUN_005ff7a0","005ff7a0","int FUN_005ff7a0(int * param_1\, float * param_2\, float param_3)","122"
"FUN_005ff820","005ff820","undefined4 FUN_005ff820(void)","3"
"FUN_005ff830","005ff830","undefined FUN_005ff830(void)","1"
"FUN_005ff840","005ff840","undefined4 FUN_005ff840(undefined4 * param_1\, undefined4 * param_2)","861"
"FUN_005ffba0","005ffba0","undefined FUN_005ffba0(void)","108"
"_debris_ReleaseD3D","005ffc10","undefined _debris_ReleaseD3D(void)","28"
"FUN_005ffc30","005ffc30","undefined FUN_005ffc30(void)","78"
"FUN_005ffc80","005ffc80","undefined4 FUN_005ffc80(void)","185"
"FUN_005ffd40","005ffd40","undefined FUN_005ffd40(undefined4 param_1)","10"
"FUN_005ffdc0","005ffdc0","undefined FUN_005ffdc0(undefined1 * param_1\, int * param_2)","173"
"thunk_FUN_005ffdc0","005ffe70","thunk undefined thunk_FUN_005ffdc0(undefined1 * param_1\, int * param_2)","5"
"FUN_005ffe80","005ffe80","uint FUN_005ffe80(int param_1\, undefined4 * param_2)","21"
"FUN_005ffea0","005ffea0","undefined FUN_005ffea0(int param_1\, int param_2)","53"
"FUN_005ffee0","005ffee0","undefined FUN_005ffee0(undefined4 param_1\, undefined4 param_2\, float * param_3)","231"
"FUN_005fffd0","005fffd0","undefined FUN_005fffd0(undefined4 param_1\, int param_2\, float * param_3\, float param_4\, float * param_5\, undefined4 param_6\, float param_7\, int param_8)","645"
"FUN_00600260","00600260","undefined FUN_00600260(int param_1)","1855"
"FUN_006009a0","006009a0","undefined FUN_006009a0(void)","24"
"FUN_006009c0","006009c0","undefined FUN_006009c0(void)","24"
"FUN_006009e0","006009e0","undefined FUN_006009e0(float param_1\, float param_2\, undefined4 param_3)","302"
"FUN_00600b10","00600b10","undefined FUN_00600b10(void)","1"
"FUN_00600b20","00600b20","undefined FUN_00600b20(int param_1)","132"
"FUN_00600bb0","00600bb0","undefined FUN_00600bb0(void)","1"
"FUN_00600bc0","00600bc0","undefined FUN_00600bc0(void)","1"
"FUN_00600bd0","00600bd0","undefined FUN_00600bd0(int param_1)","15"
"FUN_00600be0","00600be0","undefined FUN_00600be0(int * param_1\, int param_2)","120"
"FUN_00600c60","00600c60","undefined FUN_00600c60(int param_1)","73"
"FUN_00600cb0","00600cb0","undefined FUN_00600cb0(int param_1)","73"
"FUN_00600d00","00600d00","undefined FUN_00600d00(int param_1\, int * param_2\, int param_3)","530"
"FUN_00600f20","00600f20","undefined FUN_00600f20(int param_1\, int param_2)","270"
"FUN_00601030","00601030","undefined FUN_00601030(int param_1)","471"
"FUN_00601210","00601210","undefined FUN_00601210(int param_1\, int param_2\, undefined4 param_3\, undefined4 param_4)","31"
"FUN_00601230","00601230","undefined FUN_00601230(int param_1\, undefined4 * param_2)","104"
"FUN_006012a0","006012a0","undefined FUN_006012a0(float param_1)","129"
"FUN_00601330","00601330","undefined FUN_00601330(float param_1)","44"
"FUN_00601360","00601360","undefined FUN_00601360(int param_1)","590"
"FUN_00601630","00601630","undefined FUN_00601630(ushort * param_1\, undefined4 * param_2)","305"
"FUN_006017c0","006017c0","undefined FUN_006017c0(void)","1"
"FUN_006018c0","006018c0","undefined FUN_006018c0(undefined1 param_1\, float param_2\, undefined4 param_3\, undefined4 param_4\, float * param_5\, float * param_6\, undefined4 param_7\, float param_8\, undefined4 param_9)","283"
"FUN_00601a30","00601a30","undefined FUN_00601a30(void)","469"
"FUN_00601de0","00601de0","undefined4 FUN_00601de0(void)","3"
"FUN_00601df0","00601df0","undefined FUN_00601df0(int param_1)","19"
"FUN_00601e20","00601e20","int FUN_00601e20(undefined4 param_1\, undefined4 param_2\, uint param_3)","1344"
"FUN_00602370","00602370","undefined FUN_00602370(int param_1)","63"
"FUN_006023b0","006023b0","undefined FUN_006023b0(int * param_1)","205"
"FUN_00602480","00602480","undefined FUN_00602480(int * param_1)","205"
"FUN_00602550","00602550","undefined FUN_00602550(int param_1)","323"
"FUN_006026a0","006026a0","undefined FUN_006026a0(int param_1)","341"
"FUN_00602840","00602840","undefined FUN_00602840(void)","101"
"FUN_006028b0","006028b0","undefined FUN_006028b0(void)","120"
"_NuSceneSetConvParams","00602930","undefined _NuSceneSetConvParams(void)","1"
"FUN_00602a10","00602a10","int * FUN_00602a10(int * param_1\, undefined4 param_2)","126"
"FUN_00602a90","00602a90","int * FUN_00602a90(int * param_1)","712"
"FUN_00602d90","00602d90","int * FUN_00602d90(int * param_1)","69"
"FUN_00603290","00603290","undefined FUN_00603290(undefined4 param_1\, undefined4 param_2\, float param_3\, float param_4\, int param_5)","189"
"FUN_00603350","00603350","undefined FUN_00603350(uint * param_1\, undefined4 param_2)","127"
"FUN_006033d0","006033d0","undefined FUN_006033d0(byte * param_1)","20"
"FUN_00603430","00603430","undefined4 FUN_00603430(void)","3"
"FUN_00603440","00603440","undefined FUN_00603440(undefined1 * param_1)","16"
"FUN_00603450","00603450","undefined FUN_00603450(undefined1 * param_1)","16"
"FUN_00603460","00603460","undefined FUN_00603460(undefined1 * param_1\, undefined4 param_2)","19"
"FUN_00603480","00603480","undefined FUN_00603480(undefined1 * param_1)","16"
"FUN_00603490","00603490","undefined FUN_00603490(undefined1 * param_1)","16"
"FUN_006034a0","006034a0","undefined FUN_006034a0(void)","1"
"FUN_006034b0","006034b0","uint FUN_006034b0(int param_1\, undefined1 param_2\, int param_3)","117"
"FUN_00603530","00603530","undefined FUN_00603530(int param_1\, int param_2)","79"
"FUN_00603580","00603580","undefined4 FUN_00603580(int * param_1)","142"
"FUN_00603610","00603610","undefined4 * FUN_00603610(int * param_1\, undefined4 * param_2\, undefined4 param_3\, int * param_4)","231"
"FUN_00603710","00603710","undefined FUN_00603710(uint * param_1\, int param_2\, int param_3\, float * param_4\, uint * param_5)","472"
"FUN_00603910","00603910","undefined FUN_00603910(void)","1"
"FUN_00603920","00603920","undefined FUN_00603920(void)","1"
"FUN_00603960","00603960","undefined FUN_00603960(void)","1"
"FUN_00603970","00603970","undefined4 FUN_00603970(undefined4 param_1\, undefined4 param_2)","5"
"FUN_00603980","00603980","undefined FUN_00603980(int param_1)","42"
"FUN_006039b0","006039b0","undefined FUN_006039b0(void)","1"
"FUN_006039d0","006039d0","undefined FUN_006039d0(int param_1\, int param_2\, int * param_3)","58"
"thunk_FUN_005f7490","00603a10","thunk undefined thunk_FUN_005f7490(void)","5"
"FUN_00603aa0","00603aa0","undefined FUN_00603aa0(int param_1)","41"
"FUN_00603ad0","00603ad0","undefined FUN_00603ad0(int param_1\, undefined4 param_2\, float param_3)","63"
"FUN_00603b10","00603b10","undefined FUN_00603b10(int param_1\, undefined4 param_2\, int param_3)","15"
"FUN_00603cc0","00603cc0","undefined FUN_00603cc0(undefined4 param_1\, undefined4 param_2\, undefined4 * param_3)","91"
"FUN_00603d20","00603d20","undefined FUN_00603d20(undefined4 param_1\, undefined4 param_2\, undefined4 * param_3\, undefined4 param_4\, undefined4 param_5\, undefined4 param_6\, undefined4 param_7\, undefined4 param_8)","170"
"FUN_00603f10","00603f10","undefined FUN_00603f10(float * param_1\, float * param_2\, float * param_3\, int param_4)","497"
"FUN_00604110","00604110","undefined FUN_00604110(float * param_1\, float * param_2\, float * param_3\, int param_4\, uint * param_5)","456"
"FUN_006042e0","006042e0","undefined FUN_006042e0(float * param_1\, undefined4 * param_2\, float * param_3\, float param_4\, int param_5)","1608"
"FUN_00604a80","00604a80","undefined FUN_00604a80(undefined4 param_1\, undefined4 param_2\, float * param_3\, undefined4 param_4\, float param_5\, float param_6\, float param_7)","200"
"FUN_00604c00","00604c00","undefined FUN_00604c00(int param_1\, float * param_2\, int param_3\, int param_4)","70"
"FUN_00604c50","00604c50","int FUN_00604c50(int param_1\, byte param_2)","49"
"FUN_00604e20","00604e20","uint FUN_00604e20(int * param_1)","37"
"FUN_00604e50","00604e50","undefined4 FUN_00604e50(void * this\, int * param_1)","41"
"FUN_00604e80","00604e80","uint FUN_00604e80(int * param_1)","37"
"FUN_00604eb0","00604eb0","undefined4 FUN_00604eb0(void * this\, int * param_1)","41"
"FUN_00604f60","00604f60","int * FUN_00604f60(int * param_1)","36"
"FUN_00604f90","00604f90","int * FUN_00604f90(int * param_1)","36"
"FUN_00605000","00605000","int FUN_00605000(void * this\, int * param_1)","37"
"FUN_00605030","00605030","int FUN_00605030(void * this\, int * param_1)","37"
"FUN_00605090","00605090","int * FUN_00605090(void * this\, int param_1)","56"
"FUN_006050d0","006050d0","int * FUN_006050d0(void * this\, int param_1)","56"
"FUN_006051c0","006051c0","undefined FUN_006051c0(char * param_1)","91"
"FUN_00605220","00605220","undefined FUN_00605220(char * param_1)","91"
"FUN_00605280","00605280","undefined FUN_00605280(char * param_1)","84"
"FUN_00605660","00605660","undefined FUN_00605660(void)","65"
"FUN_006056f0","006056f0","int * FUN_006056f0(undefined2 param_1\, undefined2 param_2\, undefined2 param_3\, uint param_4\, int param_5)","112"
"FUN_006057c0","006057c0","undefined4 FUN_006057c0(int param_1)","55"
"FUN_00605800","00605800","int * FUN_00605800(uint param_1\, undefined2 param_2)","138"
"FUN_00605890","00605890","int * FUN_00605890(uint param_1\, undefined2 param_2\, int param_3)","123"
"FUN_006059c0","006059c0","undefined FUN_006059c0(void)","66"
"FUN_00605a10","00605a10","undefined * FUN_00605a10(void)","190"
"FUN_00605ad0","00605ad0","undefined FUN_00605ad0(undefined * param_1)","141"
"FUN_00605b60","00605b60","undefined FUN_00605b60(int param_1\, int param_2\, undefined4 * param_3\, uint param_4)","50"
"_PCFramebufferReleaseVideoResources","00605bd0","undefined _PCFramebufferReleaseVideoResources(void)","240"
"FUN_00605cc0","00605cc0","undefined FUN_00605cc0(void)","132"
"FUN_00605d50","00605d50","undefined FUN_00605d50(void)","263"
"FUN_00605e60","00605e60","undefined FUN_00605e60(int * param_1)","133"
"FUN_00605ef0","00605ef0","undefined FUN_00605ef0(uint param_1\, uint param_2)","241"
"FUN_00605ff0","00605ff0","undefined FUN_00605ff0(int * param_1\, uint param_2\, int * param_3\, int param_4\, int param_5\, int param_6\, char param_7\, float param_8\, int * param_9)","2387"
"FUN_00606950","00606950","undefined FUN_00606950(int param_1)","25"
"FUN_006069a0","006069a0","int * FUN_006069a0(int * param_1)","120"
"FUN_00606a20","00606a20","undefined FUN_00606a20(int * param_1)","25"
"FUN_00606a40","00606a40","undefined FUN_00606a40(void * param_1)","723"
"FUN_00606d20","00606d20","uint FUN_00606d20(int param_1\, int param_2\, int * param_3)","2064"
"FUN_00607530","00607530","undefined4 FUN_00607530(undefined4 * param_1)","96"
"FUN_00607590","00607590","undefined FUN_00607590(int param_1\, int param_2)","649"
"FUN_00607820","00607820","undefined FUN_00607820(int param_1\, int param_2)","86"
"FUN_00607a90","00607a90","undefined FUN_00607a90(int * param_1)","167"
"FUN_00607ba0","00607ba0","undefined FUN_00607ba0(uint param_1\, int * param_2)","32"
"FUN_00607bc0","00607bc0","undefined FUN_00607bc0(void)","151"
"FUN_00607c60","00607c60","undefined FUN_00607c60(int * param_1)","70"
"FUN_00607cb0","00607cb0","undefined FUN_00607cb0(int param_1)","178"
"FUN_00607d70","00607d70","undefined FUN_00607d70(undefined4 param_1\, undefined4 param_2\, int param_3)","331"
"FUN_00607ec0","00607ec0","undefined FUN_00607ec0(undefined4 param_1\, undefined4 param_2\, int param_3)","319"
"FUN_006083d0","006083d0","undefined FUN_006083d0(int param_1)","130"
"FUN_00608590","00608590","undefined FUN_00608590(int param_1)","2766"
"FUN_00609060","00609060","undefined FUN_00609060(void)","206"
"FUN_00609130","00609130","undefined FUN_00609130(undefined4 param_1\, undefined4 param_2\, undefined4 param_3\, undefined4 param_4\, undefined4 param_5)","50"
"FUN_006091c0","006091c0","undefined FUN_006091c0(int param_1)","2506"
"FUN_00609b90","00609b90","undefined FUN_00609b90(int param_1)","96"
"FUN_00609cb0","00609cb0","uint FUN_00609cb0(int * param_1)","37"
"FUN_00609ce0","00609ce0","undefined4 FUN_00609ce0(void * this\, int * param_1)","41"
"FUN_00609d10","00609d10","uint FUN_00609d10(int * param_1)","37"
"FUN_00609d40","00609d40","undefined4 FUN_00609d40(void * this\, int * param_1)","41"
"FUN_00609da0","00609da0","int * FUN_00609da0(int * param_1)","36"
"FUN_00609dd0","00609dd0","int * FUN_00609dd0(int * param_1)","36"
"FUN_00609e80","00609e80","int FUN_00609e80(void * this\, int * param_1)","37"
"FUN_00609ef0","00609ef0","int FUN_00609ef0(void * this\, int * param_1)","37"
"FUN_00609f70","00609f70","int * FUN_00609f70(void * this\, int param_1)","56"
"FUN_00609fb0","00609fb0","int * FUN_00609fb0(void * this\, int param_1)","56"
"FUN_00609ff0","00609ff0","undefined FUN_00609ff0(char * param_1)","18"
"FUN_0060a010","0060a010","undefined FUN_0060a010(void * this\, int param_1)","63"
"FUN_0060a0b0","0060a0b0","int FUN_0060a0b0(int param_1)","149"
"FUN_0060a150","0060a150","int FUN_0060a150(int param_1)","146"
"FUN_0060a210","0060a210","undefined FUN_0060a210(undefined4 * param_1\, undefined4 * param_2)","25"
"FUN_0060a240","0060a240","undefined FUN_0060a240(undefined4 * param_1\, undefined4 * param_2)","25"
"FUN_0060a2f0","0060a2f0","undefined4 * FUN_0060a2f0(undefined4 * param_1\, undefined4 * param_2\, undefined4 * param_3)","119"
"FUN_0060a380","0060a380","undefined4 * FUN_0060a380(undefined4 * param_1\, undefined4 * param_2\, undefined4 * param_3)","119"
"FUN_0060a410","0060a410","undefined FUN_0060a410(void)","220"
"FUN_0060a580","0060a580","undefined FUN_0060a580(int param_1)","112"
"FUN_0060a5f0","0060a5f0","undefined FUN_0060a5f0(byte param_1)","425"
"FUN_0060a7a0","0060a7a0","undefined FUN_0060a7a0(int param_1\, undefined4 * param_2\, uint param_3\, undefined4 param_4\, undefined4 param_5\, int param_6\, int param_7)","137"
"FUN_0060a830","0060a830","undefined FUN_0060a830(int * param_1\, uint param_2\, int * param_3\, int param_4\, int param_5\, int param_6\, char param_7\, float param_8\, int * param_9)","121"
"FUN_0060a8b0","0060a8b0","undefined4 * FUN_0060a8b0(undefined4 * param_1)","39"
"FUN_0060a8e0","0060a8e0","undefined FUN_0060a8e0(undefined4 * param_1)","41"
"FUN_0060a910","0060a910","undefined FUN_0060a910(int param_1)","1645"
"FUN_0060af80","0060af80","undefined FUN_0060af80(int param_1)","100"
"FUN_0060aff0","0060aff0","undefined4 FUN_0060aff0(void)","1460"
"FUN_0060b5b0","0060b5b0","undefined FUN_0060b5b0(undefined4 param_1\, undefined * param_2)","24"
"FUN_0060b5d0","0060b5d0","undefined FUN_0060b5d0(int param_1\, int param_2\, int param_3\, float param_4\, float * param_5\, int param_6)","1360"
"FUN_0060bb20","0060bb20","undefined FUN_0060bb20(int * param_1)","78"
"FUN_0060bb70","0060bb70","int * FUN_0060bb70(void * this\, int * param_1)","53"
"FUN_0060bbb0","0060bbb0","int * FUN_0060bbb0(void * this\, int * param_1)","53"
"FUN_0060bcc0","0060bcc0","int FUN_0060bcc0(void * this\, undefined4 * param_1\, uint param_2)","131"
"FUN_0060bdd0","0060bdd0","undefined FUN_0060bdd0(void * this\, uint param_1\, rsize_t param_2)","236"
"FUN_0060bf40","0060bf40","undefined FUN_0060bf40(undefined4 * param_1\, undefined4 * param_2\, undefined4 * param_3)","36"
"FUN_0060bf70","0060bf70","undefined FUN_0060bf70(undefined4 * param_1\, undefined4 * param_2\, undefined4 * param_3)","36"
"FUN_0060bfa0","0060bfa0","undefined FUN_0060bfa0(undefined4 * param_1\, int param_2\, undefined4 * param_3)","119"
"FUN_0060c030","0060c030","undefined FUN_0060c030(undefined4 * param_1\, int param_2\, undefined4 * param_3)","119"
"FUN_0060c1c0","0060c1c0","uint FUN_0060c1c0(uint * param_1)","147"
"FUN_0060c260","0060c260","undefined FUN_0060c260(undefined4 * param_1\, int param_2)","126"
"FUN_0060c2e0","0060c2e0","undefined FUN_0060c2e0(undefined4 * param_1\, uint param_2\, int * param_3\, uint param_4\, int param_5\, int * param_6)","219"
"FUN_0060c3c0","0060c3c0","undefined4 * FUN_0060c3c0(void * this\, byte param_1)","61"
"FUN_0060c410","0060c410","undefined FUN_0060c410(char * param_1\, int param_2\, int param_3\, float param_4\, float * param_5\, int param_6)","695"
"FUN_0060c6e0","0060c6e0","undefined FUN_0060c6e0(void)","117"
"FUN_0060c760","0060c760","undefined FUN_0060c760(int param_1)","38"
"FUN_0060c790","0060c790","int * FUN_0060c790(void * this\, int * param_1)","41"
"FUN_0060c7c0","0060c7c0","int * FUN_0060c7c0(void * this\, int * param_1)","41"
"FUN_0060c7f0","0060c7f0","int * FUN_0060c7f0(void * this\, int * param_1)","41"
"FUN_0060c820","0060c820","int * FUN_0060c820(void * this\, int * param_1)","41"
"FUN_0060c980","0060c980","int FUN_0060c980(int param_1\, int param_2\, int param_3)","62"
"FUN_0060c9d0","0060c9d0","int FUN_0060c9d0(int param_1\, int param_2\, int param_3)","62"
"FUN_0060ca50","0060ca50","undefined FUN_0060ca50(exception * param_1)","50"
"FUN_0060cab0","0060cab0","exception * FUN_0060cab0(void * this\, byte param_1)","71"
"FUN_0060cb00","0060cb00","undefined FUN_0060cb00(void)","35"
"FUN_0060cb30","0060cb30","void * FUN_0060cb30(void * this\, void * param_1\, uint param_2\, uint param_3)","218"
"FUN_0060cc10","0060cc10","undefined4 * FUN_0060cc10(undefined4 * param_1\, int param_2\, undefined4 * param_3)","51"
"FUN_0060cc50","0060cc50","undefined4 * FUN_0060cc50(undefined4 * param_1\, int param_2\, undefined4 * param_3)","51"
"FUN_0060ccb0","0060ccb0","void * FUN_0060ccb0(void * this\, undefined4 * param_1\, uint param_2)","193"
"FUN_0060ce10","0060ce10","undefined FUN_0060ce10(int param_1)","42"
"FUN_0060ce40","0060ce40","undefined FUN_0060ce40(int param_1)","42"
"FUN_0060cea0","0060cea0","undefined FUN_0060cea0(undefined4 * param_1\, undefined4 * param_2\, undefined4 * param_3)","41"
"FUN_0060ced0","0060ced0","undefined FUN_0060ced0(undefined4 * param_1\, undefined4 * param_2\, undefined4 * param_3)","41"
"FUN_0060cf00","0060cf00","undefined4 * FUN_0060cf00(void * this\, undefined4 param_1)","51"
"FUN_0060cf40","0060cf40","undefined4 * FUN_0060cf40(void * this\, void * param_1)","57"
"FUN_0060cf80","0060cf80","undefined FUN_0060cf80(exception * param_1)","50"
"FUN_0060cfc0","0060cfc0","exception * FUN_0060cfc0(void * this\, byte param_1)","71"
"FUN_0060d010","0060d010","undefined FUN_0060d010(int param_1)","42"
"FUN_0060d040","0060d040","undefined FUN_0060d040(int param_1)","42"
"FUN_0060d070","0060d070","int FUN_0060d070(void * this\, char * param_1)","59"
"FUN_0060d0b0","0060d0b0","exception * FUN_0060d0b0(void)","169"
"FUN_0060d1a0","0060d1a0","undefined4 FUN_0060d1a0(void)","184"
"FUN_0060d2b0","0060d2b0","undefined FUN_0060d2b0(void * this\, undefined4 param_1\, undefined4 * param_2\, uint param_3\, undefined4 * param_4)","566"
"FUN_0060d500","0060d500","undefined FUN_0060d500(void * this\, undefined4 param_1\, undefined4 * param_2\, uint param_3\, undefined4 * param_4)","566"
"FUN_0060d770","0060d770","undefined FUN_0060d770(void * this\, undefined4 * param_1\, void * param_2\, undefined4 * param_3\, undefined4 * param_4)","137"
"FUN_0060d800","0060d800","undefined FUN_0060d800(void * this\, undefined4 * param_1\, void * param_2\, undefined4 * param_3\, undefined4 * param_4)","137"
"FUN_0060d890","0060d890","undefined FUN_0060d890(void * this\, undefined4 * param_1)","130"
"FUN_0060d920","0060d920","undefined FUN_0060d920(void * this\, undefined4 * param_1)","130"
"FUN_0060d9b0","0060d9b0","int * FUN_0060d9b0(undefined4 param_1\, int param_2\, int param_3)","399"
"FUN_0060db40","0060db40","undefined FUN_0060db40(void)","146"
"FUN_0060dbe0","0060dbe0","undefined FUN_0060dbe0(int param_1)","281"
"FUN_0060dd00","0060dd00","undefined FUN_0060dd00(int * param_1)","93"
"FUN_0060dd60","0060dd60","undefined FUN_0060dd60(int param_1)","81"
"FUN_0060ddc0","0060ddc0","undefined FUN_0060ddc0(void)","265"
"thunk_FUN_0060ddc0","0060ded0","thunk undefined thunk_FUN_0060ddc0(void)","5"
"FUN_0060df50","0060df50","undefined FUN_0060df50(void * this\, undefined4 param_1)","89"
"FUN_0060e120","0060e120","undefined4 * FUN_0060e120(void * this\, undefined4 param_1\, undefined1 param_2\, char * param_3)","84"
"FUN_0060e1b0","0060e1b0","undefined FUN_0060e1b0(void * this\, undefined4 param_1\, undefined1 param_2\, char * param_3)","146"
"FUN_0060e250","0060e250","undefined FUN_0060e250(void * this\, int param_1\, char param_2)","202"
"FUN_0060e390","0060e390","undefined FUN_0060e390(void * this\, undefined4 param_1\, undefined4 param_2)","42"
"FUN_0060e450","0060e450","undefined FUN_0060e450(void * this\, undefined4 param_1\, undefined4 param_2)","42"
"FUN_0060e480","0060e480","undefined4 FUN_0060e480(void * this\, undefined4 param_1\, undefined4 param_2)","57"
"FUN_0060e4c0","0060e4c0","undefined FUN_0060e4c0(void * this\, undefined4 param_1\, undefined4 param_2)","42"
"FUN_0060e4f0","0060e4f0","undefined FUN_0060e4f0(int param_1)","26"
"FUN_0060e510","0060e510","undefined FUN_0060e510(void * this\, undefined4 * param_1\, undefined4 param_2\, undefined4 param_3)","118"
"FUN_0060e590","0060e590","undefined FUN_0060e590(void * this\, undefined4 param_1\, int param_2\, int param_3\, int param_4\, char param_5)","92"
"FUN_0060e780","0060e780","undefined FUN_0060e780(int param_1)","175"
"FUN_0060e8b0","0060e8b0","undefined FUN_0060e8b0(int param_1)","79"
"FUN_0060e900","0060e900","undefined FUN_0060e900(void * this\, int param_1)","159"
"FUN_0060e9e0","0060e9e0","undefined4 FUN_0060e9e0(int * param_1)","124"
"FUN_0060ead0","0060ead0","undefined FUN_0060ead0(int param_1)","59"
"FUN_0060eb10","0060eb10","undefined FUN_0060eb10(int param_1)","290"
"FUN_0060ec90","0060ec90","undefined4 * FUN_0060ec90(undefined4 * param_1)","156"
"FUN_0060edd0","0060edd0","undefined FUN_0060edd0(undefined4 * param_1)","65"
"FUN_0060ee20","0060ee20","undefined4 * FUN_0060ee20(void * this\, byte param_1)","85"
"FUN_0060ee80","0060ee80","undefined FUN_0060ee80(int param_1)","144"
"FUN_0060ef10","0060ef10","undefined FUN_0060ef10(void * this\, undefined4 param_1\, int param_2\, int param_3\, int param_4\, undefined4 param_5\, int * param_6)","180"
"FUN_0060efd0","0060efd0","undefined FUN_0060efd0(void * this\, undefined4 param_1\, int param_2\, int param_3\, int param_4\, undefined4 param_5\, int * param_6\, undefined4 param_7\, undefined4 param_8)","190"
"FUN_0060f090","0060f090","undefined FUN_0060f090(void * this\, undefined4 param_1\, int param_2\, int param_3\, int param_4\, undefined4 param_5)","253"
"FUN_0060f190","0060f190","undefined FUN_0060f190(void * this\, undefined4 param_1\, int param_2\, int param_3\, int param_4\, undefined4 param_5)","257"
"FUN_0060f2d0","0060f2d0","undefined FUN_0060f2d0(void)","13"
"FUN_0060f4b0","0060f4b0","undefined FUN_0060f4b0(undefined4 * param_1)","14"
"FUN_0060f4c0","0060f4c0","undefined FUN_0060f4c0(void * this\, int * param_1)","31"
"FUN_0060f500","0060f500","undefined FUN_0060f500(void * this\, uint * param_1)","72"
"FUN_0060f550","0060f550","undefined FUN_0060f550(int param_1)","134"
"FUN_00610080","00610080","uint FUN_00610080(undefined4 * param_1\, int param_2\, int param_3\, byte * param_4)","65"
"FUN_00610180","00610180","undefined FUN_00610180(int param_1)","104"
"FUN_006104e0","006104e0","void * FUN_006104e0(void * this\, uint param_1\, int param_2\, int param_3)","92"
"FUN_006105b0","006105b0","undefined FUN_006105b0(void)","211"
"FUN_00610690","00610690","int FUN_00610690(byte * param_1\, uint param_2\, char * param_3)","907"
"FUN_00610ae0","00610ae0","uint FUN_00610ae0(void * this\, undefined1 * param_1\, uint param_2\, undefined4 param_3)","264"
"FUN_00610c10","00610c10","undefined FUN_00610c10(void * this\, undefined1 * param_1\, int param_2)","72"
"FUN_00610c60","00610c60","undefined FUN_00610c60(void * this\, undefined4 param_1)","150"
"FUN_00611120","00611120","undefined4 * FUN_00611120(void * this\, byte param_1)","48"
"FUN_00611150","00611150","undefined4 * FUN_00611150(void * this\, undefined4 param_1\, int param_2)","62"
"FUN_00611190","00611190","undefined4 * FUN_00611190(void * this\, undefined4 * param_1)","69"
"FUN_006111e0","006111e0","undefined4 * FUN_006111e0(undefined4 * param_1)","165"
"FUN_00611290","00611290","int FUN_00611290(void * this\, int param_1)","490"
"FUN_00611480","00611480","int FUN_00611480(void * this\, undefined1 * param_1\, int param_2\, undefined4 * param_3)","432"
"FUN_00611630","00611630","undefined FUN_00611630(void * param_1)","601"
"FUN_00611890","00611890","undefined FUN_00611890(void)","1"
"FUN_006118f0","006118f0","undefined FUN_006118f0(void)","1"
"FUN_00611940","00611940","undefined4 * FUN_00611940(undefined4 * param_1)","25"
"FUN_00611970","00611970","undefined4 * FUN_00611970(undefined4 * param_1)","25"
"FUN_00611a70","00611a70","undefined4 * FUN_00611a70(undefined4 * param_1)","32"
"FUN_00611af0","00611af0","undefined4 * FUN_00611af0(undefined4 * param_1)","25"
"FUN_00611cc0","00611cc0","uint FUN_00611cc0(void * this\, byte * param_1)","150"
"FUN_00611e00","00611e00","undefined FUN_00611e00(void * this\, ushort param_1\, undefined4 param_2\, int param_3\, undefined4 param_4\, ushort param_5)","83"
"FUN_00611e60","00611e60","undefined FUN_00611e60(undefined2 * param_1)","68"
"FUN_00612160","00612160","undefined4 FUN_00612160(void * this\, undefined4 param_1\, undefined4 param_2\, int param_3\, float * param_4\, int param_5)","93"
"FUN_006125d0","006125d0","undefined FUN_006125d0(void * this)","271"
"FUN_00612730","00612730","undefined FUN_00612730(undefined4 * param_1)","24"
"FUN_00612750","00612750","undefined FUN_00612750(int param_1)","111"
"FUN_00612910","00612910","bool FUN_00612910(void * this\, int param_1)","58"
"FUN_00612950","00612950","bool FUN_00612950(void * this\, int param_1)","59"
"FUN_00612a50","00612a50","undefined4 FUN_00612a50(int param_1)","112"
"FUN_00612ac0","00612ac0","undefined FUN_00612ac0(void * this\, int param_1)","78"
"FUN_00612b10","00612b10","undefined FUN_00612b10(void * this\, int param_1)","51"
"FUN_00612b60","00612b60","int FUN_00612b60(void * this\, int param_1)","57"
"FUN_00612df0","00612df0","undefined FUN_00612df0(void * this\, undefined4 param_1\, int param_2)","71"
"FUN_006130c0","006130c0","undefined FUN_006130c0(void * this\, undefined1 * param_1)","59"
"FUN_00613100","00613100","undefined FUN_00613100(void * this\, undefined1 * param_1)","59"
"FUN_00613140","00613140","undefined FUN_00613140(void * this\, undefined1 * param_1)","55"
"FUN_00613180","00613180","undefined FUN_00613180(void * this\, undefined1 * param_1)","39"
"FUN_006131b0","006131b0","undefined FUN_006131b0(void * this\, undefined1 * param_1)","55"
"FUN_006137a0","006137a0","undefined4 FUN_006137a0(void * this\, undefined4 param_1\, undefined4 param_2\, undefined4 * param_3\, int param_4)","225"
"FUN_00613890","00613890","undefined FUN_00613890(void * this\, int * param_1\, undefined4 param_2\, int param_3\, int param_4\, int param_5\, int * param_6\, undefined4 param_7)","678"
"FUN_00613b40","00613b40","undefined FUN_00613b40(void * this\, int param_1\, undefined4 param_2\, undefined4 param_3\, undefined4 param_4\, undefined4 param_5)","614"
"FUN_00613dd0","00613dd0","undefined FUN_00613dd0(int param_1)","14"
"FUN_00613de0","00613de0","undefined FUN_00613de0(void * this\, int * param_1\, undefined4 param_2)","340"
"FUN_00613f40","00613f40","undefined FUN_00613f40(void * this\, int * param_1)","477"
"FUN_00614120","00614120","undefined FUN_00614120(void * this\, int * param_1\, int param_2)","132"
"FUN_006141b0","006141b0","undefined FUN_006141b0(void * this\, int * param_1)","210"
"FUN_00614290","00614290","undefined FUN_00614290(void * this\, int param_1)","91"
"FUN_006142f0","006142f0","undefined FUN_006142f0(void * this\, int * param_1\, undefined4 param_2)","352"
"FUN_00614450","00614450","undefined FUN_00614450(void * this\, int * param_1)","155"
"FUN_006144f0","006144f0","undefined FUN_006144f0(void * this\, int * param_1\, int param_2)","328"
"FUN_00614640","00614640","undefined4 FUN_00614640(void * this\, int * param_1)","365"
"FUN_00614820","00614820","undefined FUN_00614820(undefined4 * param_1)","93"
"FUN_006148b0","006148b0","undefined4 FUN_006148b0(void * this\, int param_1\, undefined4 param_2\, int param_3\, int param_4\, int param_5\, int * param_6)","381"
"FUN_00614a30","00614a30","undefined4 FUN_00614a30(void * this\, int param_1\, uint param_2\, int param_3\, int param_4\, int param_5\, undefined4 param_6\, int * param_7)","500"
"FUN_00614c30","00614c30","undefined4 FUN_00614c30(void * this\, uint param_1\, int param_2\, int param_3\, int param_4\, int param_5\, undefined4 param_6)","453"
"FUN_00615070","00615070","undefined FUN_00615070(int param_1)","208"
"FUN_00615370","00615370","undefined4 * FUN_00615370(void * this\, byte param_1)","68"
"FUN_006153c0","006153c0","undefined4 FUN_006153c0(void * this\, undefined4 * param_1\, int * param_2\, byte param_3)","299"
"FUN_006154f0","006154f0","undefined FUN_006154f0(int * param_1\, undefined4 param_2\, int * param_3\, int * param_4)","343"
"FUN_00615650","00615650","undefined FUN_00615650(int param_1)","207"
"FUN_00615720","00615720","undefined FUN_00615720(undefined4 param_1\, int * param_2)","206"
"FUN_006157f0","006157f0","undefined FUN_006157f0(void)","197"
"FUN_006158c0","006158c0","undefined FUN_006158c0(void * this\, int param_1\, int * param_2)","447"
"FUN_00615e90","00615e90","int FUN_00615e90(void * this\, int param_1)","167"
"FUN_00615f40","00615f40","int FUN_00615f40(void * this\, int param_1)","167"
"FUN_00615ff0","00615ff0","undefined FUN_00615ff0(int * param_1)","185"
"FUN_006160b0","006160b0","undefined FUN_006160b0(int param_1\, void * param_2)","384"
"FUN_00616230","00616230","undefined4 FUN_00616230(void * this\, ushort * param_1\, int * param_2\, undefined4 param_3\, void * param_4)","521"
"FUN_00616440","00616440","undefined FUN_00616440(void * this\, int * param_1\, int * param_2)","196"
"FUN_00616510","00616510","undefined FUN_00616510(void * this\, int * param_1)","215"
"FUN_00616a80","00616a80","int FUN_00616a80(void * this\, int param_1\, int param_2\, int param_3)","203"
"FUN_00616b50","00616b50","undefined4 FUN_00616b50(void * this\, ushort * param_1\, void * param_2\, int param_3)","386"
"FUN_00616ce0","00616ce0","undefined FUN_00616ce0(void * param_1\, void * param_2)","868"
"FUN_00617080","00617080","undefined FUN_00617080(void * param_1)","218"
"FUN_00617180","00617180","undefined4 FUN_00617180(void * this\, byte * param_1)","143"
"FUN_00617270","00617270","undefined FUN_00617270(undefined4 param_1)","19"
"FUN_006172d0","006172d0","undefined FUN_006172d0(void)","1"
"FUN_006174d0","006174d0","void * FUN_006174d0(void * this\, byte * param_1\, byte * param_2\, int param_3)","111"
"FUN_00617540","00617540","void * FUN_00617540(void * this\, byte * param_1\, byte * param_2\, int param_3)","111"
"FUN_006175e0","006175e0","undefined FUN_006175e0(void * this\, int param_1)","80"
"FUN_00617660","00617660","undefined FUN_00617660(int param_1)","108"
"FUN_00617700","00617700","void * FUN_00617700(void * this\, byte param_1)","67"
"FUN_00617790","00617790","undefined FUN_00617790(int * param_1)","85"
"FUN_006177f0","006177f0","undefined FUN_006177f0(int param_1)","108"
"FUN_006178f0","006178f0","undefined FUN_006178f0(undefined4 * param_1)","51"
"FUN_00617930","00617930","undefined FUN_00617930(undefined4 * param_1)","25"
"FUN_00617950","00617950","undefined FUN_00617950(int param_1)","23"
"FUN_00617970","00617970","undefined4 * FUN_00617970(void * this\, byte param_1)","45"
"FUN_006179c0","006179c0","int FUN_006179c0(void)","61"
"FUN_00617a00","00617a00","undefined4 FUN_00617a00(void)","6"
"FUN_00617a10","00617a10","undefined FUN_00617a10(void)","66"
"FUN_00617a60","00617a60","int FUN_00617a60(byte * param_1\, byte * param_2)","426"
"FUN_00617e20","00617e20","undefined4 FUN_00617e20(void)","6"
"FUN_00617e30","00617e30","undefined FUN_00617e30(int param_1)","19"
"FUN_00617e70","00617e70","undefined4 FUN_00617e70(void)","6"
"FUN_00617f80","00617f80","undefined4 FUN_00617f80(void)","6"
"FUN_00618000","00618000","undefined FUN_00618000(float * param_1\, float * param_2\, float param_3\, float param_4\, float param_5\, float * param_6)","378"
"FUN_00618180","00618180","undefined FUN_00618180(undefined4 param_1\, undefined4 param_2\, float param_3\, float param_4\, float param_5\, float * param_6)","303"
"FUN_00618310","00618310","undefined FUN_00618310(void * this\, int param_1\, int param_2\, char * param_3)","197"
"FUN_006183e0","006183e0","undefined FUN_006183e0(undefined4 param_1\, undefined4 param_2\, int param_3\, undefined4 param_4\, undefined4 param_5\, char * param_6)","57"
"FUN_00618420","00618420","undefined FUN_00618420(void * this\, int param_1\, int param_2\, int param_3\, int param_4\, char * param_5)","290"
"FUN_00618550","00618550","undefined FUN_00618550(undefined4 param_1\, undefined4 param_2\, int param_3\, undefined4 param_4\, undefined4 param_5\, int param_6\, undefined4 param_7\, undefined4 param_8\, char * param_9)","365"
"FUN_00618720","00618720","undefined FUN_00618720(undefined4 param_1\, undefined4 param_2)","80"
"FUN_006187a0","006187a0","undefined FUN_006187a0(undefined4 param_1\, undefined4 param_2)","80"
"FUN_00618920","00618920","undefined FUN_00618920(undefined4 param_1\, undefined4 param_2\, int param_3\, int param_4\, undefined4 param_5\, int param_6)","148"
"FUN_006189c0","006189c0","undefined FUN_006189c0(int param_1\, undefined4 param_2\, int param_3\, int param_4\, int param_5\, undefined4 param_6\, undefined4 param_7\, uint param_8\, uint param_9\, uint param_10\, uint param_11\, float param_12)","615"
"FUN_00618c30","00618c30","undefined FUN_00618c30(void)","418"
"FUN_00618e10","00618e10","undefined FUN_00618e10(undefined4 * param_1\, undefined4 * param_2)","54"
"FUN_00618e50","00618e50","undefined FUN_00618e50(int * param_1\, int * param_2)","51"
"FUN_00619060","00619060","undefined FUN_00619060(int * param_1)","173"
"FUN_00619130","00619130","undefined FUN_00619130(int * param_1\, int * param_2)","93"
"FUN_00619190","00619190","float10 FUN_00619190(int param_1)","182"
"FUN_00619250","00619250","int * FUN_00619250(int param_1\, int param_2\, int param_3\, int param_4\, int param_5\, int param_6\, char * param_7)","166"
"FUN_00619300","00619300","undefined FUN_00619300(undefined4 * param_1\, undefined4 * param_2)","64"
"FUN_006193e0","006193e0","undefined FUN_006193e0(undefined4 * param_1\, undefined4 * param_2)","79"
"FUN_00619430","00619430","undefined4 FUN_00619430(int param_1\, char * param_2)","139"
"FUN_00619570","00619570","undefined FUN_00619570(void * this\, int param_1\, int param_2\, int param_3)","298"
"FUN_006196a0","006196a0","int FUN_006196a0(undefined4 param_1\, int param_2\, int param_3\, int param_4\, int param_5)","341"
"FUN_00619800","00619800","int FUN_00619800(undefined4 param_1\, float param_2\, float param_3\, int param_4\, int param_5)","563"
"FUN_00619a40","00619a40","int FUN_00619a40(undefined4 param_1\, int param_2\, int param_3\, int param_4\, int param_5)","518"
"FUN_00619c50","00619c50","undefined FUN_00619c50(int param_1\, char * param_2)","135"
"FUN_00619ce0","00619ce0","undefined FUN_00619ce0(void)","35"
"FUN_00619d10","00619d10","undefined FUN_00619d10(void)","43"
"FUN_00619d40","00619d40","undefined FUN_00619d40(void)","46"
"FUN_00619d70","00619d70","undefined FUN_00619d70(void)","53"
"FUN_00619e00","00619e00","undefined FUN_00619e00(void)","86"
"FUN_00619e60","00619e60","undefined FUN_00619e60(undefined1 param_1)","89"
"FUN_00619ee0","00619ee0","undefined FUN_00619ee0(void)","54"
"FUN_00619f20","00619f20","undefined FUN_00619f20(void)","71"
"FUN_00619f70","00619f70","undefined FUN_00619f70(void)","98"
"FUN_00619ff0","00619ff0","undefined FUN_00619ff0(char * param_1\, int param_2\, int param_3\, int param_4\, undefined4 param_5)","287"
"FUN_0061a590","0061a590","undefined FUN_0061a590(int param_1\, float param_2\, float param_3\, float param_4)","209"
"FUN_0061a670","0061a670","undefined FUN_0061a670(undefined4 param_1\, undefined4 param_2\, int param_3\, float param_4\, float param_5\, float param_6)","240"
"FUN_0061a760","0061a760","int * FUN_0061a760(int param_1\, float param_2\, float param_3\, float param_4\, float param_5)","163"
"FUN_0061a810","0061a810","undefined FUN_0061a810(int param_1\, float param_2\, float param_3\, float param_4\, float param_5)","91"
"FUN_0061a870","0061a870","undefined FUN_0061a870(int param_1\, int * param_2)","72"
"FUN_0061a8c0","0061a8c0","undefined FUN_0061a8c0(int param_1\, int param_2\, int param_3)","329"
"FUN_0061aa10","0061aa10","undefined FUN_0061aa10(undefined4 param_1\, int param_2)","104"
"FUN_0061aa80","0061aa80","uint FUN_0061aa80(undefined4 param_1\, int param_2\, int param_3\, int param_4\, int param_5)","685"
"FUN_0061ad60","0061ad60","undefined FUN_0061ad60(int param_1\, float param_2\, float param_3\, float param_4)","69"
"FUN_0061b060","0061b060","undefined4 FUN_0061b060(undefined4 param_1\, int param_2\, undefined4 param_3\, int param_4)","191"
"FUN_0061b120","0061b120","undefined4 FUN_0061b120(float * param_1)","85"
"FUN_0061b180","0061b180","undefined4 FUN_0061b180(float * param_1)","111"
"FUN_0061b1f0","0061b1f0","undefined4 FUN_0061b1f0(float * param_1)","99"
"FUN_0061b470","0061b470","int FUN_0061b470(undefined4 param_1\, float param_2\, int param_3\, int param_4\, int param_5)","1696"
"FUN_0061bb10","0061bb10","uint FUN_0061bb10(undefined4 param_1\, int param_2\, int param_3\, int param_4\, int param_5)","534"
"FUN_0061c030","0061c030","int FUN_0061c030(undefined4 param_1\, float param_2\, int param_3\, int param_4\, int param_5)","1195"
"FUN_0061cb40","0061cb40","undefined FUN_0061cb40(int param_1\, undefined4 param_2\, char * param_3\, int param_4\, int param_5\, undefined4 param_6\, int param_7\, undefined4 param_8)","522"
"FUN_0061cd60","0061cd60","uint FUN_0061cd60(undefined4 param_1\, int param_2\, int param_3\, float param_4\, undefined4 param_5\, int param_6)","2711"
"FUN_0061d810","0061d810","undefined FUN_0061d810(int param_1\, float param_2\, int param_3\, int param_4)","61"
"FUN_0061d850","0061d850","undefined FUN_0061d850(int param_1\, float param_2)","47"
"FUN_0061d880","0061d880","undefined FUN_0061d880(int param_1\, char * param_2)","123"
"FUN_0061d900","0061d900","undefined FUN_0061d900(int param_1\, undefined4 param_2)","12"
"FUN_0061d990","0061d990","undefined4 FUN_0061d990(undefined4 param_1\, undefined4 param_2\, undefined4 param_3\, int param_4\, float param_5\, int param_6)","915"
"FUN_0061e530","0061e530","undefined4 FUN_0061e530(int param_1\, char * param_2)","139"
"FUN_0061e5c0","0061e5c0","undefined4 FUN_0061e5c0(void)","6"
"FUN_0061e5d0","0061e5d0","undefined FUN_0061e5d0(undefined4 param_1)","10"
"FUN_0061e5e0","0061e5e0","undefined4 FUN_0061e5e0(void * this\, undefined4 * param_1)","102"
"FUN_0061e650","0061e650","undefined4 FUN_0061e650(undefined4 param_1\, undefined4 param_2)","81"
"FUN_0061e6b0","0061e6b0","uint FUN_0061e6b0(uint param_1\, int param_2)","50"
"FUN_0061e6f0","0061e6f0","undefined4 FUN_0061e6f0(float * param_1)","125"
"FUN_0061e770","0061e770","undefined4 FUN_0061e770(float * param_1)","103"
"FUN_0061e7e0","0061e7e0","undefined4 FUN_0061e7e0(float * param_1)","104"
"FUN_0061e850","0061e850","undefined4 FUN_0061e850(int param_1)","95"
"FUN_0061e9d0","0061e9d0","undefined FUN_0061e9d0(undefined4 * param_1\, int param_2)","101"
"FUN_0061eb20","0061eb20","undefined FUN_0061eb20(void)","49"
"FUN_0061eb60","0061eb60","undefined FUN_0061eb60(int * param_1)","88"
"FUN_0061ebc0","0061ebc0","undefined FUN_0061ebc0(undefined4 * param_1)","71"
"FUN_0061ec10","0061ec10","undefined FUN_0061ec10(int param_1)","40"
"FUN_0061ec40","0061ec40","undefined4 FUN_0061ec40(int param_1)","118"
"FUN_0061ed70","0061ed70","undefined FUN_0061ed70(undefined4 param_1\, int param_2)","58"
"FUN_0061edb0","0061edb0","undefined FUN_0061edb0(int param_1\, int param_2)","67"
"FUN_0061ee00","0061ee00","undefined FUN_0061ee00(int param_1\, undefined4 * param_2)","81"
"FUN_0061eee0","0061eee0","undefined FUN_0061eee0(undefined4 * param_1\, int param_2)","62"
"FUN_0061ef20","0061ef20","int FUN_0061ef20(int param_1\, undefined4 param_2\, int param_3\, void * param_4\, int param_5\, int param_6)","168"
"FUN_0061eff0","0061eff0","undefined FUN_0061eff0(undefined4 param_1)","10"
"FUN_0061f000","0061f000","undefined4 FUN_0061f000(void)","6"
"FUN_0061f010","0061f010","undefined FUN_0061f010(int param_1)","22"
"FUN_0061f030","0061f030","undefined FUN_0061f030(void)","26"
"FUN_0061f050","0061f050","undefined FUN_0061f050(void)","30"
"FUN_0061f070","0061f070","undefined FUN_0061f070(void)","20"
"FUN_0061f1a0","0061f1a0","ulonglong FUN_0061f1a0(undefined4 param_1\, undefined4 param_2\, int param_3)","135"
"FUN_0061f290","0061f290","undefined FUN_0061f290(int * param_1\, byte * param_2)","115"
"FUN_0061f340","0061f340","undefined FUN_0061f340(undefined4 param_1\, undefined4 param_2\, undefined4 param_3\, float param_4\, undefined4 param_5\, float param_6\, undefined4 param_7\, undefined4 param_8\, undefined4 param_9\, undefined4 param_10)","134"
"FUN_0061f3d0","0061f3d0","undefined FUN_0061f3d0(undefined4 param_1\, int param_2)","47"
"FUN_0061f400","0061f400","undefined FUN_0061f400(void)","11"
"FUN_0061f440","0061f440","bool FUN_0061f440(void)","57"
"FUN_0061f4b0","0061f4b0","undefined4 FUN_0061f4b0(float * param_1)","94"
"FUN_0061f7e0","0061f7e0","undefined FUN_0061f7e0(float * param_1\, float * param_2)","37"
"FUN_0061f810","0061f810","undefined FUN_0061f810(float param_1\, float param_2)","33"
"FUN_0061f840","0061f840","undefined FUN_0061f840(float * param_1\, float * param_2)","37"
"FUN_0061f870","0061f870","undefined4 FUN_0061f870(int param_1)","85"
"FUN_0061f8d0","0061f8d0","undefined FUN_0061f8d0(void)","109"
"FUN_0061f940","0061f940","undefined FUN_0061f940(undefined4 param_1)","10"
"FUN_0061f950","0061f950","undefined FUN_0061f950(void)","1"
"FUN_0061f9b0","0061f9b0","undefined FUN_0061f9b0(undefined4 param_1\, undefined4 param_2)","21"
"FUN_0061fd70","0061fd70","int FUN_0061fd70(undefined4 param_1\, int param_2\, int param_3\, int param_4\, int param_5)","606"
"FUN_006200d0","006200d0","undefined FUN_006200d0(float * param_1\, float param_2\, int param_3)","1052"
"FUN_006204f0","006204f0","undefined FUN_006204f0(float * param_1\, float param_2\, float param_3)","890"
"FUN_00620870","00620870","undefined FUN_00620870(float * param_1)","894"
"FUN_00620bf0","00620bf0","undefined FUN_00620bf0(float * param_1\, float param_2)","628"
"FUN_00620e70","00620e70","undefined FUN_00620e70(float param_1\, float param_2)","128"
"FUN_00620ef0","00620ef0","undefined FUN_00620ef0(float param_1)","23"
"FUN_00620f10","00620f10","undefined FUN_00620f10(undefined4 * param_1)","37"
"FUN_00620f40","00620f40","undefined FUN_00620f40(undefined4 param_1\, undefined4 param_2)","20"
"FUN_00620f60","00620f60","undefined FUN_00620f60(undefined4 * param_1\, undefined4 param_2\, undefined4 param_3)","51"
"FUN_00620fa0","00620fa0","undefined FUN_00620fa0(undefined4 * param_1\, undefined4 * param_2\, undefined4 * param_3)","57"
"FUN_00620fe0","00620fe0","undefined FUN_00620fe0(undefined4 * param_1\, undefined4 * param_2\, undefined4 * param_3)","58"
"FUN_00621040","00621040","undefined FUN_00621040(undefined4 param_1)","13"
"FUN_00621050","00621050","float10 FUN_00621050(void)","9"
"FUN_006210b0","006210b0","undefined FUN_006210b0(float * param_1)","138"
"FUN_00621140","00621140","undefined FUN_00621140(void)","48"
"FUN_00621180","00621180","undefined FUN_00621180(undefined1 * param_1)","15"
"FUN_00621190","00621190","undefined FUN_00621190(undefined1 * param_1)","29"
"FUN_006211b0","006211b0","undefined FUN_006211b0(void)","1"
"FUN_006211c0","006211c0","undefined FUN_006211c0(undefined4 param_1)","10"
"FUN_006211d0","006211d0","undefined FUN_006211d0(undefined4 param_1)","10"
"FUN_00621220","00621220","undefined FUN_00621220(void)","78"
"FUN_00621270","00621270","undefined4 FUN_00621270(byte * param_1\, int param_2)","293"
"FUN_006213a0","006213a0","undefined FUN_006213a0(void)","62"
"FUN_006213e0","006213e0","undefined4 FUN_006213e0(void)","91"
"FUN_00621440","00621440","undefined FUN_00621440(void * param_1\, size_t param_2)","130"
"FUN_006214d0","006214d0","undefined FUN_006214d0(undefined4 param_1)","65"
"FUN_00621520","00621520","undefined FUN_00621520(undefined4 param_1)","59"
"FUN_00621560","00621560","undefined FUN_00621560(undefined4 param_1)","59"
"FUN_006215a0","006215a0","undefined FUN_006215a0(ushort param_1)","45"
"FUN_006215d0","006215d0","undefined FUN_006215d0(ushort param_1)","45"
"FUN_00621600","00621600","undefined FUN_00621600(void)","16"
"FUN_00621610","00621610","undefined FUN_00621610(void)","16"
"FUN_00621620","00621620","undefined FUN_00621620(undefined4 * param_1)","195"
"FUN_006216f0","006216f0","undefined FUN_006216f0(void * param_1\, size_t param_2)","162"
"FUN_006217a0","006217a0","float10 FUN_006217a0(void)","59"
"FUN_006217e0","006217e0","undefined4 FUN_006217e0(void)","59"
"FUN_00621820","00621820","undefined4 FUN_00621820(void)","59"
"FUN_00621860","00621860","undefined4 FUN_00621860(void)","44"
"FUN_00621890","00621890","undefined4 FUN_00621890(void)","44"
"FUN_006218c0","006218c0","undefined1 FUN_006218c0(void)","21"
"FUN_006218e0","006218e0","undefined1 FUN_006218e0(void)","21"
"FUN_00621900","00621900","undefined FUN_00621900(undefined4 * param_1)","193"
"FUN_00621a60","00621a60","undefined4 FUN_00621a60(byte * param_1\, byte * param_2)","207"
"FUN_006227d0","006227d0","undefined FUN_006227d0(void)","289"
"FUN_00623a20","00623a20","undefined FUN_00623a20(undefined4 param_1\, undefined4 param_2\, undefined4 param_3\, undefined4 param_4)","190"
"FUN_00623ca0","00623ca0","undefined FUN_00623ca0(undefined4 param_1\, int param_2)","157"
"FUN_00623d40","00623d40","undefined FUN_00623d40(float * param_1)","181"
"FUN_00623e00","00623e00","undefined FUN_00623e00(undefined4 * param_1\, float param_2\, undefined4 param_3\, int param_4)","207"
"FUN_00623fc0","00623fc0","undefined FUN_00623fc0(undefined4 * param_1\, float param_2\, undefined4 param_3)","233"
"FUN_00624180","00624180","undefined FUN_00624180(void * this\, undefined4 * param_1\, int param_2)","77"
"FUN_006241d0","006241d0","undefined FUN_006241d0(int * param_1)","68"
"FUN_00624220","00624220","undefined FUN_00624220(int * param_1)","133"
"FUN_006242b0","006242b0","undefined FUN_006242b0(undefined4 * param_1\, int param_2)","679"
"FUN_00624590","00624590","undefined4 FUN_00624590(undefined4 * param_1\, undefined4 * param_2\, undefined4 param_3\, int param_4)","89"
"FUN_00624670","00624670","undefined4 FUN_00624670(undefined4 param_1)","222"
"FUN_00624e20","00624e20","int * FUN_00624e20(int param_1\, int * param_2\, int param_3\, char * param_4)","179"
"FUN_00624f20","00624f20","int * FUN_00624f20(int param_1\, int * param_2\, int param_3\, char * param_4)","179"
"FUN_00625150","00625150","int * FUN_00625150(int param_1\, int * param_2\, int param_3\, int param_4\, int param_5\, int param_6\, float param_7\, char * param_8)","233"
"FUN_00625240","00625240","int * FUN_00625240(int param_1\, int * param_2\, int param_3\, int param_4\, int param_5\, int param_6\, int param_7\, char * param_8)","96"
"FUN_006253f0","006253f0","undefined4 FUN_006253f0(undefined4 param_1)","387"
"FUN_00625670","00625670","undefined4 FUN_00625670(undefined4 * param_1\, void * param_2)","43"
"FUN_00626170","00626170","int * FUN_00626170(int param_1\, int * param_2\, int param_3\, int param_4\, int param_5\, int param_6\, char * param_7\, char * param_8\, int param_9)","220"
"FUN_00626250","00626250","undefined FUN_00626250(int param_1\, int * param_2\, int param_3\, int param_4\, int param_5\, int param_6\, char * param_7\, char * param_8)","51"
"FUN_00626290","00626290","int * FUN_00626290(int param_1\, int * param_2)","132"
"FUN_00626320","00626320","ulonglong FUN_00626320(int param_1\, int param_2\, int param_3\, int param_4\, int param_5)","1231"
"FUN_006267f0","006267f0","int * FUN_006267f0(int param_1\, int * param_2\, int param_3\, char * param_4)","150"
"FUN_00626a80","00626a80","int * FUN_00626a80(int param_1\, int * param_2\, char * param_3\, char * param_4)","173"
"FUN_00626b50","00626b50","undefined FUN_00626b50(int * param_1)","1602"
"FUN_006271a0","006271a0","undefined FUN_006271a0(int param_1)","68"
"FUN_00627230","00627230","undefined FUN_00627230(int * param_1)","98"
"FUN_006272a0","006272a0","undefined4 FUN_006272a0(void)","126"
"FUN_00627320","00627320","bool FUN_00627320(void)","125"
"FUN_006273a0","006273a0","undefined FUN_006273a0(undefined4 param_1\, int param_2)","406"
"FUN_00627650","00627650","undefined FUN_00627650(undefined4 param_1\, int param_2)","22"
"FUN_00627930","00627930","undefined FUN_00627930(int * param_1\, int param_2)","118"
"FUN_006279b0","006279b0","undefined4 FUN_006279b0(int param_1\, int param_2)","58"
"FUN_006279f0","006279f0","undefined4 FUN_006279f0(int param_1)","129"
"FUN_00627a80","00627a80","int * FUN_00627a80(int param_1\, int * param_2\, byte param_3\, int param_4\, int param_5\, char * param_6)","189"
"FUN_00627b80","00627b80","undefined FUN_00627b80(int param_1\, int * param_2\, byte param_3\, int param_4\, int param_5\, char * param_6)","64"
"FUN_00627bc0","00627bc0","undefined FUN_00627bc0(int param_1\, int * param_2\, byte param_3\, int param_4\, int param_5\, char * param_6)","64"
"FUN_00627c00","00627c00","int * FUN_00627c00(int param_1\, int * param_2\, int param_3\, char * param_4)","238"
"FUN_00627da0","00627da0","int * FUN_00627da0(int param_1\, int param_2\, int param_3)","183"
"FUN_00627e60","00627e60","undefined FUN_00627e60(int param_1\, int param_2)","123"
"FUN_00627ee0","00627ee0","undefined FUN_00627ee0(int param_1\, int param_2)","93"
"FUN_00627f40","00627f40","undefined4 FUN_00627f40(int param_1)","337"
"FUN_006280a0","006280a0","undefined4 FUN_006280a0(int param_1)","41"
"FUN_006286e0","006286e0","undefined FUN_006286e0(int * param_1\, float param_2\, undefined4 param_3)","184"
"FUN_006287f0","006287f0","undefined FUN_006287f0(int * param_1\, int param_2\, undefined4 param_3)","110"
"FUN_00628860","00628860","undefined FUN_00628860(undefined4 param_1\, undefined4 param_2\, int * param_3\, int param_4\, undefined4 param_5)","146"
"FUN_00628900","00628900","undefined FUN_00628900(undefined4 param_1\, undefined4 param_2\, int * param_3\, int param_4\, undefined4 param_5)","104"
"FUN_00628970","00628970","undefined FUN_00628970(int param_1)","671"
"FUN_00628d80","00628d80","undefined FUN_00628d80(int param_1\, char * param_2\, int param_3)","228"
"FUN_00628e70","00628e70","undefined FUN_00628e70(int param_1\, char * param_2\, char * param_3\, char * param_4\, int param_5\, int param_6\, int param_7)","443"
"FUN_00629030","00629030","undefined4 FUN_00629030(int param_1\, int param_2)","76"
"FUN_00629080","00629080","undefined4 FUN_00629080(int * param_1\, float param_2\, int param_3\, int param_4)","940"
"FUN_006294f0","006294f0","undefined FUN_006294f0(int param_1)","286"
"FUN_00629610","00629610","undefined FUN_00629610(int param_1\, int param_2\, float * param_3\, float * param_4\, float * param_5\, byte * param_6)","466"
"FUN_006297f0","006297f0","undefined FUN_006297f0(void)","427"
"FUN_00629d00","00629d00","int * FUN_00629d00(int param_1\, int * param_2\, int param_3\, char * param_4)","146"
"FUN_00629da0","00629da0","undefined FUN_00629da0(int param_1\, int * param_2\, int param_3\, char * param_4)","40"
"FUN_00629e20","00629e20","undefined FUN_00629e20(int * param_1\, float param_2\, int param_3)","163"
"FUN_00629ed0","00629ed0","undefined FUN_00629ed0(int param_1)","1018"
"FUN_0062a400","0062a400","uint FUN_0062a400(int * param_1\, float param_2\, int param_3)","116"
"FUN_0062a5e0","0062a5e0","undefined FUN_0062a5e0(void)","1"
"FUN_0062a5f0","0062a5f0","undefined FUN_0062a5f0(void)","1"
"FUN_0062a620","0062a620","float10 FUN_0062a620(float param_1\, float param_2)","54"
"FUN_0062a670","0062a670","float10 FUN_0062a670(int param_1\, int param_2)","40"
"FUN_0062a6a0","0062a6a0","undefined2 FUN_0062a6a0(int param_1\, int param_2)","36"
"_SetAnimBlendMode","0062a7b0","undefined _SetAnimBlendMode(undefined4 param_1)","10"
"FUN_0062a7d0","0062a7d0","int * FUN_0062a7d0(int param_1\, int * param_2\, uint * param_3)","111"
"FUN_0062a870","0062a870","void * FUN_0062a870(size_t * param_1)","75"
"FUN_0062a8c0","0062a8c0","undefined FUN_0062a8c0(int param_1\, int param_2\, int param_3)","80"
"FUN_0062a910","0062a910","undefined FUN_0062a910(size_t * param_1\, void * param_2)","103"
"FUN_0062a980","0062a980","undefined FUN_0062a980(int * param_1)","29"
"FUN_0062a9a0","0062a9a0","uint FUN_0062a9a0(float * param_1\, float * param_2\, float param_3\, int param_4\, float param_5\, float param_6)","492"
"FUN_0062ab90","0062ab90","undefined FUN_0062ab90(int param_1\, int param_2\, int param_3\, int param_4\, int param_5\, int param_6\, float param_7)","1190"
"FUN_0062b040","0062b040","undefined FUN_0062b040(int param_1)","169"
"FUN_0062b0f0","0062b0f0","undefined4 FUN_0062b0f0(float param_1\, float param_2)","1448"
"FUN_0062b6a0","0062b6a0","undefined FUN_0062b6a0(void)","350"
"FUN_0062b800","0062b800","undefined4 FUN_0062b800(float param_1\, float param_2)","2088"
"FUN_0062c030","0062c030","undefined FUN_0062c030(int param_1\, int * param_2\, float * param_3\, int param_4\, undefined * param_5)","715"
"FUN_0062c300","0062c300","uint FUN_0062c300(undefined4 param_1\, undefined4 param_2)","76"
"FUN_0062c350","0062c350","uint FUN_0062c350(undefined4 param_1\, undefined4 param_2)","90"
"FUN_0062c3b0","0062c3b0","int FUN_0062c3b0(int * param_1\, byte * param_2)","79"
"FUN_0062c400","0062c400","int * FUN_0062c400(int * param_1\, undefined4 param_2\, int param_3\, int param_4\, int param_5\, byte param_6)","336"
"FUN_0062c560","0062c560","undefined4 FUN_0062c560(int param_1\, int param_2\, float * param_3)","72"
"FUN_0062c5b0","0062c5b0","undefined4 FUN_0062c5b0(int param_1\, int param_2\, float * param_3\, undefined4 * param_4\, undefined4 * param_5)","82"
"FUN_0062c610","0062c610","undefined4 FUN_0062c610(int param_1\, int param_2\, float param_3\, undefined4 param_4\, undefined4 param_5)","105"
"FUN_0062c680","0062c680","undefined4 FUN_0062c680(int param_1\, int param_2\, float * param_3\, int param_4\, short param_5\, short param_6)","73"
"FUN_0062c6d0","0062c6d0","undefined4 FUN_0062c6d0(int param_1\, int param_2\, float * param_3\, int param_4\, float * param_5)","137"
"FUN_0062c760","0062c760","undefined4 FUN_0062c760(int param_1\, int param_2\, float * param_3\, int param_4\, undefined4 * param_5)","104"
"_SetAPIObjPlaySfxByIdFn","0062c7d0","undefined _SetAPIObjPlaySfxByIdFn(undefined4 param_1)","10"
"FUN_0062c7e0","0062c7e0","undefined FUN_0062c7e0(short * param_1\, undefined4 param_2\, float * param_3\, float * param_4\, int param_5\, short * param_6\, int param_7\, float param_8\, undefined * param_9\, int param_10)","2799"
"FUN_0062d2e0","0062d2e0","undefined FUN_0062d2e0(undefined2 * param_1)","125"
"FUN_0062d360","0062d360","undefined4 FUN_0062d360(byte * param_1\, int param_2\, int * param_3\, int param_4)","147"
"FUN_0062d400","0062d400","undefined4 FUN_0062d400(byte * param_1\, int param_2\, int * param_3)","148"
"FUN_0062d4a0","0062d4a0","undefined FUN_0062d4a0(undefined4 param_1\, undefined4 param_2\, char * param_3)","83"
"FUN_0062d500","0062d500","undefined FUN_0062d500(void)","53"
"FUN_0062d540","0062d540","undefined FUN_0062d540(short * param_1\, int param_2\, uint * param_3\, uint param_4\, int param_5)","2619"
"FUN_0062df80","0062df80","int FUN_0062df80(int param_1)","41"
"FUN_0062dfb0","0062dfb0","undefined FUN_0062dfb0(int param_1)","72"
"FUN_0062e000","0062e000","undefined2 FUN_0062e000(int param_1\, byte * param_2)","60"
"_AnimDuration","0062e040","float10 _AnimDuration(float param_1\, int param_2\, float param_3\, float param_4\, int param_5)","324"
"FUN_0062e190","0062e190","int FUN_0062e190(int param_1\, undefined2 * param_2\, uint param_3)","68"
"FUN_0062e1e0","0062e1e0","undefined FUN_0062e1e0(int param_1\, undefined4 param_2\, int param_3\, undefined4 * param_4\, undefined4 * param_5)","171"
"FUN_0062e290","0062e290","undefined FUN_0062e290(int param_1\, float * param_2\, undefined4 param_3\, float * param_4\, undefined4 * param_5\, undefined4 * param_6\, undefined4 * param_7\, undefined4 param_8)","852"
"FUN_0062e650","0062e650","undefined FUN_0062e650(undefined4 * param_1\, undefined2 param_2)","59"
"FUN_0062e690","0062e690","undefined FUN_0062e690(undefined4 * param_1\, undefined2 param_2)","43"
"FUN_0062e6c0","0062e6c0","undefined FUN_0062e6c0(int param_1\, float * param_2)","79"
"FUN_0062e760","0062e760","float10 FUN_0062e760(int param_1\, float param_2\, float param_3\, float param_4\, int param_5\, char * param_6\, int param_7\, float param_8)","591"
"FUN_0062e9b0","0062e9b0","undefined FUN_0062e9b0(int param_1\, float * param_2\, float param_3\, float param_4\, float param_5\, float param_6)","1530"
"FUN_0062efb0","0062efb0","undefined FUN_0062efb0(undefined4 * param_1\, undefined4 * param_2)","114"
"FUN_0062f030","0062f030","undefined FUN_0062f030(undefined4 * param_1\, undefined4 * param_2)","97"
"FUN_0062f0a0","0062f0a0","undefined FUN_0062f0a0(int param_1\, undefined4 * param_2\, float param_3\, float param_4\, float param_5)","85"
"FUN_0062f100","0062f100","undefined4 FUN_0062f100(int param_1\, int param_2\, int param_3\, int param_4)","76"
"FUN_0062f150","0062f150","int FUN_0062f150(int param_1\, int param_2\, int param_3\, int param_4)","68"
"FUN_0062f1a0","0062f1a0","int FUN_0062f1a0(int param_1)","20"
"FUN_0062f1c0","0062f1c0","float10 FUN_0062f1c0(int param_1\, int param_2)","35"
"FUN_0062f1f0","0062f1f0","float10 FUN_0062f1f0(int param_1\, int param_2\, uint param_3)","45"
"FUN_0062f220","0062f220","float10 FUN_0062f220(int param_1\, int param_2)","35"
"FUN_0062f250","0062f250","int FUN_0062f250(int param_1\, int param_2)","35"
"FUN_0062f280","0062f280","undefined4 FUN_0062f280(int param_1\, int param_2\, int param_3)","171"
"FUN_0062f330","0062f330","undefined FUN_0062f330(int param_1\, int param_2\, float * param_3\, undefined4 param_4\, float * param_5\, undefined4 param_6\, int param_7)","391"
"FUN_0062f910","0062f910","undefined FUN_0062f910(int param_1)","36"
"FUN_0062f940","0062f940","undefined FUN_0062f940(void)","33"
"FUN_0062f970","0062f970","undefined FUN_0062f970(void)","325"
"FUN_0062fac0","0062fac0","undefined FUN_0062fac0(int param_1\, float * param_2\, int param_3\, int param_4\, int param_5\, int param_6)","291"
"FUN_0062fbf0","0062fbf0","undefined FUN_0062fbf0(short * param_1\, int param_2\, float * param_3\, float * param_4\, undefined4 param_5\, float * param_6\, undefined4 * param_7\, float * param_8\, int param_9\, undefined4 param_10\, float param_11\, int param_12\, int param_13\, float param_14\, float * param_15\, undefined * param_16\, int param_17)","2682"
"FUN_00630680","00630680","undefined4 FUN_00630680(short * param_1\, int param_2\, int * param_3)","82"
"FUN_006306e0","006306e0","undefined FUN_006306e0(undefined4 param_1\, undefined4 param_2)","20"
"FUN_00630740","00630740","int FUN_00630740(byte * param_1)","127"
"FUN_006307c0","006307c0","undefined FUN_006307c0(byte * param_1\, uint * param_2\, undefined4 param_3\, int param_4\, int * param_5\, int param_6\, uint * param_7)","886"
"FUN_00630b40","00630b40","undefined FUN_00630b40(uint * param_1\, undefined4 param_2\, int param_3\, int param_4\, int param_5\, int param_6\, int param_7\, int param_8)","541"
"FUN_00630d60","00630d60","undefined FUN_00630d60(void)","1"
"FUN_00630e00","00630e00","undefined FUN_00630e00(int param_1)","548"
"FUN_00631110","00631110","float10 FUN_00631110(void)","78"
"FUN_00631160","00631160","undefined FUN_00631160(void)","12"
"FUN_00631170","00631170","undefined4 FUN_00631170(undefined4 param_1\, undefined4 param_2\, int param_3)","151"
"FUN_00631210","00631210","undefined4 FUN_00631210(void)","27"
"FUN_00631230","00631230","undefined FUN_00631230(void)","21"
"FUN_00631250","00631250","undefined FUN_00631250(void)","21"
"FUN_00631270","00631270","undefined FUN_00631270(void)","24"
"FUN_006312f0","006312f0","undefined FUN_006312f0(void)","101"
"FUN_00631360","00631360","undefined FUN_00631360(int param_1)","224"
"FUN_00631440","00631440","undefined FUN_00631440(int param_1)","871"
"FUN_006317b0","006317b0","undefined4 FUN_006317b0(int * param_1\, int * param_2)","219"
"FUN_00631890","00631890","undefined4 FUN_00631890(undefined4 param_1\, int * param_2)","169"
"FUN_00631940","00631940","undefined4 FUN_00631940(int * param_1\, undefined4 param_2\, int param_3\, undefined4 param_4\, int param_5)","730"
"FUN_00631c30","00631c30","undefined FUN_00631c30(undefined4 param_1\, undefined4 param_2\, int * param_3)","173"
"FUN_00631d00","00631d00","undefined FUN_00631d00(int * param_1)","119"
"FUN_00631d90","00631d90","undefined FUN_00631d90(int * param_1)","82"
"FUN_00631df0","00631df0","undefined FUN_00631df0(int * param_1)","68"
"FUN_00631e40","00631e40","undefined FUN_00631e40(int param_1\, undefined4 param_2)","28"
"FUN_00631e90","00631e90","bool FUN_00631e90(int * param_1\, undefined4 param_2\, int param_3)","396"
"FUN_006321b0","006321b0","undefined FUN_006321b0(int param_1)","58"
"FUN_006321f0","006321f0","undefined FUN_006321f0(int param_1)","44"
"FUN_00632280","00632280","uint FUN_00632280(void)","94"
"FUN_006322e0","006322e0","int * FUN_006322e0(int * param_1\, int param_2\, undefined4 param_3\, undefined4 param_4\, int param_5\, int param_6)","179"
"FUN_006323a0","006323a0","undefined FUN_006323a0(float param_1\, float param_2\, float param_3\, float param_4\, int param_5\, int param_6\, float param_7)","312"
"FUN_006324e0","006324e0","undefined FUN_006324e0(float param_1\, float param_2\, float param_3\, float param_4\, int param_5\, int param_6)","462"
"FUN_006326b0","006326b0","undefined FUN_006326b0(float param_1)","216"
"FUN_00632790","00632790","undefined4 * FUN_00632790(int param_1\, uint param_2\, uint param_3\, int param_4\, uint param_5)","638"
"FUN_00632a10","00632a10","undefined FUN_00632a10(void * param_1)","68"
"FUN_00632a60","00632a60","undefined4 FUN_00632a60(int * param_1\, int * param_2\, int * param_3)","256"
"FUN_00632b80","00632b80","undefined FUN_00632b80(undefined4 * param_1\, float param_2\, float param_3\, float param_4\, float param_5\, float param_6)","550"
"FUN_00632db0","00632db0","undefined FUN_00632db0(float param_1\, float param_2\, float param_3\, float param_4\, float param_5)","402"
"FUN_00632f50","00632f50","undefined FUN_00632f50(undefined4 * param_1\, float param_2\, float param_3\, undefined4 param_4\, undefined4 param_5\, float param_6)","106"
"FUN_00633000","00633000","undefined4 FUN_00633000(int param_1\, undefined4 * param_2\, undefined4 * param_3\, undefined4 * param_4\, undefined4 * param_5\, undefined4 * param_6\, undefined4 * param_7\, undefined4 * param_8\, int param_9)","200"
"FUN_006330f0","006330f0","undefined4 * FUN_006330f0(int param_1\, int param_2\, int param_3\, int param_4)","170"
"FUN_006331d0","006331d0","undefined FUN_006331d0(undefined4 * param_1\, float param_2\, float param_3\, float param_4\, float param_5\, float param_6)","75"
"FUN_00633290","00633290","undefined FUN_00633290(int * param_1\, int * param_2\, int * param_3\, undefined4 * param_4\, undefined4 * param_5\, undefined4 * param_6\, undefined4 * param_7\, undefined4 * param_8\, int param_9)","33"
"FUN_006332c0","006332c0","undefined FUN_006332c0(int param_1)","47"
"FUN_006332f0","006332f0","undefined FUN_006332f0(int param_1\, uint param_2\, uint param_3\, int param_4\, uint param_5)","93"
"FUN_00633350","00633350","undefined FUN_00633350(void * param_1)","54"
"FUN_00633440","00633440","undefined4 * FUN_00633440(void * this\, size_t param_1\, int param_2)","134"
"FUN_006334d0","006334d0","undefined FUN_006334d0(void * this\, undefined4 * param_1\, int param_2)","35"
"FUN_00633500","00633500","undefined FUN_00633500(undefined4 * param_1)","20"
"FUN_00633540","00633540","undefined FUN_00633540(undefined4 * param_1)","7"
"FUN_00633550","00633550","undefined4 * FUN_00633550(void * this\, int param_1)","133"
"FUN_006336a0","006336a0","undefined FUN_006336a0(int param_1)","70"
"FUN_006336f0","006336f0","uint FUN_006336f0(void * this\, undefined4 param_1)","79"
"FUN_00633740","00633740","undefined FUN_00633740(void * this\, undefined4 param_1)","122"
"FUN_006337c0","006337c0","undefined FUN_006337c0(void * this\, undefined4 param_1)","70"
"FUN_00633810","00633810","undefined FUN_00633810(void * this\, undefined4 param_1)","71"
"FUN_00633860","00633860","undefined FUN_00633860(void * this\, int param_1)","350"
"FUN_006339c0","006339c0","undefined FUN_006339c0(void * this\, undefined4 param_1)","122"
"FUN_00633a40","00633a40","undefined FUN_00633a40(void * this\, undefined4 param_1)","122"
"FUN_00633ac0","00633ac0","undefined FUN_00633ac0(void * this\, undefined4 param_1)","122"
"FUN_00633df0","00633df0","undefined FUN_00633df0(void)","1"
"FUN_00633e40","00633e40","undefined FUN_00633e40(void * this\, float * param_1\, undefined4 * param_2)","183"
"FUN_006340e0","006340e0","undefined FUN_006340e0(undefined4 * param_1)","95"
"FUN_00634170","00634170","undefined FUN_00634170(float * param_1)","46"
"FUN_00634920","00634920","undefined FUN_00634920(float * param_1\, int param_2)","1197"
"FUN_00634dd0","00634dd0","undefined FUN_00634dd0(int param_1)","35"
"FUN_00635420","00635420","undefined FUN_00635420(void * this\, int param_1\, int param_2)","126"
"FUN_006354a0","006354a0","undefined FUN_006354a0(undefined4 * param_1)","259"
"FUN_006355f0","006355f0","int FUN_006355f0(int param_1\, uint param_2)","52"
"FUN_00635630","00635630","undefined4 FUN_00635630(int param_1\, uint param_2\, int * param_3)","48"
"FUN_00635660","00635660","uint FUN_00635660(void)","240"
"FUN_00635750","00635750","undefined FUN_00635750(int param_1)","57"
"FUN_00635790","00635790","uint FUN_00635790(int param_1\, uint param_2)","86"
"FUN_006357f0","006357f0","undefined4 FUN_006357f0(int param_1\, int param_2)","70"
"FUN_00635840","00635840","undefined4 FUN_00635840(int param_1\, undefined4 * param_2)","73"
"FUN_00635890","00635890","undefined4 FUN_00635890(int param_1\, float param_2\, float param_3)","103"
"FUN_00635900","00635900","undefined4 FUN_00635900(int param_1\, undefined4 * param_2\, undefined4 * param_3)","107"
"FUN_00635970","00635970","byte FUN_00635970(int param_1\, int param_2)","79"
"FUN_00635a10","00635a10","undefined4 FUN_00635a10(undefined4 param_1)","16"
"FUN_00635a20","00635a20","undefined4 FUN_00635a20(void)","79"
"FUN_00635a70","00635a70","int FUN_00635a70(int * param_1\, int param_2\, int param_3)","56"
"FUN_00635b10","00635b10","undefined FUN_00635b10(undefined4 param_1\, undefined4 param_2\, int param_3\, uint * param_4)","809"
"FUN_00635e40","00635e40","undefined4 * FUN_00635e40(byte * param_1\, uint * param_2\, int param_3)","357"
"FUN_00636010","00636010","undefined FUN_00636010(undefined4 * param_1\, int param_2)","313"
"FUN_00636160","00636160","undefined FUN_00636160(float param_1)","181"
"FUN_00636240","00636240","float10 FUN_00636240(int param_1\, float param_2\, float param_3)","312"
"FUN_006363b0","006363b0","undefined FUN_006363b0(int param_1)","98"
"FUN_00636420","00636420","undefined FUN_00636420(int param_1)","107"
"FUN_00636490","00636490","undefined FUN_00636490(float * param_1\, float * param_2\, float param_3)","714"
"FUN_00636780","00636780","int FUN_00636780(int * param_1\, char * param_2\, int param_3)","73"
"FUN_006367d0","006367d0","float10 FUN_006367d0(int param_1)","18"
"FUN_006367f0","006367f0","undefined FUN_006367f0(int param_1\, undefined4 param_2)","19"
"FUN_00636810","00636810","undefined FUN_00636810(uint param_1\, undefined4 param_2\, uint param_3\, float param_4\, float * param_5\, uint param_6)","2034"
"FUN_00637030","00637030","undefined FUN_00637030(void)","412"
"FUN_006371d0","006371d0","undefined FUN_006371d0(uint param_1\, undefined4 * param_2\, float * param_3\, float * param_4\, uint param_5\, float param_6)","224"
"FUN_006372b0","006372b0","undefined FUN_006372b0(void)","393"
"FUN_006374a0","006374a0","undefined FUN_006374a0(float param_1)","993"
"FUN_00637860","00637860","undefined FUN_00637860(int param_1\, float param_2)","133"
"FUN_006378f0","006378f0","undefined FUN_006378f0(void)","203"
"FUN_006379f0","006379f0","uint FUN_006379f0(byte * param_1)","838"
"FUN_00637e10","00637e10","int FUN_00637e10(void)","51"
"FUN_00637e50","00637e50","undefined FUN_00637e50(undefined4 * param_1)","304"
"FUN_00637f90","00637f90","int FUN_00637f90(void)","48"
"FUN_00637fc0","00637fc0","undefined FUN_00637fc0(undefined4 * param_1)","81"
"FUN_00638020","00638020","int FUN_00638020(int param_1\, float * param_2)","498"
"FUN_006382a0","006382a0","undefined FUN_006382a0(void)","1753"
"FUN_00639270","00639270","undefined FUN_00639270(void)","592"
"FUN_006393b0","006393b0","undefined FUN_006393b0(void)","252"
"FUN_006395d0","006395d0","undefined FUN_006395d0(int param_1)","143"
"FUN_0063ae40","0063ae40","int FUN_0063ae40(undefined4 param_1\, float * param_2)","679"
"FUN_0063b0f0","0063b0f0","undefined FUN_0063b0f0(void)","228"
"FUN_0063b1e0","0063b1e0","undefined FUN_0063b1e0(void)","232"
"FUN_0063b2d0","0063b2d0","undefined FUN_0063b2d0(float param_1\, float param_2)","2059"
"FUN_0063bae0","0063bae0","int FUN_0063bae0(void)","524"
"FUN_0063bd20","0063bd20","int FUN_0063bd20(void)","96"
"FUN_0063bd80","0063bd80","int FUN_0063bd80(void)","109"
"FUN_0063bdf0","0063bdf0","undefined4 FUN_0063bdf0(float param_1)","946"
"FUN_0063c1b0","0063c1b0","undefined FUN_0063c1b0(float param_1\, int param_2)","240"
"FUN_0063c2a0","0063c2a0","undefined FUN_0063c2a0(float param_1\, float * param_2\, float * param_3\, float * param_4\, float * param_5\, float param_6)","1125"
"FUN_0063c710","0063c710","undefined FUN_0063c710(undefined4 * param_1\, undefined4 * param_2\, float * param_3\, float param_4)","58"
"FUN_0063c750","0063c750","undefined FUN_0063c750(float * param_1)","181"
"FUN_0063c810","0063c810","undefined FUN_0063c810(void)","502"
"FUN_0063ca10","0063ca10","undefined FUN_0063ca10(int param_1\, int param_2)","1113"
"FUN_0063cff0","0063cff0","undefined FUN_0063cff0(void)","243"
"FUN_0063d0f0","0063d0f0","undefined FUN_0063d0f0(void)","1974"
"FUN_0063d8b0","0063d8b0","undefined FUN_0063d8b0(void)","638"
"FUN_0063dcd0","0063dcd0","undefined FUN_0063dcd0(float param_1)","66"
"FUN_0063ec60","0063ec60","undefined FUN_0063ec60(undefined4 param_1\, undefined4 param_2\, float * param_3)","626"
"FUN_0063f930","0063f930","undefined FUN_0063f930(void)","5863"
"FUN_00641020","00641020","undefined4 FUN_00641020(byte * param_1\, int param_2)","649"
"FUN_006412b0","006412b0","undefined4 * FUN_006412b0(byte * param_1\, int * param_2)","59"
"FUN_00641c70","00641c70","undefined FUN_00641c70(undefined4 param_1\, int param_2)","160"
"FUN_00641ed0","00641ed0","undefined FUN_00641ed0(undefined4 param_1\, int param_2)","182"
"FUN_006423b0","006423b0","undefined FUN_006423b0(void * this\, float * param_1\, undefined4 * param_2)","183"
"FUN_006424c0","006424c0","undefined FUN_006424c0(undefined4 * param_1)","95"
"FUN_00642530","00642530","undefined1 FUN_00642530(undefined4 * param_1\, float * param_2\, float param_3\, int param_4)","48"
"FUN_00642570","00642570","undefined FUN_00642570(int param_1\, float param_2)","1315"
"FUN_00642af0","00642af0","undefined FUN_00642af0(int param_1\, undefined4 * param_2)","84"
"FUN_00642b50","00642b50","undefined FUN_00642b50(void)","277"
"FUN_00642c80","00642c80","undefined FUN_00642c80(void)","4985"
"FUN_00644000","00644000","undefined FUN_00644000(float param_1)","311"
"FUN_00644140","00644140","undefined FUN_00644140(void)","538"
"FUN_006444e0","006444e0","undefined FUN_006444e0(int param_1)","225"
"FUN_006445d0","006445d0","undefined FUN_006445d0(int param_1)","296"
"FUN_00644d00","00644d00","undefined FUN_00644d00(char * param_1\, int param_2)","179"
"FUN_00645050","00645050","undefined FUN_00645050(int param_1\, float param_2)","176"
"FUN_00645980","00645980","undefined FUN_00645980(int param_1)","517"
"FUN_00645bb0","00645bb0","undefined FUN_00645bb0(int param_1)","514"
"FUN_006460e0","006460e0","undefined FUN_006460e0(int param_1)","443"
"FUN_00646a20","00646a20","undefined FUN_00646a20(int param_1\, int param_2)","257"
"FUN_00646b50","00646b50","undefined FUN_00646b50(int param_1)","212"
"FUN_00647000","00647000","undefined FUN_00647000(int param_1)","1041"
"FUN_00647b60","00647b60","undefined FUN_00647b60(int param_1)","316"
"FUN_00647ca0","00647ca0","undefined FUN_00647ca0(byte * param_1\, char param_2)","1475"
"FUN_006488e0","006488e0","int FUN_006488e0(char * param_1\, int param_2)","179"
"FUN_006489c0","006489c0","undefined FUN_006489c0(undefined4 param_1)","10"
"FUN_006489f0","006489f0","undefined FUN_006489f0(char param_1)","57"
"FUN_00648a30","00648a30","undefined FUN_00648a30(char param_1)","17"
"FUN_00649020","00649020","undefined FUN_00649020(int param_1)","390"
"FUN_00649230","00649230","undefined FUN_00649230(int param_1)","339"
"FUN_0064a390","0064a390","undefined FUN_0064a390(void)","160"
"FUN_0064a450","0064a450","undefined FUN_0064a450(undefined4 param_1)","10"
"FUN_0064a480","0064a480","undefined FUN_0064a480(void)","44"
"FUN_0064a4b0","0064a4b0","undefined FUN_0064a4b0(int param_1\, int * param_2)","631"
"FUN_0064a740","0064a740","undefined FUN_0064a740(int param_1)","121"
"FUN_0064a7c0","0064a7c0","undefined FUN_0064a7c0(int param_1)","133"
"FUN_0064a850","0064a850","undefined FUN_0064a850(void)","696"
"FUN_0064ab10","0064ab10","int FUN_0064ab10(int param_1\, int param_2\, int param_3\, float param_4\, float * param_5\, float * param_6\, uint param_7)","368"
"FUN_0064ac90","0064ac90","undefined FUN_0064ac90(int param_1\, int param_2)","175"
"FUN_0064ad80","0064ad80","int FUN_0064ad80(float * param_1\, int param_2\, int param_3)","182"
"FUN_0064ae40","0064ae40","undefined FUN_0064ae40(undefined4 param_1)","10"
"FUN_0064ae50","0064ae50","undefined FUN_0064ae50(undefined4 param_1\, undefined4 param_2\, int param_3\, float param_4)","373"
"FUN_0064afd0","0064afd0","int FUN_0064afd0(byte * param_1)","74"
"FUN_0064b020","0064b020","int FUN_0064b020(byte * param_1\, int param_2)","161"
"FUN_0064b1c0","0064b1c0","int FUN_0064b1c0(int param_1\, undefined4 * param_2)","249"
"FUN_0064b370","0064b370","int FUN_0064b370(int param_1\, undefined4 * param_2\, undefined4 param_3)","155"
"FUN_0064b410","0064b410","undefined FUN_0064b410(int param_1\, float param_2)","928"
"FUN_0064b7f0","0064b7f0","undefined FUN_0064b7f0(int param_1)","83"
"FUN_0064b860","0064b860","undefined FUN_0064b860(int param_1)","36"
"FUN_0064ba10","0064ba10","undefined FUN_0064ba10(char * param_1\, int param_2\, int param_3)","2262"
"FUN_0064c300","0064c300","undefined FUN_0064c300(byte * param_1\, char param_2\, int param_3\, int param_4)","933"
"FUN_0064c6c0","0064c6c0","undefined FUN_0064c6c0(byte * param_1\, char param_2)","26"
"FUN_0064c6e0","0064c6e0","undefined FUN_0064c6e0(char param_1)","198"
"FUN_0064cf20","0064cf20","undefined FUN_0064cf20(void)","847"
"FUN_0064d270","0064d270","undefined4 * FUN_0064d270(undefined4 * param_1)","1884"
"FUN_0064d9d0","0064d9d0","undefined FUN_0064d9d0(void)","201"
"FUN_0064daa0","0064daa0","undefined FUN_0064daa0(void * this\, float param_1)","2706"
"FUN_0064e550","0064e550","undefined FUN_0064e550(undefined4 param_1\, undefined4 param_2\, int param_3\, float * param_4\, float param_5\, float param_6\, float * param_7)","1436"
"FUN_0064eb00","0064eb00","undefined FUN_0064eb00(float param_1)","2755"
"FUN_0064f5d0","0064f5d0","undefined FUN_0064f5d0(int param_1)","419"
"FUN_0064f7e0","0064f7e0","undefined FUN_0064f7e0(float param_1)","1375"
"FUN_0064fdb0","0064fdb0","undefined FUN_0064fdb0(void)","1"
"FUN_0064fde0","0064fde0","float10 FUN_0064fde0(float param_1\, float param_2)","54"
"FUN_0064fe20","0064fe20","ulonglong FUN_0064fe20(float param_1)","320"
"FUN_0064ff80","0064ff80","undefined FUN_0064ff80(undefined4 * param_1)","95"
"FUN_0064ffe0","0064ffe0","undefined FUN_0064ffe0(int param_1)","217"
"FUN_006500c0","006500c0","undefined FUN_006500c0(int param_1)","219"
"FUN_006501a0","006501a0","undefined FUN_006501a0(int param_1)","215"
"FUN_00650280","00650280","undefined FUN_00650280(int * param_1)","217"
"FUN_00650430","00650430","uint FUN_00650430(char * param_1)","64"
"FUN_00650470","00650470","uint FUN_00650470(char * param_1\, uint param_2)","77"
"FUN_00650570","00650570","undefined FUN_00650570(int param_1)","70"
"FUN_00650850","00650850","undefined FUN_00650850(undefined1 * param_1)","24"
"FUN_00650870","00650870","undefined FUN_00650870(undefined1 * param_1)","24"
"FUN_006508f0","006508f0","undefined FUN_006508f0(void)","24"
"FUN_00650c50","00650c50","int FUN_00650c50(int param_1)","119"
"FUN_00650d10","00650d10","int FUN_00650d10(int param_1\, int param_2)","125"
"FUN_00650dc0","00650dc0","int FUN_00650dc0(byte * param_1)","116"
"FUN_00650e40","00650e40","int FUN_00650e40(byte * param_1\, int param_2)","77"
"FUN_00650e90","00650e90","undefined4 FUN_00650e90(int param_1)","24"
"FUN_00650eb0","00650eb0","undefined FUN_00650eb0(undefined4 param_1)","11"
"FUN_00650ef0","00650ef0","uint FUN_00650ef0(int param_1)","33"
"FUN_00650f20","00650f20","undefined FUN_00650f20(int param_1\, float * param_2\, float param_3\, float param_4)","1353"
"FUN_00651470","00651470","undefined FUN_00651470(byte * param_1\, float * param_2\, float param_3)","49"
"FUN_006514b0","006514b0","undefined FUN_006514b0(byte * param_1\, float * param_2\, float param_3)","49"
"FUN_00651530","00651530","undefined FUN_00651530(int param_1)","328"
"FUN_00652010","00652010","undefined FUN_00652010(int param_1)","158"
"FUN_006520b0","006520b0","undefined FUN_006520b0(byte * param_1)","245"
"FUN_006521b0","006521b0","undefined FUN_006521b0(uint * param_1\, undefined4 param_2\, byte * param_3)","583"
"FUN_00652400","00652400","undefined FUN_00652400(void)","29"
"FUN_00652450","00652450","undefined FUN_00652450(undefined4 * param_1)","72"
"FUN_006524a0","006524a0","undefined FUN_006524a0(void)","105"
"FUN_00652590","00652590","undefined FUN_00652590(undefined4 param_1)","11"
"FUN_00652660","00652660","undefined FUN_00652660(int param_1)","399"
"FUN_00652a40","00652a40","undefined FUN_00652a40(void)","131"
"FUN_00652ad0","00652ad0","undefined FUN_00652ad0(void)","20"
"FUN_00652b40","00652b40","undefined FUN_00652b40(int param_1)","27"
"FUN_00652b60","00652b60","undefined FUN_00652b60(undefined4 param_1\, int param_2)","55"
"FUN_00652de0","00652de0","undefined FUN_00652de0(void)","122"
"FUN_00652fb0","00652fb0","undefined FUN_00652fb0(void)","72"
"FUN_00653000","00653000","undefined FUN_00653000(void)","67"
"FUN_00653460","00653460","undefined FUN_00653460(float param_1)","913"
"FUN_00653840","00653840","undefined4 FUN_00653840(float param_1\, float param_2\, float param_3\, float * param_4\, float * param_5)","243"
"FUN_00653940","00653940","undefined FUN_00653940(void)","20"
"FUN_00653970","00653970","float * FUN_00653970(int param_1\, int param_2\, float param_3)","712"
"FUN_00653c50","00653c50","float * FUN_00653c50(int param_1\, int param_2\, float param_3)","744"
"FUN_00653f40","00653f40","float * FUN_00653f40(int param_1\, int param_2\, float param_3)","811"
"FUN_00654270","00654270","float * FUN_00654270(int param_1\, float param_2\, float param_3)","862"
"FUN_006545d0","006545d0","float * FUN_006545d0(int param_1\, int param_2\, float param_3)","863"
"FUN_00654a00","00654a00","undefined FUN_00654a00(undefined4 param_1\, int param_2\, float * param_3)","141"
"FUN_00654a90","00654a90","int FUN_00654a90(int param_1\, int param_2\, uint param_3\, uint param_4\, uint param_5)","162"
"FUN_00654ba0","00654ba0","undefined FUN_00654ba0(uint * param_1)","604"
"FUN_00654e00","00654e00","undefined FUN_00654e00(int param_1\, int * param_2)","154"
"FUN_00654ea0","00654ea0","undefined FUN_00654ea0(int param_1\, int * param_2)","70"
"FUN_00654ef0","00654ef0","undefined FUN_00654ef0(void)","169"
"FUN_00654fa0","00654fa0","undefined FUN_00654fa0(void)","258"
"FUN_006550b0","006550b0","int FUN_006550b0(void)","277"
"FUN_006551d0","006551d0","undefined FUN_006551d0(int param_1\, int * param_2)","51"
"FUN_00655210","00655210","undefined FUN_00655210(int param_1\, int * param_2)","52"
"FUN_00655250","00655250","undefined FUN_00655250(int param_1)","104"
"FUN_006552c0","006552c0","undefined FUN_006552c0(int * param_1)","32"
"FUN_00655320","00655320","undefined FUN_00655320(int param_1)","23"
"FUN_00655340","00655340","undefined FUN_00655340(int param_1)","23"
"FUN_006553f0","006553f0","undefined FUN_006553f0(int * param_1)","806"
"FUN_00655730","00655730","undefined FUN_00655730(int param_1)","439"
"FUN_00655940","00655940","undefined FUN_00655940(int param_1\, undefined4 param_2\, undefined4 param_3\, undefined4 param_4)","82"
"FUN_006559a0","006559a0","undefined FUN_006559a0(int param_1\, undefined4 param_2\, undefined4 param_3\, undefined4 param_4)","67"
"FUN_006559f0","006559f0","undefined FUN_006559f0(int param_1\, undefined4 param_2\, undefined4 param_3\, undefined4 param_4)","67"
"FUN_00655a40","00655a40","undefined FUN_00655a40(int param_1\, undefined4 * param_2)","136"
"FUN_00655ad0","00655ad0","undefined FUN_00655ad0(int param_1\, undefined4 * param_2)","86"
"FUN_00655b30","00655b30","undefined FUN_00655b30(int param_1\, undefined4 * param_2)","98"
"FUN_00655ba0","00655ba0","undefined FUN_00655ba0(int param_1\, undefined2 param_2\, undefined2 param_3\, undefined4 param_4\, undefined4 param_5)","88"
"FUN_00655c30","00655c30","undefined FUN_00655c30(undefined4 param_1\, undefined4 param_2\, int param_3)","368"
"FUN_00655da0","00655da0","undefined FUN_00655da0(undefined4 param_1\, undefined4 param_2\, int param_3)","34"
"FUN_00655dd0","00655dd0","undefined FUN_00655dd0(int param_1\, undefined4 param_2\, undefined4 param_3\, undefined4 param_4)","67"
"FUN_00655f30","00655f30","undefined FUN_00655f30(int param_1\, uint param_2)","135"
"FUN_00656010","00656010","undefined FUN_00656010(int param_1)","100"
"FUN_00656080","00656080","undefined FUN_00656080(float * param_1\, float param_2\, int param_3\, int param_4\, int param_5)","332"
"FUN_006561d0","006561d0","undefined FUN_006561d0(int param_1\, float * param_2\, undefined4 * param_3\, float * param_4\, int param_5\, float param_6\, undefined4 * param_7\, undefined4 * param_8\, undefined2 param_9\, undefined1 param_10)","2839"
"FUN_00656d40","00656d40","undefined FUN_00656d40(int param_1\, float * param_2\, undefined4 * param_3\, int param_4\, float param_5\, undefined4 * param_6\, undefined4 * param_7)","115"
"FUN_00656dc0","00656dc0","undefined FUN_00656dc0(int param_1\, float * param_2\, undefined4 * param_3\, int param_4\, undefined4 * param_5\, undefined4 * param_6)","126"
"FUN_00656e40","00656e40","undefined FUN_00656e40(undefined4 param_1)","10"
"FUN_00656e50","00656e50","undefined FUN_00656e50(float param_1\, undefined4 * param_2)","703"
"FUN_00657110","00657110","undefined FUN_00657110(int param_1)","2255"
"FUN_006579f0","006579f0","undefined FUN_006579f0(undefined4 param_1)","11"
"FUN_00657a00","00657a00","undefined FUN_00657a00(int param_1)","963"
"FUN_00657e70","00657e70","undefined FUN_00657e70(void)","575"
"FUN_006580e0","006580e0","undefined FUN_006580e0(int param_1\, float param_2)","465"
"FUN_00658330","00658330","int FUN_00658330(byte * param_1\, byte param_2\, int param_3)","307"
"FUN_00658470","00658470","undefined FUN_00658470(byte * param_1\, byte param_2)","21"
"FUN_00658490","00658490","int FUN_00658490(byte * param_1\, byte param_2)","212"
"FUN_00658570","00658570","undefined FUN_00658570(byte * param_1)","18"
"FUN_00658590","00658590","undefined FUN_00658590(undefined4 param_1)","10"
"FUN_006585a0","006585a0","float10 FUN_006585a0(float * param_1)","29"
"FUN_006588e0","006588e0","undefined4 FUN_006588e0(float param_1\, float * param_2\, float param_3\, float param_4\, byte param_5)","896"
"FUN_00658c60","00658c60","undefined4 FUN_00658c60(float * param_1\, float param_2\, float param_3\, uint param_4)","112"
"FUN_00658cd0","00658cd0","undefined FUN_00658cd0(float * param_1\, float param_2\, float param_3)","34"
"FUN_00658d50","00658d50","undefined4 FUN_00658d50(float param_1\, float * param_2\, float param_3\, float param_4\, byte param_5)","585"
"FUN_00658fa0","00658fa0","undefined4 FUN_00658fa0(float * param_1\, float param_2\, float param_3\, uint param_4)","104"
"FUN_00659010","00659010","undefined FUN_00659010(float * param_1\, float param_2\, float param_3)","34"
"FUN_00659140","00659140","undefined FUN_00659140(void)","1"
"FUN_00659150","00659150","undefined FUN_00659150(void)","1"
"FUN_00659160","00659160","undefined FUN_00659160(void)","194"
"FUN_00659230","00659230","undefined FUN_00659230(undefined4 param_1)","10"
"FUN_00659280","00659280","undefined FUN_00659280(undefined4 param_1)","10"
"FUN_006592e0","006592e0","float10 FUN_006592e0(int param_1)","97"
"FUN_00659350","00659350","undefined FUN_00659350(float param_1)","368"
"FUN_006594c0","006594c0","undefined FUN_006594c0(float param_1)","393"
"FUN_00659650","00659650","undefined FUN_00659650(float param_1)","393"
"FUN_00659810","00659810","undefined FUN_00659810(int param_1\, float * param_2)","78"
"FUN_00659860","00659860","undefined FUN_00659860(int param_1\, int param_2)","172"
"FUN_00659910","00659910","undefined FUN_00659910(int param_1\, float * param_2)","126"
"FUN_00659990","00659990","undefined FUN_00659990(float * param_1)","148"
"FUN_00659a30","00659a30","undefined FUN_00659a30(int param_1\, int param_2)","185"
"FUN_00659af0","00659af0","undefined FUN_00659af0(byte * param_1)","630"
"FUN_00659d70","00659d70","undefined FUN_00659d70(void)","1"
"FUN_00659e70","00659e70","undefined FUN_00659e70(int param_1)","1222"
"FUN_0065a360","0065a360","undefined FUN_0065a360(int param_1)","428"
"FUN_0065a510","0065a510","undefined FUN_0065a510(void)","118"
"FUN_0065a590","0065a590","undefined FUN_0065a590(int param_1)","48"
"FUN_0065a5c0","0065a5c0","undefined FUN_0065a5c0(int param_1)","16"
"FUN_0065a5d0","0065a5d0","undefined FUN_0065a5d0(int param_1)","99"
"FUN_0065a640","0065a640","undefined FUN_0065a640(void)","47"
"FUN_0065a8a0","0065a8a0","undefined FUN_0065a8a0(int param_1)","308"
"FUN_0065aa00","0065aa00","undefined FUN_0065aa00(int param_1)","267"
"FUN_0065ab30","0065ab30","undefined FUN_0065ab30(int param_1)","326"
"FUN_0065aca0","0065aca0","undefined FUN_0065aca0(int param_1)","248"
"FUN_0065b020","0065b020","undefined FUN_0065b020(int param_1)","74"
"FUN_0065b070","0065b070","undefined FUN_0065b070(int param_1)","72"
"FUN_0065b0c0","0065b0c0","undefined FUN_0065b0c0(int param_1\, int param_2)","108"
"FUN_0065b130","0065b130","undefined FUN_0065b130(int param_1\, int param_2)","87"
"FUN_0065b2f0","0065b2f0","undefined FUN_0065b2f0(int param_1)","742"
"FUN_0065b630","0065b630","int FUN_0065b630(byte * param_1\, int param_2)","112"
"FUN_0065b7e0","0065b7e0","undefined FUN_0065b7e0(undefined4 param_1)","10"
"FUN_0065b7f0","0065b7f0","undefined FUN_0065b7f0(undefined4 param_1)","10"
"FUN_0065b800","0065b800","undefined FUN_0065b800(undefined4 param_1)","10"
"FUN_0065b830","0065b830","undefined FUN_0065b830(float param_1\, float param_2\, float param_3\, float param_4\, float param_5\, float param_6\, int param_7\, int param_8\, int param_9\, undefined4 param_10\, int param_11)","791"
"FUN_0065bb50","0065bb50","undefined FUN_0065bb50(float param_1\, float param_2\, float param_3\, float param_4\, float param_5\, float param_6\, int param_7\, int param_8\, int param_9\, int param_10\, int param_11\, undefined4 param_12\, int param_13)","875"
"FUN_0065bf70","0065bf70","undefined FUN_0065bf70(float param_1\, float param_2\, float param_3\, float param_4\, undefined4 param_5\, int param_6)","212"
"FUN_0065c050","0065c050","undefined FUN_0065c050(float param_1\, float param_2\, float param_3\, float param_4\, undefined4 param_5\, int param_6)","193"
"FUN_0065c160","0065c160","undefined FUN_0065c160(float * param_1\, float param_2\, float param_3\, undefined4 param_4\, undefined4 param_5\, int param_6\, int param_7)","383"
"FUN_0065c2f0","0065c2f0","undefined FUN_0065c2f0(float * param_1\, float param_2\, undefined4 param_3\, undefined4 param_4\, int param_5\, int param_6)","48"
"FUN_0065c380","0065c380","undefined FUN_0065c380(float * param_1\, float param_2\, float param_3\, float param_4\, undefined4 param_5\, undefined4 param_6)","407"
"FUN_0065c520","0065c520","undefined FUN_0065c520(float * param_1\, float param_2\, undefined4 param_3\, undefined4 param_4)","249"
"FUN_0065c620","0065c620","int FUN_0065c620(byte * param_1\, int param_2)","112"
"FUN_0065c7b0","0065c7b0","undefined FUN_0065c7b0(undefined4 param_1)","183"
"FUN_0065c8a0","0065c8a0","undefined FUN_0065c8a0(void)","487"
"FUN_0065cb00","0065cb00","undefined FUN_0065cb00(byte * param_1)","547"
"FUN_0065ce60","0065ce60","undefined FUN_0065ce60(char param_1)","65"
"FUN_0065ceb0","0065ceb0","undefined FUN_0065ceb0(char param_1)","81"
"FUN_0065d540","0065d540","undefined FUN_0065d540(float param_1)","237"
"FUN_0065d630","0065d630","undefined FUN_0065d630(int param_1\, undefined4 param_2)","408"
"FUN_0065d990","0065d990","undefined FUN_0065d990(void)","1319"
"FUN_0065e040","0065e040","undefined FUN_0065e040(uint * param_1\, undefined4 param_2\, int param_3\, int param_4\, int param_5)","155"
"FUN_0065e0e0","0065e0e0","undefined FUN_0065e0e0(char param_1\, int param_2)","2297"
"FUN_0065ea70","0065ea70","undefined FUN_0065ea70(int param_1)","492"
"FUN_0065ed90","0065ed90","undefined FUN_0065ed90(int param_1)","241"
"FUN_0065ee90","0065ee90","undefined FUN_0065ee90(void)","202"
"FUN_0065efc0","0065efc0","undefined FUN_0065efc0(float param_1)","380"
"FUN_0065f140","0065f140","undefined FUN_0065f140(byte * param_1)","909"
"FUN_0065f4d0","0065f4d0","undefined FUN_0065f4d0(void)","1"
"FUN_0065f4e0","0065f4e0","undefined FUN_0065f4e0(void)","1"
"FUN_0065f4f0","0065f4f0","undefined FUN_0065f4f0(void)","1"
"FUN_0065f6a0","0065f6a0","undefined FUN_0065f6a0(int param_1)","53"
"FUN_0065f8f0","0065f8f0","undefined FUN_0065f8f0(void)","1606"
"FUN_006603c0","006603c0","undefined FUN_006603c0(void)","277"
"FUN_006604f0","006604f0","undefined FUN_006604f0(int param_1\, int param_2)","397"
"FUN_00660680","00660680","undefined FUN_00660680(int param_1\, int param_2)","612"
"FUN_006608f0","006608f0","undefined FUN_006608f0(void)","5742"
"FUN_00661f60","00661f60","undefined FUN_00661f60(float param_1)","266"
"FUN_00662070","00662070","undefined FUN_00662070(void)","662"
"FUN_00663aa0","00663aa0","undefined FUN_00663aa0(char * param_1\, int param_2)","179"
"FUN_00663c10","00663c10","undefined FUN_00663c10(int param_1)","290"
"FUN_00663e50","00663e50","undefined FUN_00663e50(int param_1)","261"
"FUN_00663f80","00663f80","undefined FUN_00663f80(int param_1)","346"
"FUN_00664670","00664670","undefined FUN_00664670(int param_1)","391"
"FUN_00664c60","00664c60","undefined FUN_00664c60(int param_1)","514"
"FUN_00664e90","00664e90","undefined FUN_00664e90(int param_1)","356"
"FUN_00665040","00665040","undefined FUN_00665040(int param_1)","321"
"FUN_00665830","00665830","undefined FUN_00665830(int param_1\, int param_2)","384"
"FUN_006659d0","006659d0","undefined FUN_006659d0(int param_1\, int param_2)","603"
"FUN_00665c50","00665c50","undefined FUN_00665c50(int param_1\, int param_2)","304"
"FUN_00665da0","00665da0","undefined FUN_00665da0(int param_1)","262"
"FUN_00665ed0","00665ed0","undefined FUN_00665ed0(int param_1)","485"
"FUN_00666510","00666510","undefined FUN_00666510(int param_1)","841"
"FUN_00666b40","00666b40","undefined FUN_00666b40(int param_1)","882"
"FUN_00666ef0","00666ef0","undefined FUN_00666ef0(int param_1)","617"
"FUN_006677f0","006677f0","undefined FUN_006677f0(int param_1)","1481"
"FUN_00667de0","00667de0","undefined FUN_00667de0(int param_1)","1304"
"FUN_00668320","00668320","undefined FUN_00668320(int param_1)","1320"
"FUN_00668a30","00668a30","undefined FUN_00668a30(int param_1)","184"
"FUN_00668c90","00668c90","undefined FUN_00668c90(int param_1)","555"
"FUN_00668f70","00668f70","undefined FUN_00668f70(int param_1)","301"
"FUN_006690c0","006690c0","undefined FUN_006690c0(int param_1)","302"
"FUN_006691f0","006691f0","undefined4 FUN_006691f0(byte * param_1\, char param_2)","2988"
"FUN_0066a190","0066a190","undefined FUN_0066a190(void * param_1\, int param_2\, undefined1 param_3)","2457"
"FUN_0066ab80","0066ab80","undefined FUN_0066ab80(int param_1)","237"
"FUN_0066acf0","0066acf0","undefined FUN_0066acf0(int param_1)","793"
"FUN_0066b040","0066b040","undefined FUN_0066b040(void)","111"
"FUN_0066b0c0","0066b0c0","int FUN_0066b0c0(int param_1\, int param_2\, int param_3\, int param_4\, int param_5)","313"
"FUN_0066b220","0066b220","undefined FUN_0066b220(void)","163"
"FUN_0066b2e0","0066b2e0","undefined FUN_0066b2e0(undefined4 param_1\, undefined4 * param_2\, undefined4 param_3)","35"
"FUN_0066b310","0066b310","undefined FUN_0066b310(undefined4 param_1)","11"
"FUN_0066b320","0066b320","undefined FUN_0066b320(undefined4 param_1)","11"
"FUN_0066b330","0066b330","undefined FUN_0066b330(char * param_1\, int param_2\, int * param_3\, int * param_4)","1230"
"FUN_0066b8c0","0066b8c0","int FUN_0066b8c0(undefined4 param_1\, int * param_2\, float param_3\, undefined4 param_4\, char * param_5\, int param_6\, undefined4 param_7\, float param_8\, float param_9\, int param_10)","3491"
"FUN_0066c670","0066c670","undefined FUN_0066c670(char * param_1\, int * param_2\, int * param_3)","386"
"FUN_0066c810","0066c810","undefined FUN_0066c810(char * param_1\, int * param_2)","854"
"FUN_0066cb70","0066cb70","undefined FUN_0066cb70(void)","64"
"FUN_0066cbb0","0066cbb0","undefined FUN_0066cbb0(undefined4 param_1)","10"
"FUN_0066cbc0","0066cbc0","undefined4 FUN_0066cbc0(void)","6"
"FUN_0066cc50","0066cc50","undefined FUN_0066cc50(undefined4 param_1)","11"
"FUN_0066cc60","0066cc60","undefined FUN_0066cc60(void)","1779"
"FUN_0066da90","0066da90","undefined FUN_0066da90(int param_1\, short param_2)","1628"
"FUN_0066ed90","0066ed90","undefined FUN_0066ed90(undefined4 param_1\, undefined4 param_2\, float * param_3\, undefined4 * param_4\, float * param_5\, undefined4 param_6\, int param_7)","984"
"FUN_0066f170","0066f170","undefined FUN_0066f170(int param_1\, float * param_2\, int * param_3)","1474"
"FUN_0066f740","0066f740","undefined FUN_0066f740(float * param_1\, int param_2\, float * param_3)","80"
"FUN_0066f790","0066f790","undefined FUN_0066f790(int param_1)","338"
"FUN_0066f8f0","0066f8f0","undefined FUN_0066f8f0(undefined4 param_1\, undefined4 param_2)","171"
"FUN_0066f9a0","0066f9a0","undefined FUN_0066f9a0(undefined4 param_1\, undefined4 param_2\, float * param_3\, float * param_4)","230"
"FUN_0066fa90","0066fa90","undefined FUN_0066fa90(undefined4 param_1\, undefined4 param_2\, int param_3)","480"
"FUN_0066fc70","0066fc70","undefined FUN_0066fc70(undefined4 param_1\, undefined4 param_2\, int param_3)","554"
"FUN_0066fea0","0066fea0","undefined FUN_0066fea0(undefined4 param_1\, undefined4 param_2\, float * param_3)","254"
"FUN_0066ffa0","0066ffa0","undefined2 FUN_0066ffa0(float param_1\, float param_2\, float param_3\, float param_4\, float param_5\, float param_6)","68"
"FUN_0066fff0","0066fff0","undefined4 FUN_0066fff0(float param_1\, float param_2\, float param_3\, float param_4\, float param_5\, float param_6\, float param_7\, float param_8\, float param_9\, float * param_10)","1320"
"FUN_00670560","00670560","undefined FUN_00670560(int param_1)","57"
"FUN_006705a0","006705a0","int FUN_006705a0(void)","45"
"FUN_00670640","00670640","undefined FUN_00670640(float * param_1\, byte param_2\, int param_3)","4361"
"FUN_00671750","00671750","undefined FUN_00671750(float * param_1\, byte param_2)","4748"
"FUN_006729e0","006729e0","float10 FUN_006729e0(float * param_1\, float param_2\, float param_3)","3407"
"FUN_00673730","00673730","float10 FUN_00673730(float * param_1\, undefined4 param_2\, float param_3\, float param_4\, byte param_5)","234"
"FUN_00673820","00673820","undefined FUN_00673820(float * param_1\, undefined4 param_2\, float param_3\, byte param_4)","41"
"FUN_00673850","00673850","undefined4 FUN_00673850(int param_1\, int param_2\, uint * param_3\, uint param_4)","2145"
"FUN_006740c0","006740c0","undefined4 FUN_006740c0(int param_1)","558"
"FUN_006742f0","006742f0","undefined4 FUN_006742f0(float * param_1\, float param_2)","408"
"FUN_00674490","00674490","int FUN_00674490(uint param_1\, undefined4 param_2\, float param_3\, float param_4\, float param_5\, float param_6\, float param_7)","1689"
"FUN_00674b30","00674b30","ulonglong FUN_00674b30(undefined4 param_1\, uint param_2)","1803"
"FUN_00675240","00675240","uint FUN_00675240(undefined4 param_1\, uint param_2)","963"
"FUN_00675610","00675610","undefined4 FUN_00675610(int param_1\, int param_2)","553"
"FUN_00675840","00675840","undefined FUN_00675840(undefined4 param_1\, byte param_2)","1818"
"FUN_00675f60","00675f60","undefined FUN_00675f60(int param_1\, byte param_2\, byte param_3)","7460"
"FUN_00677ca0","00677ca0","undefined FUN_00677ca0(ushort * param_1)","668"
"FUN_00677fb0","00677fb0","undefined FUN_00677fb0(float * param_1\, float * param_2\, float * param_3)","87"
"FUN_00678010","00678010","undefined FUN_00678010(float * param_1\, float * param_2\, float * param_3)","93"
"FUN_00678070","00678070","undefined4 FUN_00678070(float * param_1\, float * param_2\, float * param_3)","108"
"FUN_006781e0","006781e0","undefined FUN_006781e0(float * param_1\, float * param_2\, float * param_3)","93"
"FUN_00678340","00678340","undefined FUN_00678340(void)","92"
"FUN_006783a0","006783a0","undefined FUN_006783a0(void)","70"
"FUN_00678410","00678410","undefined FUN_00678410(void)","325"
"FUN_00678580","00678580","undefined FUN_00678580(float * param_1)","145"
"FUN_00678640","00678640","undefined FUN_00678640(undefined4 param_1\, int param_2\, int param_3\, int param_4)","148"
"FUN_006786f0","006786f0","undefined FUN_006786f0(float * param_1\, float * param_2\, undefined1 * param_3)","2097"
"FUN_00678f60","00678f60","undefined4 FUN_00678f60(undefined1 * param_1)","238"
"FUN_00679080","00679080","undefined4 FUN_00679080(float * param_1\, undefined4 * param_2\, int param_3\, int param_4\, int param_5)","649"
"FUN_00679310","00679310","undefined4 FUN_00679310(int param_1)","4252"
"FUN_0067a3b0","0067a3b0","undefined FUN_0067a3b0(void)","401"
"FUN_0067a600","0067a600","uint FUN_0067a600(void)","18"
"FUN_0067a670","0067a670","uint FUN_0067a670(void)","18"
"FUN_0067a690","0067a690","uint FUN_0067a690(void)","18"
"FUN_0067a6d0","0067a6d0","undefined FUN_0067a6d0(void)","10"
"FUN_0067a6e0","0067a6e0","int FUN_0067a6e0(void)","55"
"FUN_0067ab20","0067ab20","undefined FUN_0067ab20(undefined1 * param_1)","44"
"FUN_0067ab50","0067ab50","undefined FUN_0067ab50(float * param_1\, float * param_2)","239"
"FUN_0067ac40","0067ac40","undefined4 FUN_0067ac40(undefined4 param_1\, undefined4 param_2)","701"
"FUN_0067b200","0067b200","float10 FUN_0067b200(void)","12"
"FUN_0067b210","0067b210","undefined1 FUN_0067b210(void)","23"
"FUN_0067b230","0067b230","undefined FUN_0067b230(undefined4 * param_1)","40"
"FUN_0067b260","0067b260","float10 FUN_0067b260(void)","12"
"FUN_0067b270","0067b270","undefined1 FUN_0067b270(void)","10"
"FUN_0067b280","0067b280","undefined1 FUN_0067b280(undefined4 * param_1\, float * param_2\, float param_3\, int param_4)","389"
"FUN_0067b430","0067b430","undefined1 FUN_0067b430(undefined4 * param_1\, float * param_2\, float param_3\, float param_4\, int param_5\, byte param_6)","473"
"FUN_0067be60","0067be60","undefined FUN_0067be60(undefined4 param_1\, undefined4 param_2\, undefined4 param_3\, float * param_4)","113"
"FUN_0067bf50","0067bf50","int FUN_0067bf50(int param_1\, int param_2)","528"
"FUN_0067c4f0","0067c4f0","int FUN_0067c4f0(int param_1\, int param_2)","470"
"FUN_0067c760","0067c760","int FUN_0067c760(int param_1)","71"
"FUN_0067c7b0","0067c7b0","undefined FUN_0067c7b0(int param_1\, uint param_2)","46"
"FUN_0067c7e0","0067c7e0","undefined FUN_0067c7e0(int param_1\, undefined4 param_2\, undefined4 param_3\, undefined4 param_4)","116"
"FUN_0067c860","0067c860","uint FUN_0067c860(int param_1)","45"
"FUN_0067c8e0","0067c8e0","undefined FUN_0067c8e0(int param_1\, int param_2)","73"
"FUN_0067c930","0067c930","undefined4 FUN_0067c930(int param_1)","335"
"FUN_0067cb40","0067cb40","float * FUN_0067cb40(float * param_1\, float * param_2\, float param_3\, int param_4\, byte param_5)","4443"
"FUN_0067dca0","0067dca0","int * FUN_0067dca0(int * param_1\, float * param_2\, float * param_3\, float param_4\, byte param_5)","3290"
"FUN_0067eac0","0067eac0","undefined FUN_0067eac0(byte param_1\, int * param_2)","3427"
"FUN_0067f9e0","0067f9e0","float10 FUN_0067f9e0(float * param_1\, undefined4 param_2\, float param_3\, float param_4\, byte param_5\, int * param_6)","349"
"FUN_0067fb40","0067fb40","undefined4 FUN_0067fb40(void)","6"
"FUN_0067fb50","0067fb50","undefined FUN_0067fb50(int param_1\, int * param_2\, undefined4 * param_3)","49"
"FUN_0067fd40","0067fd40","undefined FUN_0067fd40(int param_1\, byte param_2)","3582"
"FUN_00681db0","00681db0","undefined FUN_00681db0(int * param_1\, undefined * param_2)","122"
"_PlaySfxById","00681e90","undefined _PlaySfxById(int param_1\, float * param_2)","31"
"FUN_00681eb0","00681eb0","undefined FUN_00681eb0(int param_1\, float * param_2\, float param_3)","35"
"FUN_00681ee0","00681ee0","undefined FUN_00681ee0(int param_1\, float * param_2\, float param_3)","35"
"FUN_00681f10","00681f10","undefined FUN_00681f10(int param_1\, float * param_2\, float param_3\, float param_4)","37"
"FUN_00681f40","00681f40","undefined FUN_00681f40(byte * param_1\, float * param_2)","45"
"FUN_00681f70","00681f70","float * FUN_00681f70(int param_1\, float param_2\, float param_3)","781"
"FUN_00682290","00682290","float * FUN_00682290(float param_1\, float param_2\, float param_3)","1025"
"FUN_006826a0","006826a0","float * FUN_006826a0(int param_1\, int param_2\, float param_3)","1122"
"FUN_00682b10","00682b10","undefined FUN_00682b10(uint * param_1\, undefined4 param_2\, uint * param_3\, undefined4 param_4\, char * param_5\, int param_6\, int param_7\, int param_8\, int param_9)","2572"
"FUN_00683530","00683530","undefined FUN_00683530(uint * param_1\, undefined4 param_2\, char * param_3\, int param_4\, int param_5\, int param_6)","43"
"FUN_00683560","00683560","undefined FUN_00683560(int param_1)","2334"
"FUN_00683e90","00683e90","undefined FUN_00683e90(int param_1\, int param_2)","181"
"FUN_00683f50","00683f50","undefined FUN_00683f50(int * param_1)","1191"
"FUN_00684400","00684400","undefined FUN_00684400(int * param_1)","350"
"FUN_00684580","00684580","undefined FUN_00684580(void)","84"
"FUN_00684640","00684640","undefined FUN_00684640(int param_1\, short param_2\, short param_3)","91"
"FUN_006846a0","006846a0","undefined FUN_006846a0(int param_1\, short param_2\, short param_3\, short param_4)","122"
"FUN_00684720","00684720","undefined FUN_00684720(int param_1\, undefined1 param_2\, short param_3\, short param_4)","103"
"FUN_00684790","00684790","undefined FUN_00684790(int param_1\, float param_2)","1098"
"FUN_00684be0","00684be0","undefined FUN_00684be0(int param_1\, float * param_2\, int param_3\, float param_4\, short param_5\, short param_6\, undefined4 * param_7)","86"
"FUN_00684c40","00684c40","undefined FUN_00684c40(int param_1\, float * param_2\, int param_3\, short param_4\, short param_5\, undefined4 * param_6)","78"
"FUN_00684c90","00684c90","undefined FUN_00684c90(int param_1\, float * param_2\, int param_3\, short param_4\, short param_5)","71"
"FUN_00684d30","00684d30","int FUN_00684d30(int param_1\, float * param_2\, int param_3\, float param_4\, short param_5\, short param_6\, undefined4 * param_7\, float param_8)","75"
"FUN_00684d80","00684d80","int FUN_00684d80(int param_1\, float * param_2\, int param_3\, float param_4\, undefined4 * param_5\, undefined4 * param_6\, float param_7)","75"
"FUN_00684ee0","00684ee0","undefined FUN_00684ee0(int * param_1\, int param_2\, undefined4 param_3\, undefined4 param_4\, undefined4 param_5)","1025"
"FUN_00685340","00685340","undefined FUN_00685340(int param_1\, float param_2)","558"
"FUN_00685570","00685570","undefined FUN_00685570(float * param_1)","502"
"FUN_00685770","00685770","undefined FUN_00685770(undefined4 param_1\, int param_2)","1226"
"FUN_00685c40","00685c40","undefined FUN_00685c40(void)","591"
"FUN_00685eb0","00685eb0","undefined FUN_00685eb0(void)","55"
"FUN_00685ef0","00685ef0","undefined FUN_00685ef0(void)","2135"
"FUN_00686750","00686750","int FUN_00686750(float * param_1\, float param_2)","317"
"FUN_006868f0","006868f0","undefined FUN_006868f0(void)","88"
"FUN_00686950","00686950","undefined FUN_00686950(float param_1)","1594"
"FUN_00686fc0","00686fc0","int FUN_00686fc0(int param_1)","338"
"FUN_00687120","00687120","undefined FUN_00687120(float * param_1)","143"
"FUN_006871c0","006871c0","undefined FUN_006871c0(float param_1)","1665"
"FUN_00687850","00687850","undefined FUN_00687850(byte * param_1\, int param_2)","1482"
"FUN_00687e30","00687e30","undefined FUN_00687e30(void)","1321"
"FUN_006884b0","006884b0","undefined FUN_006884b0(int param_1)","383"
"FUN_006886a0","006886a0","undefined FUN_006886a0(int param_1)","295"
"FUN_006887d0","006887d0","undefined FUN_006887d0(int param_1)","252"
"FUN_006888d0","006888d0","undefined FUN_006888d0(int param_1)","555"
"FUN_00688b00","00688b00","undefined FUN_00688b00(int param_1)","248"
"FUN_00688d70","00688d70","undefined FUN_00688d70(void)","624"
"FUN_00689060","00689060","undefined FUN_00689060(int * param_1)","377"
"FUN_006891e0","006891e0","undefined FUN_006891e0(int param_1)","232"
"FUN_006892d0","006892d0","undefined FUN_006892d0(void)","264"
"FUN_006893e0","006893e0","undefined FUN_006893e0(byte * param_1\, int param_2)","646"
"FUN_00689670","00689670","undefined FUN_00689670(char param_1)","79"
"FUN_00689c80","00689c80","undefined FUN_00689c80(char param_1)","474"
"FUN_00689e70","00689e70","undefined FUN_00689e70(char param_1)","81"
"FUN_00689ed0","00689ed0","undefined FUN_00689ed0(char param_1)","158"
"FUN_00689f70","00689f70","undefined FUN_00689f70(void)","107"
"FUN_0068a0d0","0068a0d0","undefined FUN_0068a0d0(int param_1)","504"
"FUN_0068a2d0","0068a2d0","undefined FUN_0068a2d0(int param_1)","436"
"FUN_0068a4c0","0068a4c0","undefined FUN_0068a4c0(int param_1)","442"
"FUN_0068a6b0","0068a6b0","undefined FUN_0068a6b0(int param_1)","442"
"FUN_0068ad00","0068ad00","undefined FUN_0068ad00(int param_1)","620"
"FUN_0068b170","0068b170","undefined FUN_0068b170(int param_1\, undefined4 * param_2)","170"
"FUN_0068b220","0068b220","undefined FUN_0068b220(int param_1\, float * param_2)","348"
"FUN_0068b3b0","0068b3b0","int FUN_0068b3b0(undefined4 * param_1)","1074"
"FUN_0068b7f0","0068b7f0","undefined FUN_0068b7f0(float * param_1)","60"
"FUN_0068b830","0068b830","undefined FUN_0068b830(int param_1)","93"
"FUN_0068b890","0068b890","undefined FUN_0068b890(int param_1)","311"
"FUN_0068bbe0","0068bbe0","undefined FUN_0068bbe0(int param_1)","56"
"FUN_0068cc30","0068cc30","undefined FUN_0068cc30(int param_1)","243"
"FUN_0068cdb0","0068cdb0","undefined FUN_0068cdb0(int param_1)","290"
"FUN_0068cfd0","0068cfd0","undefined FUN_0068cfd0(undefined4 param_1\, undefined4 param_2)","325"
"FUN_0068d170","0068d170","undefined FUN_0068d170(int param_1)","253"
"FUN_0068d2c0","0068d2c0","undefined FUN_0068d2c0(int param_1)","261"
"FUN_0068d6a0","0068d6a0","undefined FUN_0068d6a0(int param_1\, int param_2)","764"
"FUN_0068dd10","0068dd10","undefined FUN_0068dd10(int param_1)","517"
"FUN_0068df20","0068df20","undefined FUN_0068df20(byte * param_1\, char param_2\, undefined4 param_3)","1462"
"FUN_0068e4f0","0068e4f0","undefined FUN_0068e4f0(void)","497"
"FUN_0068e6f0","0068e6f0","undefined FUN_0068e6f0(int param_1)","403"
"FUN_0068e890","0068e890","undefined FUN_0068e890(byte param_1)","103"
"FUN_0068e900","0068e900","undefined FUN_0068e900(int param_1)","252"
"FUN_0068ea00","0068ea00","undefined FUN_0068ea00(void * this\, char param_1)","338"
"FUN_0068eb60","0068eb60","undefined FUN_0068eb60(int param_1)","431"
"FUN_0068ed90","0068ed90","undefined FUN_0068ed90(void)","156"
"FUN_0068ee40","0068ee40","int FUN_0068ee40(int param_1\, float * param_2)","2006"
"FUN_0068f940","0068f940","undefined FUN_0068f940(float * param_1\, float * param_2\, char * param_3\, undefined2 param_4\, float param_5\, float param_6\, float param_7\, int param_8\, int param_9\, byte param_10)","1984"
"FUN_00690180","00690180","undefined FUN_00690180(int * param_1\, int param_2\, float * param_3\, undefined4 * param_4\, undefined4 * param_5\, undefined4 param_6)","724"
"FUN_00690460","00690460","undefined FUN_00690460(int * param_1\, int param_2\, float * param_3\, undefined4 param_4)","33"
"FUN_00690490","00690490","undefined FUN_00690490(int * param_1\, int param_2\, float * param_3\, undefined4 * param_4\, undefined4 * param_5\, undefined4 param_6\, float param_7)","61"
"FUN_00690520","00690520","undefined FUN_00690520(void)","239"
"FUN_00690610","00690610","undefined FUN_00690610(int param_1)","161"
"FUN_00690d40","00690d40","undefined FUN_00690d40(int param_1)","248"
"FUN_00690e40","00690e40","undefined FUN_00690e40(float param_1)","282"
"FUN_00690f60","00690f60","undefined FUN_00690f60(byte * param_1\, int param_2\, undefined4 param_3\, int * param_4)","1650"
"FUN_00691730","00691730","undefined FUN_00691730(void)","779"
"FUN_00691a40","00691a40","undefined FUN_00691a40(float param_1)","1643"
"FUN_00692830","00692830","undefined FUN_00692830(int param_1)","541"
"FUN_00692eb0","00692eb0","undefined FUN_00692eb0(int param_1)","708"
"FUN_00693180","00693180","undefined FUN_00693180(int param_1)","880"
"FUN_00693b60","00693b60","undefined FUN_00693b60(void)","1"
"FUN_00693b70","00693b70","undefined FUN_00693b70(void)","1"
"FUN_00693bc0","00693bc0","undefined FUN_00693bc0(undefined4 * param_1)","66"
"FUN_00693c40","00693c40","undefined FUN_00693c40(int param_1)","78"
"FUN_00693c90","00693c90","int FUN_00693c90(void * this\, int param_1)","72"
"FUN_00693ce0","00693ce0","int FUN_00693ce0(void * this\, int param_1)","75"
"FUN_00693d30","00693d30","int FUN_00693d30(void * this\, int param_1\, int param_2)","89"
"FUN_00693da0","00693da0","int FUN_00693da0(int param_1)","63"
"FUN_00693e10","00693e10","undefined FUN_00693e10(int param_1)","38"
"FUN_00693e50","00693e50","int FUN_00693e50(int param_1)","33"
"FUN_00693e80","00693e80","undefined4 FUN_00693e80(void * this\, int param_1)","54"
"FUN_00693ec0","00693ec0","char FUN_00693ec0(void * this\, byte param_1\, undefined4 * param_2)","138"
"FUN_00693f50","00693f50","undefined FUN_00693f50(int param_1)","98"
"FUN_00693fd0","00693fd0","undefined4 FUN_00693fd0(int param_1)","90"
"FUN_00694030","00694030","undefined4 FUN_00694030(void * this\, byte param_1\, byte param_2)","194"
"FUN_00694100","00694100","undefined4 FUN_00694100(void * this\, byte param_1)","157"
"FUN_006941a0","006941a0","undefined4 FUN_006941a0(void * this\, byte param_1)","147"
"FUN_00694240","00694240","undefined4 FUN_00694240(void * this\, int param_1\, uint param_2)","212"
"FUN_00694320","00694320","uint FUN_00694320(void * this\, int param_1\, byte * param_2)","358"
"FUN_00694490","00694490","uint FUN_00694490(void * this\, uint param_1\, undefined4 * param_2)","191"
"FUN_006945b0","006945b0","undefined FUN_006945b0(void * this\, int param_1)","57"
"FUN_006946b0","006946b0","byte * FUN_006946b0(void * this\, byte * param_1)","74"
"FUN_00694740","00694740","undefined FUN_00694740(char * param_1\, char * param_2\, byte * param_3\, char * param_4)","119"
"FUN_006947c0","006947c0","int FUN_006947c0(undefined4 * param_1\, int * param_2\, byte * param_3\, int param_4\, undefined4 param_5)","118"
"FUN_00694840","00694840","undefined FUN_00694840(void * this\, int * param_1)","239"
"FUN_00694930","00694930","undefined FUN_00694930(void * this\, byte * param_1\, uint * param_2)","569"
"FUN_00694b80","00694b80","int FUN_00694b80(void * this\, byte * param_1)","90"
"FUN_00694c20","00694c20","undefined4 FUN_00694c20(void * this\, byte * param_1\, undefined4 param_2\, uint * param_3)","154"
"FUN_00694d50","00694d50","undefined FUN_00694d50(void * this\, undefined4 param_1\, float param_2)","84"
"FUN_00694db0","00694db0","undefined FUN_00694db0(void * this\, byte param_1\, float param_2)","184"
"FUN_00694e70","00694e70","undefined FUN_00694e70(void * this\, undefined4 param_1\, int param_2)","757"
"FUN_00695170","00695170","undefined FUN_00695170(void * this\, undefined4 * param_1\, undefined4 * param_2)","66"
"FUN_006951c0","006951c0","float10 FUN_006951c0(void)","34"
"FUN_006951f0","006951f0","undefined4 FUN_006951f0(undefined4 param_1\, undefined4 param_2\, undefined4 param_3\, int param_4)","320"
"FUN_006953b0","006953b0","undefined4 FUN_006953b0(int param_1)","344"
"FUN_006955e0","006955e0","undefined4 FUN_006955e0(void * this\, int param_1\, undefined4 param_2\, int param_3)","94"
"FUN_00695640","00695640","undefined4 FUN_00695640(int * param_1)","209"
"FUN_00695720","00695720","undefined4 FUN_00695720(int param_1)","172"
"FUN_006957d0","006957d0","undefined4 FUN_006957d0(int * param_1)","370"
"FUN_00695950","00695950","undefined FUN_00695950(void * this\, float param_1\, float param_2)","1398"
"FUN_00695ef0","00695ef0","undefined4 FUN_00695ef0(void * this\, int param_1\, float param_2)","100"
"FUN_00695f60","00695f60","undefined4 FUN_00695f60(void * this\, int param_1)","223"
"FUN_00696040","00696040","undefined4 FUN_00696040(void * this\, int param_1\, int param_2)","294"
"FUN_00696170","00696170","undefined4 FUN_00696170(void * this\, int param_1\, byte * param_2)","52"
"FUN_006961b0","006961b0","undefined FUN_006961b0(int param_1\, int param_2)","57"
"FUN_00696220","00696220","undefined FUN_00696220(void * this\, int param_1)","90"
"FUN_00696280","00696280","undefined FUN_00696280(void * this\, int param_1)","165"
"FUN_00696330","00696330","undefined FUN_00696330(void * this\, int param_1)","234"
"FUN_00696420","00696420","undefined FUN_00696420(void * this\, int param_1)","165"
"FUN_006964d0","006964d0","undefined FUN_006964d0(void * this\, int param_1\, int param_2)","524"
"FUN_006966e0","006966e0","undefined FUN_006966e0(int param_1\, int param_2)","36"
"FUN_00696730","00696730","undefined FUN_00696730(void * this\, int param_1)","152"
"FUN_00696830","00696830","undefined FUN_00696830(void * this\, int param_1)","138"
"thunk_FUN_00696040","00696900","thunk undefined4 thunk_FUN_00696040(void * this\, int param_1\, int param_2)","5"
"FUN_00696a30","00696a30","undefined FUN_00696a30(void * this\, int param_1)","15"
"FUN_00696a90","00696a90","undefined FUN_00696a90(void)","1"
"FUN_00696ab0","00696ab0","undefined FUN_00696ab0(void)","1"
"FUN_00696b00","00696b00","undefined FUN_00696b00(void)","32"
"FUN_00696b40","00696b40","undefined FUN_00696b40(int * param_1\, int param_2)","48"
"FUN_00696be0","00696be0","undefined4 * FUN_00696be0(void)","15"
"FUN_00696bf0","00696bf0","int * FUN_00696bf0(void * this\, byte param_1)","30"
"FUN_00696c90","00696c90","undefined FUN_00696c90(void * this\, int param_1)","109"
"FUN_00696d00","00696d00","undefined FUN_00696d00(void * this\, undefined4 param_1\, undefined1 param_2\, undefined1 param_3)","514"
"FUN_00696f10","00696f10","undefined FUN_00696f10(void * this\, char * param_1\, int param_2)","141"
"FUN_00696fa0","00696fa0","undefined FUN_00696fa0(void * this\, undefined4 param_1\, int param_2)","805"
"FUN_006973c0","006973c0","undefined FUN_006973c0(undefined4 * param_1)","164"
"FUN_00697470","00697470","uint FUN_00697470(void * this\, int param_1\, int param_2)","264"
"FUN_00697580","00697580","undefined FUN_00697580(int param_1\, undefined4 param_2\, int param_3\, uint param_4)","267"
"FUN_00697690","00697690","undefined FUN_00697690(void * this\, int param_1)","98"
"FUN_00697740","00697740","uint FUN_00697740(void * this\, int param_1\, int param_2\, uint * param_3)","99"
"FUN_006977b0","006977b0","undefined4 FUN_006977b0(float * param_1)","200"
"FUN_00697880","00697880","undefined FUN_00697880(void * this\, int param_1\, undefined4 * param_2\, int param_3)","149"
"FUN_00697920","00697920","undefined FUN_00697920(int param_1\, undefined4 param_2\, int param_3\, undefined4 param_4)","104"
"FUN_00697990","00697990","undefined FUN_00697990(void * this\, int param_1\, uint param_2)","135"
"FUN_00697a20","00697a20","undefined4 FUN_00697a20(void)","6"
"FUN_00697a30","00697a30","undefined1 FUN_00697a30(int param_1)","22"
"FUN_00697a50","00697a50","undefined FUN_00697a50(int param_1)","354"
"FUN_00697d90","00697d90","undefined FUN_00697d90(undefined4 * param_1)","274"
"FUN_00697eb0","00697eb0","undefined FUN_00697eb0(void)","207"
"FUN_00698040","00698040","undefined FUN_00698040(int param_1)","118"
"FUN_006980c0","006980c0","undefined FUN_006980c0(int param_1)","62"
"FUN_00698100","00698100","undefined FUN_00698100(float * param_1\, int param_2)","261"
"FUN_00698210","00698210","undefined FUN_00698210(float * param_1\, int param_2)","67"
"FUN_00698260","00698260","undefined FUN_00698260(float * param_1\, int param_2\, int param_3\, undefined4 param_4\, uint param_5)","411"
"FUN_00698400","00698400","undefined FUN_00698400(int param_1)","25"
"FUN_00698420","00698420","undefined FUN_00698420(int param_1)","25"
"FUN_00698440","00698440","undefined FUN_00698440(int param_1)","25"
"FUN_00698460","00698460","undefined FUN_00698460(undefined4 param_1\, undefined4 param_2\, int param_3)","72"
"FUN_006984c0","006984c0","undefined FUN_006984c0(int param_1)","25"
"FUN_006984e0","006984e0","undefined FUN_006984e0(int param_1)","59"
"FUN_00698520","00698520","undefined FUN_00698520(int param_1)","181"
"FUN_006986d0","006986d0","undefined FUN_006986d0(undefined4 param_1)","10"
"FUN_00698710","00698710","undefined FUN_00698710(undefined4 param_1\, int param_2)","100"
"FUN_006987a0","006987a0","undefined FUN_006987a0(void)","1"
"FUN_00698820","00698820","undefined FUN_00698820(void)","1"
"FUN_00698900","00698900","undefined FUN_00698900(void)","1"
"FUN_00698910","00698910","undefined FUN_00698910(void)","1"
"FUN_00698920","00698920","undefined FUN_00698920(void)","1"
"FUN_00698930","00698930","undefined FUN_00698930(void)","1"
"FUN_00698990","00698990","bool FUN_00698990(void)","12"
"FUN_006989a0","006989a0","undefined FUN_006989a0(void)","1"
"FUN_006989b0","006989b0","undefined FUN_006989b0(int param_1)","79"
"FUN_00698a00","00698a00","undefined FUN_00698a00(undefined4 param_1\, undefined4 param_2)","21"
"FUN_00698a20","00698a20","undefined FUN_00698a20(void)","1"
"FUN_00698a40","00698a40","undefined FUN_00698a40(void)","1"
"FUN_00698b80","00698b80","undefined FUN_00698b80(int param_1)","200"
"FUN_00698c50","00698c50","undefined FUN_00698c50(int param_1)","101"
"FUN_00698cc0","00698cc0","undefined FUN_00698cc0(void * param_1)","336"
"FUN_00698e70","00698e70","undefined FUN_00698e70(void)","86"
"FUN_00698ed0","00698ed0","undefined FUN_00698ed0(void)","32"
"FUN_00698f10","00698f10","undefined FUN_00698f10(void)","10"
"FUN_00698f20","00698f20","undefined FUN_00698f20(int param_1)","118"
"FUN_00698fa0","00698fa0","undefined FUN_00698fa0(void)","42"
"FUN_00699070","00699070","undefined4 FUN_00699070(int param_1)","266"
"FUN_00699180","00699180","bool FUN_00699180(void * this\, undefined4 param_1\, undefined4 param_2)","117"
"FUN_00699200","00699200","undefined4 FUN_00699200(void * this\, undefined4 * param_1)","95"
"FUN_00699260","00699260","undefined1 FUN_00699260(void * this\, int param_1)","85"
"FUN_006992c0","006992c0","undefined FUN_006992c0(int param_1)","886"
"FUN_00699640","00699640","bool FUN_00699640(void * this\, char * param_1\, int param_2)","68"
"FUN_00699690","00699690","bool FUN_00699690(void * this\, undefined4 param_1)","29"
"FUN_006996b0","006996b0","bool FUN_006996b0(int * param_1)","22"
"FUN_006996d0","006996d0","bool FUN_006996d0(int * param_1)","22"
"FUN_006996f0","006996f0","bool FUN_006996f0(int * param_1)","22"
"FUN_00699710","00699710","undefined4 FUN_00699710(void * this\, undefined4 param_1)","82"
"FUN_00699770","00699770","undefined4 FUN_00699770(int param_1)","37"
"FUN_006997a0","006997a0","int FUN_006997a0(void * param_1)","77"
"FUN_006997f0","006997f0","undefined FUN_006997f0(int param_1)","77"
"FUN_00699840","00699840","undefined FUN_00699840(int param_1)","90"
"FUN_006998a0","006998a0","undefined FUN_006998a0(int param_1)","43"
"FUN_006998d0","006998d0","undefined FUN_006998d0(int param_1)","26"
"FUN_006998f0","006998f0","undefined FUN_006998f0(int * param_1)","232"
"FUN_006999e0","006999e0","undefined4 FUN_006999e0(int param_1)","1208"
"FUN_00699ec0","00699ec0","undefined4 * FUN_00699ec0(void * this\, int * param_1\, undefined4 param_2)","662"
"FUN_0069a180","0069a180","undefined FUN_0069a180(void)","1"
"FUN_0069a1b0","0069a1b0","undefined FUN_0069a1b0(undefined4 * param_1)","16"
"FUN_0069a210","0069a210","int FUN_0069a210(int param_1)","23"
"FUN_0069a250","0069a250","undefined4 FUN_0069a250(int param_1)","35"
"FUN_0069a280","0069a280","int FUN_0069a280(int param_1)","103"
"FUN_0069a330","0069a330","undefined FUN_0069a330(undefined4 * param_1)","32"
"FUN_0069a350","0069a350","undefined4 FUN_0069a350(HANDLE param_1\, char * param_2\, uint * param_3)","181"
"FUN_0069a410","0069a410","bool FUN_0069a410(void * this\, HANDLE param_1\, int param_2)","66"
"FUN_0069a460","0069a460","undefined4 FUN_0069a460(void * this\, int * param_1\, byte * param_2\, undefined4 * param_3)","538"
"FUN_0069a680","0069a680","undefined4 FUN_0069a680(void * this\, undefined4 param_1\, LPVOID param_2\, undefined4 param_3\, uint * param_4)","291"
"FUN_0069a7b0","0069a7b0","undefined4 * FUN_0069a7b0(void * this\, byte param_1)","52"
"FUN_0069a850","0069a850","undefined4 * FUN_0069a850(undefined4 * param_1)","130"
"FUN_0069a8f0","0069a8f0","int FUN_0069a8f0(int param_1)","54"
"FUN_0069aac0","0069aac0","undefined4 FUN_0069aac0(int param_1)","132"
"FUN_0069ab50","0069ab50","int FUN_0069ab50(void * this\, float param_1)","130"
"FUN_0069ad80","0069ad80","undefined FUN_0069ad80(undefined4 * param_1)","71"
"FUN_0069add0","0069add0","undefined4 FUN_0069add0(void * this\, int * param_1\, byte * param_2\, undefined4 * param_3)","1002"
"FUN_0069b1c0","0069b1c0","undefined4 * FUN_0069b1c0(void * this\, byte param_1)","86"
"FUN_0069b270","0069b270","int FUN_0069b270(void)","109"
"FUN_0069b2e0","0069b2e0","undefined4 FUN_0069b2e0(int param_1\, int param_2)","84"
"FUN_0069b340","0069b340","undefined8 FUN_0069b340(int * param_1\, uint param_2\, int param_3)","167"
"FUN_0069b3f0","0069b3f0","undefined8 FUN_0069b3f0(int * param_1)","340"
"FUN_0069b5e0","0069b5e0","undefined4 FUN_0069b5e0(undefined4 param_1\, int * param_2)","278"
"FUN_0069b700","0069b700","int FUN_0069b700(int * param_1\, undefined4 param_2\, undefined4 param_3\, void * param_4\, int param_5\, void * param_6\, int param_7\, int * param_8\, int param_9\, int param_10)","692"
"FUN_0069b9c0","0069b9c0","int FUN_0069b9c0(void * this\, undefined4 * param_1\, int * param_2\, undefined4 * param_3)","552"
"FUN_0069bbf0","0069bbf0","undefined FUN_0069bbf0(int param_1\, int param_2)","1018"
"FUN_0069bff0","0069bff0","undefined4 FUN_0069bff0(void)","103"
"FUN_0069c060","0069c060","undefined FUN_0069c060(void)","35"
"FUN_0069c090","0069c090","int FUN_0069c090(undefined4 * param_1\, int param_2\, int param_3)","776"
"FUN_0069c3c0","0069c3c0","undefined4 FUN_0069c3c0(int * param_1)","258"
"FUN_0069c560","0069c560","undefined4 FUN_0069c560(int param_1)","26"
"FUN_0069c6b0","0069c6b0","longlong FUN_0069c6b0(int param_1\, int param_2)","107"
"FUN_0069c720","0069c720","float10 FUN_0069c720(int param_1\, int param_2)","126"
"FUN_0069c7a0","0069c7a0","undefined FUN_0069c7a0(int param_1\, uint param_2\, int param_3)","870"
"FUN_0069cb10","0069cb10","int FUN_0069cb10(int * param_1\, uint param_2\, int param_3)","1877"
"FUN_0069d270","0069d270","int FUN_0069d270(int * param_1\, uint param_2\, int param_3)","736"
"FUN_0069d560","0069d560","int FUN_0069d560(int * param_1\, double param_2)","237"
"FUN_0069d650","0069d650","int FUN_0069d650(int * param_1\, double param_2)","237"
"FUN_0069d760","0069d760","undefined8 FUN_0069d760(int param_1)","26"
"FUN_0069d780","0069d780","float10 FUN_0069d780(int param_1)","214"
"FUN_0069d860","0069d860","int FUN_0069d860(int param_1\, int param_2)","46"
"FUN_0069d8d0","0069d8d0","uint FUN_0069d8d0(int param_1\, short * param_2\, int param_3\, int param_4\, int param_5\, int param_6\, undefined4 * param_7)","853"
"FUN_0069dcd0","0069dcd0","undefined FUN_0069dcd0(int param_1\, int param_2\, int * param_3\, int param_4\, int param_5\, int param_6\, int param_7)","662"
"FUN_0069df70","0069df70","int FUN_0069df70(void)","40"
"FUN_0069dfa0","0069dfa0","int FUN_0069dfa0(void)","59"
"FUN_0069dfe0","0069dfe0","undefined FUN_0069dfe0(int param_1\, int param_2\, int param_3\, int param_4\, int param_5)","364"
"FUN_0069e150","0069e150","undefined FUN_0069e150(int param_1\, int param_2)","491"
"FUN_0069e340","0069e340","undefined FUN_0069e340(void * this\, undefined4 param_1\, undefined4 param_2\, undefined * param_3)","389"
"FUN_0069e530","0069e530","undefined FUN_0069e530(void * this\, undefined8 param_1\, undefined * param_2)","390"
"FUN_0069e700","0069e700","int FUN_0069e700(void)","300"
"FUN_0069e830","0069e830","int FUN_0069e830(void * param_1\, size_t param_2\, int param_3\, undefined * param_4\, int param_5\, int param_6)","257"
"FUN_0069e940","0069e940","int FUN_0069e940(void)","72"
"FUN_0069e990","0069e990","undefined FUN_0069e990(undefined4 param_1\, undefined4 param_2\, void * param_3\, size_t param_4\, int param_5\, undefined * param_6\, int param_7\, int param_8)","73"
"FUN_0069eb30","0069eb30","ulonglong FUN_0069eb30(undefined4 param_1\, undefined4 param_2\, int param_3\, int param_4)","356"
"FUN_0069ecb0","0069ecb0","byte FUN_0069ecb0(int * param_1)","14"
"FUN_0069ecc0","0069ecc0","byte FUN_0069ecc0(int * param_1)","14"
"FUN_0069ecd0","0069ecd0","byte FUN_0069ecd0(int * param_1)","14"
"FUN_0069ece0","0069ece0","undefined8 FUN_0069ece0(int * param_1)","136"
"FUN_0069ed70","0069ed70","undefined4 FUN_0069ed70(int * param_1)","33"
"FUN_0069ee00","0069ee00","undefined4 FUN_0069ee00(undefined4 * param_1\, undefined4 param_2)","101"
"FUN_0069ee70","0069ee70","undefined4 FUN_0069ee70(undefined4 * param_1)","76"
"FUN_0069ef10","0069ef10","undefined FUN_0069ef10(int param_1)","62"
"FUN_0069ef50","0069ef50","undefined FUN_0069ef50(int * param_1)","162"
"FUN_0069f000","0069f000","undefined4 FUN_0069f000(int * param_1\, undefined4 * param_2)","400"
"FUN_0069f190","0069f190","undefined4 FUN_0069f190(int * param_1\, int * param_2)","526"
"FUN_0069f400","0069f400","undefined FUN_0069f400(undefined4 * param_1)","31"
"FUN_0069f420","0069f420","undefined4 FUN_0069f420(undefined4 * param_1)","50"
"FUN_0069f4a0","0069f4a0","int FUN_0069f4a0(int * param_1\, int param_2)","116"
"FUN_0069f520","0069f520","undefined4 FUN_0069f520(int param_1\, int param_2)","28"
"FUN_0069f540","0069f540","int FUN_0069f540(int * param_1\, int * param_2)","585"
"FUN_0069f7f0","0069f7f0","undefined4 FUN_0069f7f0(int * param_1\, int * param_2)","750"
"FUN_0069fae0","0069fae0","undefined4 FUN_0069fae0(int param_1)","24"
"FUN_0069fb00","0069fb00","undefined4 FUN_0069fb00(int param_1)","76"
"FUN_0069fb50","0069fb50","undefined4 FUN_0069fb50(int param_1\, undefined4 param_2)","86"
"FUN_0069fbb0","0069fbb0","undefined4 FUN_0069fbb0(int param_1)","267"
"FUN_0069fcc0","0069fcc0","undefined FUN_0069fcc0(void)","21"
"FUN_0069fce0","0069fce0","undefined FUN_0069fce0(void)","21"
"FUN_0069fd80","0069fd80","undefined FUN_0069fd80(undefined1 * param_1)","42"
"FUN_0069fdb0","0069fdb0","undefined FUN_0069fdb0(undefined4 * param_1)","18"
"FUN_0069fdd0","0069fdd0","undefined FUN_0069fdd0(int * param_1\, char * param_2)","154"
"FUN_0069fe70","0069fe70","undefined FUN_0069fe70(undefined4 param_1\, char * param_2\, char * param_3)","175"
"FUN_0069ff20","0069ff20","undefined4 FUN_0069ff20(char * param_1)","79"
"FUN_0069ff70","0069ff70","char * FUN_0069ff70(int * param_1\, char * param_2\, int param_3)","167"
"FUN_006a0020","006a0020","int FUN_006a0020(int param_1\, char * param_2)","143"
"FUN_006a00b0","006a00b0","undefined FUN_006a00b0(int * param_1)","110"
"FUN_006a0120","006a0120","undefined4 FUN_006a0120(int param_1\, int param_2)","23"
"FUN_006a0140","006a0140","undefined FUN_006a0140(undefined4 * param_1)","50"
"FUN_006a0180","006a0180","undefined FUN_006a0180(undefined4 * param_1)","386"
"FUN_006a0310","006a0310","undefined4 FUN_006a0310(void)","203"
"FUN_006a03e0","006a03e0","undefined4 FUN_006a03e0(int * param_1)","246"
"FUN_006a04e0","006a04e0","undefined4 FUN_006a04e0(undefined4 * param_1)","636"
"FUN_006a0760","006a0760","bool FUN_006a0760(undefined4 * param_1)","295"
"FUN_006a0890","006a0890","undefined4 FUN_006a0890(undefined4 * param_1\, int param_2\, undefined4 * param_3)","413"
"FUN_006a0a30","006a0a30","undefined4 FUN_006a0a30(void)","232"
"FUN_006a0b20","006a0b20","undefined4 FUN_006a0b20(int * param_1)","296"
"FUN_006a0c50","006a0c50","undefined4 FUN_006a0c50(int param_1)","543"
"FUN_006a0f00","006a0f00","undefined4 FUN_006a0f00(int param_1\, int * param_2\, undefined4 * param_3\, undefined4 * param_4\, undefined4 * param_5)","668"
"FUN_006a11d0","006a11d0","undefined4 FUN_006a11d0(int * param_1\, undefined4 * param_2)","327"
"FUN_006a1320","006a1320","undefined4 FUN_006a1320(undefined4 * param_1\, undefined4 * param_2)","203"
"FUN_006a13f0","006a13f0","undefined4 FUN_006a13f0(int param_1\, undefined4 * param_2)","124"
"FUN_006a14a0","006a14a0","undefined4 FUN_006a14a0(int param_1)","14"
"FUN_006a14d0","006a14d0","undefined4 FUN_006a14d0(int * param_1\, void * param_2)","120"
"FUN_006a1550","006a1550","int FUN_006a1550(int param_1\, int param_2)","100"
"FUN_006a15c0","006a15c0","undefined FUN_006a15c0(int param_1)","98"
"FUN_006a1630","006a1630","undefined4 FUN_006a1630(void * param_1)","115"
"FUN_006a16b0","006a16b0","undefined4 FUN_006a16b0(undefined4 * param_1\, int param_2\, int param_3)","936"
"FUN_006a1ae0","006a1ae0","undefined FUN_006a1ae0(void * param_1)","578"
"FUN_006a1d30","006a1d30","undefined4 FUN_006a1d30(int param_1\, int param_2)","193"
"FUN_006a1e00","006a1e00","undefined FUN_006a1e00(void)","229"
"FUN_006a1ef0","006a1ef0","undefined4 FUN_006a1ef0(int param_1\, int param_2)","297"
"FUN_006a2020","006a2020","undefined4 FUN_006a2020(int param_1\, int * param_2)","735"
"FUN_006a2310","006a2310","undefined4 FUN_006a2310(int param_1)","98"
"FUN_006a2380","006a2380","undefined4 FUN_006a2380(undefined4 * param_1\, int param_2)","45"
"FUN_006a23b0","006a23b0","undefined4 FUN_006a23b0(int param_1\, int * param_2)","2509"
"FUN_006a2db0","006a2db0","int FUN_006a2db0(int param_1\, undefined4 * param_2)","82"
"FUN_006a2e10","006a2e10","undefined4 FUN_006a2e10(int param_1\, int param_2)","34"
"FUN_006a2e40","006a2e40","int FUN_006a2e40(int param_1\, undefined4 * param_2)","842"
"FUN_006a3190","006a3190","undefined * FUN_006a3190(int param_1\, int param_2)","49"
"FUN_006a3210","006a3210","int FUN_006a3210(int param_1\, undefined4 * param_2)","165"
"FUN_006a32c0","006a32c0","undefined FUN_006a32c0(undefined4 param_1\, undefined4 param_2\, int param_3\, int param_4\, int param_5\, int param_6\, uint param_7\, int param_8)","396"
"FUN_006a3490","006a3490","undefined FUN_006a3490(undefined4 * param_1)","52"
"FUN_006a3510","006a3510","undefined FUN_006a3510(int * param_1\, int param_2)","45"
"FUN_006a3570","006a3570","undefined FUN_006a3570(int * param_1\, uint param_2\, int param_3)","218"
"FUN_006a38a0","006a38a0","undefined FUN_006a38a0(undefined4 * param_1)","27"
"FUN_006a38e0","006a38e0","undefined FUN_006a38e0(undefined4 * param_1)","35"
"FUN_006a3940","006a3940","undefined FUN_006a3940(undefined4 * param_1\, undefined4 param_2\, undefined4 param_3)","29"
"FUN_006a3980","006a3980","uint FUN_006a3980(int * param_1\, int param_2)","159"
"FUN_006a3b10","006a3b10","undefined FUN_006a3b10(int * param_1\, int param_2)","36"
"FUN_006a3bb0","006a3bb0","uint FUN_006a3bb0(int * param_1\, int param_2)","187"
"FUN_006a3c70","006a3c70","uint FUN_006a3c70(int * param_1\, int param_2)","190"
"FUN_006a3db0","006a3db0","int FUN_006a3db0(int * param_1)","22"
"FUN_006a3e10","006a3e10","undefined4 FUN_006a3e10(int param_1)","8"
"FUN_006a3e80","006a3e80","undefined FUN_006a3e80(undefined4 * param_1)","46"
"FUN_006a3ee0","006a3ee0","undefined FUN_006a3ee0(void * param_1)","33"
"FUN_006a3f10","006a3f10","undefined FUN_006a3f10(int param_1)","113"
"FUN_006a3f90","006a3f90","undefined FUN_006a3f90(int param_1)","113"
"FUN_006a4010","006a4010","undefined FUN_006a4010(float param_1)","87"
"FUN_006a4070","006a4070","void * FUN_006a4070(void * this\, float param_1\, float * param_2\, float param_3\, float param_4)","3054"
"FUN_006a4c70","006a4c70","undefined FUN_006a4c70(undefined4 * param_1\, int param_2\, undefined4 * param_3\, float * param_4\, int param_5)","1845"
"FUN_006a53c0","006a53c0","undefined FUN_006a53c0(void * param_1)","201"
"FUN_006a5490","006a5490","undefined FUN_006a5490(undefined4 param_1\, undefined4 param_2\, int param_3\, undefined4 param_4\, undefined4 param_5\, int param_6\, int param_7)","424"
"FUN_006a5640","006a5640","undefined FUN_006a5640(int param_1\, int param_2\, int param_3)","239"
"FUN_006a5740","006a5740","undefined FUN_006a5740(int param_1\, int param_2\, int param_3)","403"
"FUN_006a58e0","006a58e0","undefined FUN_006a58e0(int param_1\, int param_2)","307"
"FUN_006a5a20","006a5a20","undefined FUN_006a5a20(int param_1\, uint * param_2\, float * param_3\, int param_4\, float param_5\, int param_6)","2878"
"FUN_006a6560","006a6560","undefined FUN_006a6560(int * param_1\, int param_2\, int param_3\, int param_4\, int param_5)","260"
"FUN_006a6670","006a6670","undefined FUN_006a6670(void * this\, float * param_1\, int param_2\, float * param_3)","489"
"FUN_006a6860","006a6860","undefined FUN_006a6860(int * param_1\, undefined4 param_2\, int param_3\, undefined4 param_4\, float param_5)","322"
"FUN_006a69b0","006a69b0","undefined FUN_006a69b0(int * param_1\, int param_2\, int param_3\, int param_4\, int param_5\, int param_6\, float * param_7)","1380"
"FUN_006a6f20","006a6f20","float10 FUN_006a6f20(float param_1\, int param_2)","89"
"FUN_006a6f80","006a6f80","undefined FUN_006a6f80(float * param_1\, float * param_2\, float param_3\, float param_4)","193"
"FUN_006a70c0","006a70c0","float10 FUN_006a70c0(float param_1\, float param_2)","199"
"FUN_006a7190","006a7190","float10 FUN_006a7190(float param_1\, float param_2)","183"
"FUN_006a7250","006a7250","int FUN_006a7250(int param_1\, int param_2\, int * param_3\, int param_4\, int param_5)","370"
"FUN_006a7430","006a7430","int * FUN_006a7430(int param_1\, int * param_2\, int param_3\, int param_4)","311"
"FUN_006a7570","006a7570","undefined FUN_006a7570(int * param_1\, int param_2\, int param_3)","167"
"FUN_006a7620","006a7620","undefined FUN_006a7620(int * param_1\, int param_2\, float * param_3\, int param_4)","746"
"FUN_006a7910","006a7910","undefined FUN_006a7910(int param_1\, int param_2\, int * param_3\, int param_4\, int param_5\, int param_6\, int * param_7\, int param_8\, int param_9\, int param_10)","1089"
"FUN_006a7d60","006a7d60","undefined FUN_006a7d60(undefined4 param_1\, undefined4 param_2\, int param_3\, int * param_4\, int param_5\, int param_6)","353"
"FUN_006a7ed0","006a7ed0","int FUN_006a7ed0(uint param_1)","24"
"FUN_006a7fd0","006a7fd0","uint * FUN_006a7fd0(int param_1\, int param_2\, int param_3)","371"
"FUN_006a8150","006a8150","undefined FUN_006a8150(int * param_1)","121"
"FUN_006a81d0","006a81d0","void * FUN_006a81d0(int * param_1\, int param_2\, int param_3)","1306"
"FUN_006a86f0","006a86f0","undefined FUN_006a86f0(void * param_1)","202"
"FUN_006a87c0","006a87c0","undefined FUN_006a87c0(void * param_1)","28"
"FUN_006a87e0","006a87e0","undefined FUN_006a87e0(void * param_1)","100"
"FUN_006a8850","006a8850","undefined4 FUN_006a8850(int * param_1\, int * param_2)","80"
"FUN_006a8920","006a8920","undefined4 FUN_006a8920(undefined4 * param_1\, undefined4 * param_2)","1279"
"FUN_006a8e30","006a8e30","float10 FUN_006a8e30(int param_1\, int param_2\, float * param_3)","289"
"FUN_006a8f60","006a8f60","int * FUN_006a8f60(int * param_1\, float * param_2\, int param_3)","586"
"FUN_006a91f0","006a91f0","undefined4 FUN_006a91f0(uint * param_1\, int * param_2)","599"
"FUN_006a9450","006a9450","undefined4 FUN_006a9450(int * param_1\, uint * param_2)","588"
"FUN_006a96a0","006a96a0","undefined4 FUN_006a96a0(int param_1\, int param_2\, int * param_3)","66"
"FUN_006a9870","006a9870","uint FUN_006a9870(uint param_1)","93"
"FUN_006a98d0","006a98d0","uint FUN_006a98d0(int param_1\, int * param_2)","270"
"FUN_006a99e0","006a99e0","undefined4 FUN_006a99e0(int param_1\, int * param_2)","42"
"FUN_006a9a10","006a9a10","undefined4 FUN_006a9a10(int * param_1\, float * param_2\, undefined4 param_3\, int param_4)","354"
"FUN_006a9cf0","006a9cf0","undefined4 FUN_006a9cf0(int * param_1\, int param_2\, int * param_3\, int param_4)","150"
"FUN_006a9d90","006a9d90","undefined4 FUN_006a9d90(int * param_1\, int param_2\, int param_3\, int param_4\, int * param_5\, int param_6)","150"
"FUN_006a9e30","006a9e30","undefined FUN_006a9e30(int param_1\, void * param_2\, int * param_3)","420"
"FUN_006aa000","006aa000","undefined FUN_006aa000(void * this\, int param_1\, int param_2)","797"
"FUN_006aa330","006aa330","undefined FUN_006aa330(uint param_1\, float * param_2\, int param_3\, int param_4\, int param_5\, float * param_6)","2277"
"FUN_006aac20","006aac20","undefined FUN_006aac20(void * this\, int param_1\, int param_2\, int param_3\, int param_4\, int param_5\, int param_6\, int param_7)","5803"
"FUN_006ac310","006ac310","undefined FUN_006ac310(void * this\, int param_1\, float * param_2\, int param_3)","472"
"FUN_006ac4f0","006ac4f0","undefined FUN_006ac4f0(float * param_1\, uint param_2\, int param_3\, int param_4)","1044"
"FUN_006ac910","006ac910","undefined FUN_006ac910(float * param_1\, int param_2\, float * param_3)","1246"
"FUN_006acdf0","006acdf0","undefined FUN_006acdf0(int param_1\, uint param_2\, int param_3\, int param_4\, int param_5\, float * param_6)","2775"
"FUN_006ad8d0","006ad8d0","undefined FUN_006ad8d0(void * this\, int param_1\, int param_2\, int param_3\, int param_4\, int param_5\, int param_6\, int param_7)","5728"
"FUN_006aef80","006aef80","undefined FUN_006aef80(undefined4 param_1\, int param_2\, int param_3\, float * param_4\, float * param_5\, int param_6)","550"
"FUN_006af1b0","006af1b0","undefined FUN_006af1b0(int * param_1)","38"
"FUN_006af210","006af210","undefined FUN_006af210(int * param_1\, int param_2)","66"
"FUN_006af260","006af260","undefined FUN_006af260(undefined4 * param_1)","53"
"FUN_006af2a0","006af2a0","undefined FUN_006af2a0(int * param_1\, int param_2)","540"
"FUN_006af4d0","006af4d0","undefined FUN_006af4d0(void)","174"
"FUN_006af580","006af580","undefined FUN_006af580(void)","251"
"FUN_006af680","006af680","undefined FUN_006af680(void)","547"
"FUN_006af8b0","006af8b0","undefined FUN_006af8b0(int param_1\, float * param_2)","343"
"FUN_006afa10","006afa10","undefined FUN_006afa10(int param_1\, float * param_2\, int param_3)","367"
"FUN_006afb80","006afb80","undefined FUN_006afb80(undefined4 param_1\, int param_2)","201"
"FUN_006afc50","006afc50","undefined FUN_006afc50(undefined4 * param_1)","59"
"FUN_006afc90","006afc90","undefined FUN_006afc90(undefined4 param_1\, float * param_2)","356"
"FUN_006afe00","006afe00","undefined FUN_006afe00(int * param_1\, float * param_2\, float * param_3)","617"
"FUN_006b0070","006b0070","undefined FUN_006b0070(float * param_1\, int param_2\, int param_3)","727"
"FUN_006b0350","006b0350","undefined FUN_006b0350(int param_1\, undefined4 * param_2)","242"
"FUN_006b0450","006b0450","undefined FUN_006b0450(void * param_1)","18"
"FUN_006b0470","006b0470","undefined4 FUN_006b0470(int param_1)","29"
"FUN_006b0490","006b0490","undefined8 FUN_006b0490(int param_1)","1135"
"FUN_006b09f0","006b09f0","undefined FUN_006b09f0(int * param_1\, int param_2)","446"
"FUN_006b0bb0","006b0bb0","undefined FUN_006b0bb0(void * param_1)","101"
"FUN_006b0c20","006b0c20","uint FUN_006b0c20(float param_1\, int param_2\, int param_3\, int param_4)","1556"
"FUN_006b1240","006b1240","undefined4 FUN_006b1240(int param_1)","533"
"FUN_006b1460","006b1460","undefined4 FUN_006b1460(int param_1)","182"
"FUN_006b1520","006b1520","undefined FUN_006b1520(int param_1\, int param_2)","96"
"FUN_006b1580","006b1580","float10 FUN_006b1580(int param_1\, int param_2\, int param_3\, int param_4)","771"
"FUN_006b1890","006b1890","undefined FUN_006b1890(int param_1\, undefined4 * param_2\, float param_3\, int param_4\, int param_5)","291"
"FUN_006b19c0","006b19c0","undefined * FUN_006b19c0(int param_1)","12"
"FUN_006b19d0","006b19d0","undefined FUN_006b19d0(undefined4 * param_1\, int param_2\, int param_3\, uint param_4\, int param_5\, uint param_6)","510"
"FUN_006b1db0","006b1db0","uint * FUN_006b1db0(int param_1\, int * param_2)","515"
"FUN_006b2000","006b2000","undefined4 FUN_006b2000(int * param_1)","2873"
"FUN_006b2b50","006b2b50","undefined4 FUN_006b2b50(int * param_1\, int * param_2)","1204"
"FUN_006b3010","006b3010","undefined FUN_006b3010(void * param_1)","33"
"FUN_006b3040","006b3040","undefined FUN_006b3040(void * param_1)","121"
"FUN_006b31f0","006b31f0","uint * FUN_006b31f0(uint * param_1\, int * param_2)","329"
"FUN_006b3340","006b3340","int * FUN_006b3340(uint * param_1\, int param_2)","482"
"FUN_006b3530","006b3530","int FUN_006b3530(int * param_1\, float * param_2)","953"
"FUN_006b38f0","006b38f0","int FUN_006b38f0(int * param_1\, float * param_2\, int param_3\, int * param_4)","97"
"FUN_006b3960","006b3960","int * FUN_006b3960(int * param_1\, int param_2\, uint param_3)","492"
"FUN_006b3b50","006b3b50","int * FUN_006b3b50(int * param_1\, int * param_2\, int param_3)","728"
"FUN_006b3e30","006b3e30","undefined4 FUN_006b3e30(int * param_1\, int param_2\, int param_3\, int * param_4\, undefined * param_5)","579"
"FUN_006b4080","006b4080","undefined4 FUN_006b4080(int param_1\, int * param_2\, int param_3\, int param_4\, undefined * param_5)","487"
"FUN_006b4270","006b4270","undefined4 FUN_006b4270(int param_1\, int * param_2\, undefined4 * param_3\, int param_4\, int param_5)","86"
"FUN_006b42d0","006b42d0","undefined4 FUN_006b42d0(int * param_1\, int param_2\, undefined4 param_3\, int * param_4\, int * param_5\, int param_6\, int param_7\, int * param_8)","529"
"FUN_006b44f0","006b44f0","int * FUN_006b44f0(undefined4 param_1\, int * param_2\, undefined4 * param_3\, int param_4\, int param_5)","85"
"FUN_006b4550","006b4550","undefined4 FUN_006b4550(int param_1\, int * param_2\, undefined4 * param_3\, int param_4\, int param_5)","86"
"FUN_006b4600","006b4600","undefined4 FUN_006b4600(int * param_1\, int param_2\, undefined4 param_3\, int param_4\, int * param_5\, int * param_6\, int * param_7\, int * param_8)","609"
"FUN_006b4870","006b4870","undefined4 FUN_006b4870(int param_1\, int * param_2\, int param_3\, int param_4\, int param_5)","421"
"FUN_006b4a30","006b4a30","undefined FUN_006b4a30(void * param_1)","33"
"FUN_006b4a60","006b4a60","undefined FUN_006b4a60(void * param_1)","33"
"FUN_006b4ac0","006b4ac0","undefined FUN_006b4ac0(uint * param_1\, int * param_2)","483"
"FUN_006b4cb0","006b4cb0","uint * FUN_006b4cb0(uint * param_1\, int * param_2)","570"
"FUN_006b4ef0","006b4ef0","int FUN_006b4ef0(undefined4 * param_1\, undefined4 * param_2)","19"
"FUN_006b51c0","006b51c0","undefined FUN_006b51c0(void * this\, int param_1\, int param_2\, int param_3\, int param_4\, int param_5)","385"
"FUN_006b5350","006b5350","undefined FUN_006b5350(void * this\, int param_1\, int param_2\, int param_3)","134"
"FUN_006b53e0","006b53e0","int FUN_006b53e0(int param_1\, int param_2\, int param_3\, int param_4\, int param_5)","413"
"FUN_006b5580","006b5580","undefined FUN_006b5580(int * param_1\, int param_2\, int * param_3\, int * param_4)","478"
"FUN_006b5760","006b5760","undefined4 FUN_006b5760(void * this\, int param_1\, int param_2\, uint param_3\, int param_4\, uint param_5)","647"
"FUN_006b5a10","006b5a10","uint * FUN_006b5a10(int param_1\, int param_2\, int param_3\, uint param_4)","1201"
"FUN_006b5ed0","006b5ed0","int FUN_006b5ed0(int param_1\, int param_2\, int param_3\, uint * param_4\, int param_5)","163"
"FUN_006b5f80","006b5f80","undefined4 FUN_006b5f80(int * param_1\, int param_2\, int param_3\, uint * param_4\, void * param_5)","1401"
"FUN_006b6530","006b6530","uint * FUN_006b6530(int param_1\, int param_2)","755"
"FUN_006b69b0","006b69b0","undefined FUN_006b69b0(void * param_1)","30"
"FUN_006b69d0","006b69d0","undefined FUN_006b69d0(undefined4 * param_1)","101"
"FUN_006b6b10","006b6b10","undefined FUN_006b6b10(int param_1)","395"
"FUN_006b6e00","006b6e00","undefined4 FUN_006b6e00(int param_1\, int * param_2\, float * param_3\, void * param_4)","127"
"FUN_006b6eb0","006b6eb0","float10 FUN_006b6eb0(float param_1)","77"
"FUN_006b6f00","006b6f00","float10 FUN_006b6f00(float param_1)","83"
"FUN_006b6f70","006b6f70","float10 FUN_006b6f70(float param_1)","106"
"FUN_006b6fe0","006b6fe0","undefined FUN_006b6fe0(int param_1\, int * param_2\, int param_3\, int param_4\, float * param_5\, int param_6\, float param_7\, float param_8)","640"
"FUN_006b7260","006b7260","undefined FUN_006b7260(void)","200"
"FUN_006b7370","006b7370","undefined4 FUN_006b7370(int param_1\, int param_2)","727"
"FUN_006b7650","006b7650","undefined4 FUN_006b7650(int param_1\, int param_2)","452"
"FUN_006b7820","006b7820","undefined4 FUN_006b7820(int param_1\, int param_2\, int param_3)","1038"
"FUN_006b7c40","006b7c40","undefined FUN_006b7c40(void)","1"
"FUN_006b7c50","006b7c50","undefined FUN_006b7c50(void)","1"
"FUN_006b7df0","006b7df0","undefined FUN_006b7df0(undefined4 * param_1)","95"
"FUN_006b7e60","006b7e60","undefined FUN_006b7e60(void * this\, float * param_1)","91"
"FUN_006b7f50","006b7f50","undefined FUN_006b7f50(undefined4 * param_1)","444"
"FUN_006b8110","006b8110","undefined FUN_006b8110(int param_1)","217"
"FUN_006b81f0","006b81f0","undefined FUN_006b81f0(int param_1)","219"
"FUN_006b82d0","006b82d0","undefined FUN_006b82d0(int param_1)","215"
"FUN_006b8400","006b8400","undefined FUN_006b8400(void * this\, float * param_1\, float param_2)","57"
"FUN_006b8470","006b8470","undefined FUN_006b8470(void * this\, undefined4 * param_1)","91"
"FUN_006b84e0","006b84e0","undefined4 FUN_006b84e0(undefined4 * param_1)","29"
"FUN_006b8510","006b8510","undefined FUN_006b8510(void)","108"
"FUN_006b8630","006b8630","void * FUN_006b8630(void * this\, uint param_1\, int param_2\, int param_3)","82"
"FUN_006b9050","006b9050","undefined FUN_006b9050(void * this\, undefined4 * param_1)","39"
"FUN_006b93b0","006b93b0","undefined FUN_006b93b0(undefined4 param_1\, undefined4 param_2)","74"
"FUN_006b9400","006b9400","undefined FUN_006b9400(undefined4 param_1\, undefined4 param_2)","74"
"FUN_006b9450","006b9450","undefined FUN_006b9450(void)","58"
"FUN_006b9490","006b9490","undefined FUN_006b9490(void)","58"
"FUN_006b9520","006b9520","undefined FUN_006b9520(int * param_1)","40"
"FUN_006b9590","006b9590","undefined FUN_006b9590(undefined4 * param_1)","62"
"FUN_006b9680","006b9680","undefined FUN_006b9680(void * this\, int param_1\, float param_2\, float param_3)","167"
"FUN_006b9750","006b9750","float10 FUN_006b9750(int param_1\, uint param_2)","24"
"FUN_006b9770","006b9770","float10 FUN_006b9770(int param_1\, uint param_2)","31"
"FUN_006b97c0","006b97c0","float10 FUN_006b97c0(int param_1\, uint param_2)","31"
"FUN_006b98a0","006b98a0","undefined FUN_006b98a0(undefined4 param_1\, int param_2)","249"
"FUN_006b99a0","006b99a0","undefined FUN_006b99a0(int param_1)","196"
"FUN_006b9aa0","006b9aa0","undefined FUN_006b9aa0(int param_1)","93"
"FUN_006b9b00","006b9b00","undefined FUN_006b9b00(int param_1)","717"
"FUN_006ba280","006ba280","undefined FUN_006ba280(void * this\, char * param_1)","115"
"FUN_006ba6a0","006ba6a0","undefined FUN_006ba6a0(undefined4 param_1)","186"
"FUN_006ba760","006ba760","undefined FUN_006ba760(void)","35"
"FUN_006ba7d0","006ba7d0","undefined FUN_006ba7d0(undefined4 * param_1\, undefined4 * param_2)","206"
"FUN_006ba8a0","006ba8a0","undefined FUN_006ba8a0(float * param_1\, float param_2)","200"
"FUN_006ba970","006ba970","undefined FUN_006ba970(float * param_1\, float param_2\, undefined4 param_3\, int param_4)","272"
"FUN_006baa80","006baa80","undefined FUN_006baa80(float * param_1\, float param_2\, undefined4 param_3\, int param_4)","272"
"FUN_006bab90","006bab90","undefined FUN_006bab90(float * param_1\, float param_2\, undefined4 param_3\, int param_4)","282"
"FUN_006bacb0","006bacb0","undefined FUN_006bacb0(float * param_1\, float param_2)","229"
"FUN_006bada0","006bada0","undefined FUN_006bada0(float * param_1\, float param_2)","708"
"FUN_006bb070","006bb070","undefined FUN_006bb070(float * param_1\, float param_2\, float param_3)","665"
"FUN_006bb310","006bb310","undefined FUN_006bb310(undefined4 * param_1\, undefined4 * param_2\, undefined4 * param_3)","283"
"FUN_006bb430","006bb430","undefined FUN_006bb430(float * param_1\, float param_2\, int param_3\, int param_4\, int param_5\, undefined4 param_6\, int param_7)","629"
"FUN_006bb6b0","006bb6b0","undefined FUN_006bb6b0(undefined4 param_1\, float param_2\, float param_3\, float param_4\, int param_5\, undefined4 param_6\, int param_7\, int param_8)","1399"
"FUN_006bbc30","006bbc30","undefined FUN_006bbc30(float * param_1\, float * param_2\, int param_3\, undefined4 param_4\, undefined4 param_5\, float param_6\, float param_7\, float param_8)","641"
"FUN_006bbec0","006bbec0","undefined FUN_006bbec0(float * param_1\, float * param_2\, int param_3\, undefined4 param_4\, float param_5\, float param_6\, float param_7\, float param_8)","827"
"FUN_006bc200","006bc200","undefined FUN_006bc200(float * param_1\, float param_2\, uint param_3)","495"
"FUN_006bc430","006bc430","undefined FUN_006bc430(void * this\, uint param_1\, undefined4 param_2)","51"
"FUN_006bc470","006bc470","undefined FUN_006bc470(void * this\, int * param_1\, int * param_2)","147"
"FUN_006bc510","006bc510","undefined FUN_006bc510(void * this\, int * param_1\, int * param_2)","159"
"FUN_006bc630","006bc630","int FUN_006bc630(void * this\, byte * param_1\, undefined4 param_2\, uint param_3)","200"
"FUN_006bc740","006bc740","undefined4 FUN_006bc740(void * this\, byte * param_1)","92"
"FUN_006bc860","006bc860","undefined FUN_006bc860(int * param_1)","87"
"FUN_006bc8c0","006bc8c0","undefined FUN_006bc8c0(int * param_1)","50"
"FUN_006bca20","006bca20","undefined FUN_006bca20(void * this\, char * param_1)","101"
"FUN_006bca90","006bca90","undefined FUN_006bca90(int param_1\, int param_2\, uint param_3\, uint param_4\, int param_5\, undefined4 param_6\, undefined4 param_7\, undefined4 param_8)","401"
"FUN_006bcc30","006bcc30","undefined FUN_006bcc30(int param_1)","520"
"FUN_006bce50","006bce50","undefined FUN_006bce50(float * param_1\, float * param_2\, float * param_3)","1365"
"FUN_006bd3b0","006bd3b0","undefined FUN_006bd3b0(void * this\, float * param_1)","280"
"FUN_006bd520","006bd520","undefined FUN_006bd520(void * this\, char * param_1)","152"
"FUN_006bd6a0","006bd6a0","int * FUN_006bd6a0(int * param_1)","79"
"FUN_006bd760","006bd760","int FUN_006bd760(int * param_1)","41"
"FUN_006bd840","006bd840","undefined FUN_006bd840(void * this\, int param_1)","58"
"FUN_006bd880","006bd880","undefined FUN_006bd880()","108"
"FUN_006bd8f0","006bd8f0","int * FUN_006bd8f0(int * param_1)","50"
"FUN_006bd980","006bd980","undefined4 FUN_006bd980(void * this\, int * param_1)","66"
"FUN_006bda10","006bda10","undefined FUN_006bda10(undefined4 param_1\, int param_2)","227"
"FUN_006bdd20","006bdd20","undefined FUN_006bdd20(void * this\, int param_1)","194"
"FUN_006bde00","006bde00","undefined FUN_006bde00(int param_1)","68"
"FUN_006bdf00","006bdf00","undefined FUN_006bdf00(void * this\, undefined4 param_1)","53"
"FUN_006bdf50","006bdf50","undefined FUN_006bdf50(int param_1)","78"
"FUN_006bdfe0","006bdfe0","int FUN_006bdfe0(int param_1)","24"
"FUN_006be260","006be260","undefined FUN_006be260()","66"
"FUN_006be2d0","006be2d0","undefined4 FUN_006be2d0(void * this\, undefined4 param_1\, uint param_2\, undefined4 param_3\, undefined1 * param_4\, undefined4 param_5)","166"
"FUN_006be380","006be380","undefined4 FUN_006be380(void * this\, undefined4 param_1\, uint param_2\, undefined4 param_3\, undefined1 * param_4\, undefined4 param_5)","201"
"FUN_006be450","006be450","undefined FUN_006be450(void * this\, uint * param_1\, undefined4 param_2\, undefined4 param_3\, undefined4 param_4\, undefined4 param_5\, undefined4 param_6)","270"
"FUN_006be670","006be670","int FUN_006be670(void * this\, byte * param_1)","69"
"FUN_006be6c0","006be6c0","int FUN_006be6c0(void * this\, byte * param_1)","75"
"FUN_006be710","006be710","int FUN_006be710(void * this\, int param_1)","30"
"FUN_006be730","006be730","int FUN_006be730(void * this\, byte * param_1)","69"
"FUN_006be780","006be780","int FUN_006be780(void * this\, int param_1)","27"
"FUN_006be7a0","006be7a0","int FUN_006be7a0(void * this\, byte * param_1)","75"
"FUN_006be7f0","006be7f0","int FUN_006be7f0(void * this\, int param_1)","30"
"FUN_006be8f0","006be8f0","undefined FUN_006be8f0(void * this\, undefined4 param_1)","27"
"FUN_006be910","006be910","undefined FUN_006be910(void * this\, undefined4 param_1\, undefined4 param_2\, undefined4 param_3\, undefined4 param_4\, undefined4 param_5\, undefined4 param_6)","70"
"FUN_006be960","006be960","undefined FUN_006be960(void * this\, undefined4 param_1\, undefined4 param_2\, undefined4 param_3\, undefined4 param_4)","61"
"FUN_006be9a0","006be9a0","undefined FUN_006be9a0(void * this\, undefined4 param_1\, undefined4 param_2\, undefined4 param_3)","56"
"FUN_006be9e0","006be9e0","undefined FUN_006be9e0(void * this\, undefined4 param_1\, undefined4 param_2\, undefined4 param_3)","56"
"FUN_006bea80","006bea80","undefined FUN_006bea80(void * this\, undefined4 * param_1)","130"
"FUN_006bebd0","006bebd0","float10 FUN_006bebd0(int param_1)","54"
"FUN_006bf010","006bf010","undefined FUN_006bf010(undefined4 param_1\, int param_2)","202"
"FUN_006bf0e0","006bf0e0","undefined FUN_006bf0e0(undefined4 param_1\, int param_2)","115"
"FUN_006bf2b0","006bf2b0","undefined FUN_006bf2b0(int param_1)","145"
"FUN_006bf350","006bf350","float10 FUN_006bf350(float * param_1\, float * param_2\, float * param_3\, float * param_4)","948"
"FUN_006bf710","006bf710","undefined FUN_006bf710(float * param_1\, float * param_2\, float * param_3\, float * param_4\, float param_5)","897"
"FUN_006bfaa0","006bfaa0","undefined4 FUN_006bfaa0(float * param_1\, float * param_2\, float * param_3\, float * param_4\, float * param_5\, float param_6)","1374"
"FUN_006c0000","006c0000","undefined FUN_006c0000(float * param_1\, float * param_2\, float * param_3\, float * param_4\, float * param_5\, float param_6)","374"
"FUN_006c0180","006c0180","undefined FUN_006c0180(float * param_1\, float * param_2\, float * param_3\, float * param_4\, undefined4 param_5\, undefined4 param_6)","1036"
"FUN_006c05d0","006c05d0","undefined FUN_006c05d0(int param_1)","57"
"FUN_006c0610","006c0610","undefined FUN_006c0610(void * this\, int param_1)","77"
"FUN_006c0780","006c0780","undefined FUN_006c0780(undefined4 * param_1)","26"
"FUN_006c0880","006c0880","uint FUN_006c0880(void * this\, undefined1 * param_1\, int param_2\, int param_3)","111"
"FUN_006c0a10","006c0a10","float10 FUN_006c0a10(float * param_1\, float * param_2\, float * param_3\, float * param_4)","499"
"FUN_006c0c10","006c0c10","float10 FUN_006c0c10(float * param_1\, float * param_2\, float * param_3)","264"
"FUN_006c0d20","006c0d20","undefined4 FUN_006c0d20(float * param_1\, float * param_2\, float * param_3\, float * param_4)","281"
"FUN_006c0e40","006c0e40","undefined4 FUN_006c0e40(float * param_1\, float * param_2\, float * param_3\, float param_4\, float * param_5\, float * param_6)","729"
"FUN_006c14b0","006c14b0","undefined FUN_006c14b0(void * this\, int * param_1)","63"
"FUN_006c1570","006c1570","undefined FUN_006c1570(void * this\, int * param_1\, int param_2)","96"
"FUN_006c18e0","006c18e0","undefined FUN_006c18e0(void * this\, int * param_1\, int * param_2)","94"
"FUN_006c1ca0","006c1ca0","undefined FUN_006c1ca0(int param_1)","173"
"FUN_006c1d50","006c1d50","undefined FUN_006c1d50(int param_1)","173"
"FUN_006c2010","006c2010","undefined4 * FUN_006c2010(void * this\, byte param_1)","73"
"FUN_006c2060","006c2060","undefined FUN_006c2060(undefined4 * param_1)","22"
"FUN_006c2080","006c2080","undefined4 * FUN_006c2080(void * this\, byte param_1)","46"
"FUN_006c20e0","006c20e0","undefined FUN_006c20e0(void * this\, int * param_1)","77"
"FUN_006c2270","006c2270","undefined FUN_006c2270(undefined4 * param_1)","55"
"FUN_006c22d0","006c22d0","undefined4 * FUN_006c22d0(void * this\, byte param_1)","75"
"FUN_006c2350","006c2350","undefined FUN_006c2350(undefined4 * param_1)","84"
"FUN_006c23f0","006c23f0","undefined FUN_006c23f0(int * param_1)","91"
"FUN_006c24b0","006c24b0","undefined FUN_006c24b0(undefined4 * param_1)","26"
"FUN_006c24d0","006c24d0","undefined4 * FUN_006c24d0(void * this\, byte param_1)","51"
"FUN_006c25c0","006c25c0","undefined FUN_006c25c0(int param_1)","72"
"FUN_006c2610","006c2610","undefined FUN_006c2610(void * this\, int param_1)","222"
"FUN_006c2930","006c2930","undefined FUN_006c2930(void)","752"
"FUN_006c2e00","006c2e00","undefined FUN_006c2e00(int * param_1\, int param_2)","112"
"FUN_006c3240","006c3240","undefined FUN_006c3240(void * this\, float * param_1\, float param_2\, float param_3)","2104"
"FUN_006c3b00","006c3b00","undefined FUN_006c3b00(undefined4 param_1\, int param_2)","32"
"FUN_006c3b20","006c3b20","undefined FUN_006c3b20(undefined4 param_1\, int param_2)","592"
"FUN_006c4470","006c4470","undefined FUN_006c4470(int param_1)","67"
"FUN_006c44c0","006c44c0","undefined FUN_006c44c0(void * this\, int param_1\, int param_2)","159"
"FUN_006c4600","006c4600","int FUN_006c4600(void * this\, int param_1\, float * param_2\, float * param_3\, float * param_4\, float * param_5)","908"
"FUN_006c49b0","006c49b0","undefined FUN_006c49b0(void * this\, float * param_1\, float * param_2)","2004"
"FUN_006c5190","006c5190","int FUN_006c5190(void * this\, int param_1\, float * param_2\, float * param_3)","1483"
"FUN_006c58a0","006c58a0","undefined FUN_006c58a0(void * this\, undefined4 param_1)","76"
"FUN_006c5920","006c5920","undefined FUN_006c5920(int * param_1\, int param_2\, undefined4 param_3\, int param_4)","244"
"FUN_006c5a20","006c5a20","undefined FUN_006c5a20(void * this\, int param_1)","197"
"FUN_006c5af0","006c5af0","undefined FUN_006c5af0(undefined4 * param_1)","86"
"FUN_006c5b50","006c5b50","int * FUN_006c5b50(int * param_1\, int param_2)","60"
"FUN_006c5b90","006c5b90","undefined4 * FUN_006c5b90(void * this\, byte param_1)","34"
"FUN_006c5c10","006c5c10","int * FUN_006c5c10(int * param_1)","44"
"FUN_006c5c40","006c5c40","int FUN_006c5c40(int param_1)","54"
"FUN_006c5c80","006c5c80","undefined FUN_006c5c80(int param_1)","67"
"FUN_006c5cd0","006c5cd0","undefined4 FUN_006c5cd0(void * this\, undefined4 param_1)","46"
"FUN_006c5da0","006c5da0","undefined FUN_006c5da0(void * this\, byte * param_1\, undefined4 param_2\, undefined4 param_3\, int param_4\, uint param_5\, undefined4 param_6\, undefined4 param_7)","258"
"FUN_006c5eb0","006c5eb0","undefined FUN_006c5eb0(void * this\, int * param_1\, int param_2)","206"
"FUN_006c5f80","006c5f80","undefined FUN_006c5f80(void * this\, int param_1)","129"
"FUN_006c6010","006c6010","undefined FUN_006c6010(void * this\, int param_1\, int param_2)","122"
"FUN_006c6110","006c6110","undefined FUN_006c6110(int param_1)","532"
"FUN_006c6330","006c6330","int FUN_006c6330(void * this\, int * param_1\, undefined4 param_2\, undefined4 param_3\, int param_4\, void * param_5)","114"
"FUN_006c63b0","006c63b0","undefined FUN_006c63b0(void * this\, int * param_1\, int param_2\, undefined4 param_3\, uint param_4)","71"
"FUN_006c6420","006c6420","undefined FUN_006c6420(void * this\, uint param_1)","200"
"FUN_006c6540","006c6540","undefined FUN_006c6540(void * this\, int * param_1\, int param_2)","382"
"FUN_006c66c0","006c66c0","undefined1 FUN_006c66c0(uint3 param_1\, int * param_2\, int param_3)","53"
"FUN_006c6700","006c6700","undefined FUN_006c6700(void * this\, undefined4 param_1\, undefined4 param_2)","221"
"FUN_006c67e0","006c67e0","undefined FUN_006c67e0(void * this\, int param_1)","130"
"FUN_006c6870","006c6870","undefined4 FUN_006c6870(void * this\, int param_1\, int param_2\, int * param_3\, int param_4)","165"
"FUN_006c6920","006c6920","int FUN_006c6920(void * this\, byte * param_1\, int param_2)","123"
"FUN_006c69a0","006c69a0","int FUN_006c69a0(void * this\, uint param_1\, int param_2)","111"
"FUN_006c6a10","006c6a10","undefined4 FUN_006c6a10(void * this\, undefined4 * param_1\, undefined4 param_2\, uint param_3\, int param_4)","136"
"FUN_006c6b20","006c6b20","undefined FUN_006c6b20(undefined4 * param_1)","55"
"FUN_006c6ca0","006c6ca0","undefined4 * FUN_006c6ca0(undefined4 * param_1)","81"
"FUN_006c6d20","006c6d20","undefined FUN_006c6d20(undefined4 * param_1)","55"
"FUN_006c6d60","006c6d60","undefined4 * FUN_006c6d60(undefined4 * param_1)","86"
"FUN_006c6e00","006c6e00","undefined FUN_006c6e00(undefined4 * param_1)","55"
"FUN_006c6ea0","006c6ea0","undefined FUN_006c6ea0(int param_1)","486"
"FUN_006c7170","006c7170","int * FUN_006c7170(int param_1)","122"
"FUN_006c7290","006c7290","undefined4 * FUN_006c7290(undefined4 * param_1)","60"
"FUN_006c72d0","006c72d0","undefined4 * FUN_006c72d0(void * this\, byte param_1)","60"
"FUN_006c7310","006c7310","undefined4 * FUN_006c7310(void * this\, int param_1)","61"
"FUN_006c73c0","006c73c0","undefined FUN_006c73c0(void * this\, undefined4 * param_1)","188"
"FUN_006c7480","006c7480","undefined FUN_006c7480(undefined4 * param_1)","96"
"FUN_006c74e0","006c74e0","undefined FUN_006c74e0(int * param_1)","80"
"FUN_006c7580","006c7580","undefined FUN_006c7580(int param_1)","166"
"FUN_006c7630","006c7630","undefined FUN_006c7630(void * this\, int param_1)","33"
"FUN_006c7660","006c7660","undefined FUN_006c7660(int param_1)","199"
"FUN_006c7730","006c7730","undefined FUN_006c7730(int param_1)","272"
"FUN_006c7840","006c7840","undefined FUN_006c7840(void * this\, int param_1\, int param_2\, int param_3)","207"
"FUN_006c7910","006c7910","undefined FUN_006c7910(void * this\, int param_1\, int param_2\, uint * param_3\, int param_4)","169"
"FUN_006c79d0","006c79d0","undefined FUN_006c79d0(void * this\, int param_1\, int param_2\, int * param_3\, int param_4)","177"
"FUN_006c7aa0","006c7aa0","undefined FUN_006c7aa0(void * this\, int param_1\, int param_2\, float * param_3\, int param_4)","261"
"FUN_006c7bc0","006c7bc0","undefined FUN_006c7bc0(int * param_1\, int param_2)","240"
"FUN_006c7fc0","006c7fc0","float10 FUN_006c7fc0(int param_1\, float * param_2\, float * param_3\, float param_4\, undefined4 * param_5)","214"
"FUN_006c81b0","006c81b0","int FUN_006c81b0(void * this\, char * param_1)","79"
"FUN_006c8260","006c8260","byte * FUN_006c8260(void * this\, byte * param_1)","342"
"FUN_006c83c0","006c83c0","longlong FUN_006c83c0(int param_1)","103"
"FUN_006c8480","006c8480","undefined4 FUN_006c8480(int * param_1)","86"
"FUN_006c8760","006c8760","undefined4 FUN_006c8760(void * this\, uint param_1\, undefined4 param_2\, undefined1 * param_3\, undefined4 param_4)","131"
"FUN_006c87f0","006c87f0","undefined4 FUN_006c87f0(void * this\, uint param_1\, undefined4 param_2\, undefined1 * param_3\, undefined4 param_4)","131"
"FUN_006c8b60","006c8b60","undefined4 FUN_006c8b60(void * this\, int param_1\, void * param_2\, byte param_3)","182"
"FUN_006c8c20","006c8c20","undefined FUN_006c8c20(void * this\, undefined4 param_1)","127"
"FUN_006c8cc0","006c8cc0","undefined4 FUN_006c8cc0(void * this\, float * param_1\, undefined4 * param_2\, int param_3)","582"
"FUN_006c8f10","006c8f10","int FUN_006c8f10(float * param_1\, undefined4 * param_2\, int param_3)","618"
"FUN_006c9180","006c9180","bool FUN_006c9180(void * this\, undefined4 param_1\, undefined4 param_2\, undefined4 * param_3\, int param_4)","327"
"FUN_006c92d0","006c92d0","undefined4 FUN_006c92d0(void * this\, undefined4 param_1\, undefined4 param_2\, int * param_3\, int param_4)","464"
"FUN_006c94a0","006c94a0","undefined FUN_006c94a0(void * param_1\, undefined4 param_2)","413"
"FUN_006c9640","006c9640","undefined FUN_006c9640(byte * param_1)","275"
"FUN_006c9760","006c9760","undefined FUN_006c9760(char * param_1\, byte * param_2\, int param_3)","215"
"FUN_006c9840","006c9840","undefined FUN_006c9840(void * this\, undefined4 * param_1)","339"
"FUN_006c99a0","006c99a0","undefined FUN_006c99a0(int param_1)","234"
"FUN_006c9af0","006c9af0","undefined FUN_006c9af0(void)","256"
"FUN_006c9bf0","006c9bf0","undefined4 FUN_006c9bf0(void * this\, undefined4 * param_1\, int param_2)","505"
"FUN_006c9df0","006c9df0","undefined4 FUN_006c9df0(void * this\, int param_1)","66"
"FUN_006c9e40","006c9e40","undefined4 FUN_006c9e40(void * this\, int param_1\, int param_2)","49"
"FUN_006c9eb0","006c9eb0","undefined FUN_006c9eb0(undefined4 * param_1\, undefined4 * param_2)","35"
"FUN_006ca110","006ca110","undefined FUN_006ca110(void * this\, char * param_1)","314"
"FUN_006ca250","006ca250","undefined FUN_006ca250(void * this\, char * param_1\, int param_2)","158"
"FUN_006ca2f0","006ca2f0","int FUN_006ca2f0(void * this\, float * param_1)","173"
"FUN_006ca3a0","006ca3a0","int FUN_006ca3a0(void * this\, float * param_1\, float * param_2)","386"
"FUN_006ca690","006ca690","undefined FUN_006ca690(int param_1\, int param_2)","374"
"FUN_006caa00","006caa00","undefined4 FUN_006caa00(int param_1)","182"
"FUN_006cab40","006cab40","undefined FUN_006cab40(undefined4 * param_1\, int * param_2\, undefined4 param_3)","403"
"FUN_006cace0","006cace0","undefined FUN_006cace0(int param_1\, int param_2)","212"
"FUN_006cadc0","006cadc0","undefined FUN_006cadc0(undefined4 param_1\, int param_2)","32"
"FUN_006cade0","006cade0","undefined FUN_006cade0(undefined4 * param_1\, int * param_2\, undefined4 param_3)","1131"
"FUN_006cb250","006cb250","undefined4 * FUN_006cb250(undefined4 * param_1)","467"
"FUN_006cb440","006cb440","undefined4 * FUN_006cb440(void * this\, byte param_1)","40"
"FUN_006cb820","006cb820","undefined4 FUN_006cb820(void * this\, int * param_1)","243"
"FUN_006cb940","006cb940","undefined4 FUN_006cb940(void * this\, undefined4 * param_1\, int * param_2)","692"
"FUN_006cbc00","006cbc00","undefined FUN_006cbc00(undefined4 * param_1)","42"
"FUN_006cbc30","006cbc30","bool FUN_006cbc30(void * this\, undefined4 * param_1\, int * param_2)","886"
"FUN_006cbfd0","006cbfd0","undefined FUN_006cbfd0(void * this\, undefined4 * param_1)","66"
"FUN_006cc020","006cc020","int FUN_006cc020(undefined4 param_1\, undefined4 * param_2\, int param_3\, int param_4)","472"
"FUN_006cc200","006cc200","int FUN_006cc200(void * this\, undefined4 * param_1\, int * param_2)","278"
"FUN_006cc320","006cc320","undefined FUN_006cc320(void * this\, undefined4 * param_1)","64"
"FUN_006cc360","006cc360","bool FUN_006cc360(void * this\, undefined4 * param_1\, int * param_2)","1657"
"FUN_006cca00","006cca00","undefined FUN_006cca00(void * this\, int * param_1)","95"
"FUN_006cce60","006cce60","undefined FUN_006cce60(undefined4 * param_1)","109"
"FUN_006ccf00","006ccf00","undefined FUN_006ccf00(int * param_1)","379"
"FUN_006cd080","006cd080","undefined FUN_006cd080(int param_1)","156"
"FUN_006cd130","006cd130","undefined FUN_006cd130(void * param_1\, undefined4 param_2\, int param_3)","261"
"FUN_006cd250","006cd250","float10 FUN_006cd250(int param_1\, float * param_2\, float * param_3\, undefined4 param_4\, undefined4 * param_5)","282"
"FUN_006cd370","006cd370","float10 FUN_006cd370(int param_1\, float * param_2\, undefined4 param_3\, undefined4 * param_4)","342"
"FUN_006cd4d0","006cd4d0","undefined FUN_006cd4d0(void * this\, int param_1\, int * param_2\, int * param_3)","231"
"FUN_006cd5c0","006cd5c0","undefined4 FUN_006cd5c0(int param_1\, void * param_2)","226"
"FUN_006cd740","006cd740","undefined FUN_006cd740(void * this\, int * param_1)","668"
"FUN_006cd9e0","006cd9e0","undefined FUN_006cd9e0(int * param_1\, void * param_2\, int param_3\, void * param_4)","624"
"FUN_006cdc60","006cdc60","undefined FUN_006cdc60(void * this\, undefined4 param_1)","207"
"FUN_006cdd40","006cdd40","undefined4 * FUN_006cdd40(void * this\, byte param_1)","75"
"FUN_006cdd90","006cdd90","undefined4 * FUN_006cdd90(void * this\, byte param_1)","79"
"FUN_006cde70","006cde70","undefined4 * FUN_006cde70(void * this\, byte param_1)","82"
"FUN_006ce200","006ce200","undefined FUN_006ce200(int param_1)","173"
"FUN_006ce2b0","006ce2b0","undefined FUN_006ce2b0(int * param_1)","455"
"FUN_006ce620","006ce620","undefined FUN_006ce620(void * this\, int param_1\, int param_2\, float * param_3\, int param_4)","457"
"FUN_006cf1e0","006cf1e0","void * FUN_006cf1e0(undefined4 * param_1)","90"
"FUN_006cf240","006cf240","undefined4 * FUN_006cf240(undefined4 * param_1)","18"
"FUN_006cf290","006cf290","undefined FUN_006cf290(int param_1)","190"
"FUN_006cf350","006cf350","undefined FUN_006cf350(int param_1)","81"
"FUN_006cf3b0","006cf3b0","undefined4 FUN_006cf3b0(void * this\, int param_1)","180"
"FUN_006cf470","006cf470","undefined4 FUN_006cf470(void * this\, int param_1)","90"
"FUN_006cf540","006cf540","undefined FUN_006cf540(int param_1\, int param_2)","420"
"FUN_006cfa80","006cfa80","undefined FUN_006cfa80(void * this\, undefined4 * param_1\, int * param_2\, undefined4 param_3)","291"
"FUN_006d0240","006d0240","undefined4 FUN_006d0240(void * param_1)","21"
"FUN_006d0255","006d0255","int FUN_006d0255(void)","390"
"FUN_006d0830","006d0830","undefined FUN_006d0830(int param_1)","305"
"FUN_006d0a40","006d0a40","undefined4 FUN_006d0a40(void * this\, int param_1)","910"
"FUN_006d0de0","006d0de0","undefined4 FUN_006d0de0(void * this\, int param_1)","33"
"FUN_006d0e10","006d0e10","undefined FUN_006d0e10(void * param_1\, undefined4 param_2)","91"
"FUN_006d0e70","006d0e70","undefined FUN_006d0e70(void * this\, int * param_1)","358"
"FUN_006d0fe0","006d0fe0","undefined FUN_006d0fe0(void * this\, int * param_1\, int param_2)","2106"
"FUN_006d1830","006d1830","undefined FUN_006d1830(undefined4 param_1\, int * param_2\, undefined4 param_3)","156"
"FUN_006d18d0","006d18d0","undefined FUN_006d18d0(int * param_1)","117"
"FUN_006d1950","006d1950","undefined FUN_006d1950(void * this\, int param_1)","464"
"FUN_006d1b20","006d1b20","undefined FUN_006d1b20(void * param_1\, undefined4 param_2)","496"
"FUN_006d1d10","006d1d10","undefined FUN_006d1d10(undefined4 param_1)","244"
"FUN_006d2450","006d2450","undefined4 FUN_006d2450(int * param_1)","314"
"FUN_006d2590","006d2590","undefined4 FUN_006d2590(void)","27"
"FUN_006d25b0","006d25b0","undefined4 FUN_006d25b0(int param_1)","97"
"FUN_006d2620","006d2620","undefined FUN_006d2620(int param_1\, int param_2)","298"
"FUN_006d2a20","006d2a20","undefined FUN_006d2a20(undefined4 param_1\, undefined4 param_2\, int param_3)","673"
"FUN_006d2cd0","006d2cd0","undefined FUN_006d2cd0(void * this\, int param_1)","927"
"_NuWin32DetermineShaderModel","006d3150","undefined4 _NuWin32DetermineShaderModel(void)","544"
"FUN_006d33d0","006d33d0","undefined4 FUN_006d33d0(void)","59"
"FUN_006d3420","006d3420","undefined FUN_006d3420(void)","1"
"FUN_006d3430","006d3430","undefined4 FUN_006d3430(void)","3"
"FUN_006d3440","006d3440","undefined FUN_006d3440(int param_1\, int param_2\, int * param_3)","110"
"FUN_006d34c0","006d34c0","undefined FUN_006d34c0(int param_1)","39"
"FUN_006d37d0","006d37d0","undefined FUN_006d37d0(int param_1)","220"
"FUN_006d38f0","006d38f0","undefined FUN_006d38f0(undefined1 * param_1\, int param_2\, undefined1 * param_3)","115"
"FUN_006d3990","006d3990","undefined FUN_006d3990(void * param_1\, char * param_2)","262"
"FUN_006d3aa0","006d3aa0","undefined FUN_006d3aa0(void * param_1)","108"
"FUN_006d3b30","006d3b30","undefined FUN_006d3b30(undefined1 * param_1\, char * param_2)","84"
"FUN_006d3b90","006d3b90","undefined FUN_006d3b90(char * param_1\, int param_2)","1193"
"FUN_006d4070","006d4070","undefined FUN_006d4070(void * this\, int param_1\, undefined1 * param_2\, int param_3\, int param_4\, undefined2 param_5)","877"
"FUN_006d43e0","006d43e0","char * FUN_006d43e0(void * this\, byte param_1\, int param_2\, int param_3)","274"
"FUN_006d45f0","006d45f0","undefined FUN_006d45f0(void * this\, int param_1\, int param_2\, undefined4 param_3\, int param_4\, int param_5)","361"
"FUN_006d47a0","006d47a0","undefined FUN_006d47a0(int param_1\, int param_2)","212"
"FUN_006d4880","006d4880","undefined FUN_006d4880(short * param_1\, short * param_2)","364"
"FUN_006d4ba0","006d4ba0","undefined FUN_006d4ba0(void * this\, int param_1\, int param_2\, int param_3)","103"
"FUN_006d4c10","006d4c10","undefined FUN_006d4c10(int param_1)","119"
"FUN_006d4d90","006d4d90","undefined FUN_006d4d90(int param_1)","49"
"FUN_006d4dd0","006d4dd0","undefined FUN_006d4dd0(undefined4 param_1)","10"
"FUN_006d4e60","006d4e60","undefined FUN_006d4e60(void * this\, uint param_1\, int param_2\, int param_3\, int param_4\, undefined2 param_5)","135"
"FUN_006d4ef0","006d4ef0","undefined4 FUN_006d4ef0(void * this\, uint param_1\, int * param_2\, int * param_3\, int * param_4\, uint * param_5)","108"
"FUN_006d5040","006d5040","undefined4 FUN_006d5040(void)","6"
"FUN_006d5080","006d5080","undefined1 FUN_006d5080(void)","773"
"FUN_006d5390","006d5390","undefined FUN_006d5390(int * param_1)","797"
"FUN_006d56b0","006d56b0","undefined4 * FUN_006d56b0(undefined4 * param_1)","82"
"FUN_006d5760","006d5760","int FUN_006d5760(void * this\, int param_1)","89"
"FUN_006d57d0","006d57d0","undefined * FUN_006d57d0(void * param_1)","131"
"FUN_006d58a0","006d58a0","undefined FUN_006d58a0(void)","1"
"FUN_006d58b0","006d58b0","undefined4 FUN_006d58b0(void)","6"
"ResetDetectionTimer","006d5950","undefined ResetDetectionTimer(CD3DInput * this\, undefined4 param_1\, undefined4 param_2)","19"
"FUN_006d5990","006d5990","undefined * FUN_006d5990(int param_1)","368"
"FUN_006d5b30","006d5b30","float10 FUN_006d5b30(int param_1)","120"
"FUN_006d5bb0","006d5bb0","undefined FUN_006d5bb0(void)","11"
"FUN_006d5bc0","006d5bc0","undefined FUN_006d5bc0(void)","11"
"FUN_006d5bd0","006d5bd0","float10 FUN_006d5bd0(void)","26"
"FUN_006d5bf0","006d5bf0","float10 FUN_006d5bf0(void)","26"
"FUN_006d5c10","006d5c10","float10 FUN_006d5c10(void)","26"
"FUN_006d5c30","006d5c30","float10 FUN_006d5c30(void)","26"
"FUN_006d5c50","006d5c50","float10 FUN_006d5c50(void)","12"
"FUN_006d5c60","006d5c60","float10 FUN_006d5c60(void)","12"
"FUN_006d5d90","006d5d90","undefined FUN_006d5d90(int param_1\, int param_2\, int param_3)","27"
"FUN_006d5db0","006d5db0","undefined FUN_006d5db0(void)","26"
"FUN_006d5f20","006d5f20","uint FUN_006d5f20(uint param_1\, uint param_2)","250"
"FUN_006d6020","006d6020","undefined FUN_006d6020(int * param_1)","14"
"FUN_006d60a0","006d60a0","undefined4 FUN_006d60a0(void)","6"
"FUN_006d60b0","006d60b0","undefined FUN_006d60b0(int param_1)","12"
"FUN_006d60e0","006d60e0","undefined FUN_006d60e0(void)","1"
"FUN_006d6170","006d6170","undefined FUN_006d6170(int param_1)","37"
"FUN_006d61a0","006d61a0","int FUN_006d61a0(void)","13"
"PcInput_SetGameDefaultKeyMapping","006d61b0","undefined PcInput_SetGameDefaultKeyMapping(int param_1\, short * param_2)","229"
"PcInput_SetGameDefaultKeyMappings","006d62a0","undefined PcInput_SetGameDefaultKeyMappings(short * param_1\, short * param_2\, short * param_3\, short * param_4\, char * param_5)","87"
"FUN_006d6300","006d6300","int FUN_006d6300(int param_1)","24"
"FUN_006d6320","006d6320","undefined FUN_006d6320(undefined1 param_1)","17"
"FUN_006d6340","006d6340","undefined FUN_006d6340(undefined1 param_1)","10"
"FUN_006d6350","006d6350","int FUN_006d6350(void)","8"
"FUN_006d6460","006d6460","undefined FUN_006d6460(undefined1 * param_1)","615"
"FUN_006d66d0","006d66d0","undefined FUN_006d66d0(undefined4 param_1)","17"
"FUN_006d66f0","006d66f0","undefined FUN_006d66f0(undefined4 param_1)","17"
"FUN_006d6710","006d6710","undefined4 FUN_006d6710(void)","12"
"FUN_006d6720","006d6720","undefined FUN_006d6720(void)","30"
"FUN_006d6740","006d6740","undefined FUN_006d6740(char * param_1)","32"
"FUN_006d67a0","006d67a0","bool FUN_006d67a0(int param_1)","20"
"FUN_006d67c0","006d67c0","undefined4 FUN_006d67c0(int param_1)","23"
"FUN_006d67e0","006d67e0","bool FUN_006d67e0(uint param_1)","15"
"FUN_006d67f0","006d67f0","bool FUN_006d67f0(uint param_1)","15"
"FUN_006d6800","006d6800","undefined FUN_006d6800(void)","11"
"FUN_006d6810","006d6810","uint FUN_006d6810(int param_1\, uint param_2)","34"
"FUN_006d6840","006d6840","undefined FUN_006d6840(int param_1\, int param_2\, undefined4 param_3\, int param_4\, int param_5)","37"
"FUN_006d6870","006d6870","undefined FUN_006d6870(int param_1\, int param_2\, undefined2 param_3)","102"
"FUN_006d68e0","006d68e0","bool FUN_006d68e0(int param_1\, int param_2\, int param_3\, int param_4)","62"
"FUN_006d6920","006d6920","undefined FUN_006d6920(byte param_1\, int param_2\, int param_3)","27"
"FUN_006d6940","006d6940","uint FUN_006d6940(uint * param_1)","84"
"FUN_006d69a0","006d69a0","undefined FUN_006d69a0(void)","11"
"FUN_006d69b0","006d69b0","undefined4 FUN_006d69b0(undefined1 param_1\, undefined1 param_2)","82"
"FUN_006d6a10","006d6a10","undefined FUN_006d6a10(int param_1)","110"
"FUN_006d6b30","006d6b30","undefined FUN_006d6b30(void)","1"
"FUN_006d6b40","006d6b40","undefined FUN_006d6b40(void)","1"
"FUN_006d6b50","006d6b50","undefined FUN_006d6b50(void)","1"
"FUN_006d6c20","006d6c20","int FUN_006d6c20(int param_1)","23"
"FUN_006d6c40","006d6c40","undefined4 FUN_006d6c40(int param_1)","53"
"FUN_006d6d70","006d6d70","undefined FUN_006d6d70(int param_1)","12"
"FUN_006d6d80","006d6d80","undefined * FUN_006d6d80(void)","6"
"FUN_006d6d90","006d6d90","undefined FUN_006d6d90(undefined4 param_1)","10"
"FUN_006d6da0","006d6da0","undefined4 FUN_006d6da0(void)","6"
"FUN_006d6de0","006d6de0","undefined FUN_006d6de0(undefined4 param_1\, char * param_2)","193"
"FUN_006d6f40","006d6f40","undefined4 FUN_006d6f40(void * this\, int param_1\, int param_2\, uint param_3\, int param_4)","253"
"FUN_006d7040","006d7040","undefined4 FUN_006d7040(void * this\, int param_1\, int param_2)","603"
"FUN_006d72a0","006d72a0","bool FUN_006d72a0(void * this\, int param_1\, int param_2\, int param_3)","170"
"FUN_006d7350","006d7350","bool FUN_006d7350(void * this\, int param_1\, int param_2)","188"
"FUN_006d7430","006d7430","undefined FUN_006d7430(void * this\, int param_1\, int param_2)","173"
"FUN_006d74e0","006d74e0","undefined FUN_006d74e0(void * this\, int param_1\, short * param_2)","1140"
"FUN_006d7960","006d7960","undefined4 FUN_006d7960(int param_1)","42"
"FUN_006d7990","006d7990","undefined4 FUN_006d7990(int param_1)","998"
"FUN_006d7d80","006d7d80","undefined FUN_006d7d80(void * this\, int param_1\, undefined1 * param_2\, int param_3\, int param_4\, int param_5\, int * param_6)","1330"
"FUN_006d8370","006d8370","uint FUN_006d8370(void * this\, int param_1\, uint param_2)","285"
"FUN_006d8490","006d8490","undefined FUN_006d8490(void * this\, int param_1)","706"
"FUN_006d8760","006d8760","undefined FUN_006d8760(void * param_1)","135"
"FUN_006d87f0","006d87f0","undefined FUN_006d87f0(void * this\, int param_1\, int param_2\, char * param_3\, int param_4\, int param_5\, int param_6\, int param_7\, char * param_8)","1275"
"FUN_006d8d60","006d8d60","undefined FUN_006d8d60(void * this\, int param_1\, uint param_2\, uint param_3\, int param_4\, undefined4 param_5\, int param_6\, int param_7\, char * param_8)","725"
"Release","006d9040","undefined Release(CD3DInput * this)","217"
"FUN_006d9120","006d9120","int FUN_006d9120(uint param_1\, byte param_2\, int * param_3\, int * param_4\, int param_5)","236"
"FUN_006d9210","006d9210","undefined FUN_006d9210(int param_1\, uint param_2\, uint param_3\, int param_4\, undefined4 param_5\, int param_6\, int param_7\, char * param_8)","52"
"FUN_006d9340","006d9340","undefined FUN_006d9340(void)","42"
"FUN_006d9370","006d9370","undefined1 FUN_006d9370(int param_1)","36"
"FUN_006d93a0","006d93a0","undefined1 FUN_006d93a0(int param_1)","36"
"FUN_006d93d0","006d93d0","undefined FUN_006d93d0(int param_1\, byte param_2)","45"
"FUN_006d9400","006d9400","undefined FUN_006d9400(int param_1\, byte param_2)","47"
"FUN_006d94f0","006d94f0","undefined FUN_006d94f0(int param_1\, int param_2)","22"
"FUN_006d9510","006d9510","int FUN_006d9510(int param_1\, int param_2)","43"
"FUN_006d9540","006d9540","undefined FUN_006d9540(int param_1\, int param_2)","112"
"FUN_006d95b0","006d95b0","undefined FUN_006d95b0(int param_1\, int param_2\, int param_3)","27"
"FUN_006d95d0","006d95d0","undefined FUN_006d95d0(int param_1\, int param_2)","22"
"FUN_006d95f0","006d95f0","undefined FUN_006d95f0(int param_1\, int param_2\, uint param_3\, int param_4)","32"
"FUN_006d9610","006d9610","undefined FUN_006d9610(void)","49"
"FUN_006d9650","006d9650","undefined FUN_006d9650(int param_1\, int param_2)","22"
"FUN_006d9670","006d9670","undefined FUN_006d9670(int param_1\, int param_2\, char * param_3\, int param_4\, int param_5\, int param_6\, int param_7\, char * param_8)","52"
"FUN_006d96b0","006d96b0","undefined FUN_006d96b0(void * param_1)","802"
"FUN_006d9a00","006d9a00","undefined FUN_006d9a00(void * param_1\, int param_2\, char * param_3)","267"
"FUN_006d9b10","006d9b10","undefined FUN_006d9b10(void * param_1)","97"
"FUN_006d9b80","006d9b80","undefined FUN_006d9b80(void * this\, byte param_1\, int param_2)","70"
"FUN_006d9bd0","006d9bd0","undefined FUN_006d9bd0(void * param_1)","496"
"FUN_006d9df0","006d9df0","undefined4 FUN_006d9df0(int param_1)","1027"
"FUN_006da200","006da200","undefined FUN_006da200(int param_1)","338"
"FUN_006da3d0","006da3d0","undefined * FUN_006da3d0(int param_1\, int param_2\, int param_3\, int param_4)","51"
"FUN_006da410","006da410","undefined4 FUN_006da410(int param_1\, int param_2\, char * param_3)","74"
"FUN_006da550","006da550","undefined FUN_006da550(void)","11"
"FUN_006da560","006da560","void * FUN_006da560(void * param_1)","949"
"FUN_006da970","006da970","undefined FUN_006da970(void * this\, int param_1)","197"
"FUN_006daa40","006daa40","int FUN_006daa40(void * this\, int param_1\, undefined1 * param_2\, undefined1 * param_3\, undefined1 * param_4\, undefined1 * param_5\, undefined1 * param_6\, undefined1 * param_7\, undefined1 * param_8\, undefined1 * param_9\, undefined4 * param_10\, undefined1 * param_11\, undefined4 * param_12)","617"
"FUN_006dacb0","006dacb0","undefined FUN_006dacb0(int param_1)","409"
"FUN_006dae50","006dae50","int FUN_006dae50(int param_1\, undefined1 * param_2\, undefined1 * param_3\, undefined1 * param_4\, undefined1 * param_5\, undefined1 * param_6\, undefined1 * param_7\, undefined1 * param_8\, undefined1 * param_9\, undefined4 * param_10\, undefined1 * param_11\, undefined4 * param_12)","79"
"FUN_006daea0","006daea0","undefined FUN_006daea0(int param_1)","17"
"SetScreenWidth","006daef0","undefined SetScreenWidth(PCSettingsManager * this\, undefined4 param_1)","13"
"SetScreenHeight","006daf00","undefined SetScreenHeight(PCSettingsManager * this\, undefined4 param_1)","13"
"SetWindowWidth","006daf10","undefined SetWindowWidth(PCSettingsManager * this\, undefined4 param_1)","13"
"SetWindowHeight","006daf20","undefined SetWindowHeight(PCSettingsManager * this\, undefined4 param_1)","13"
"SetScreenRefreshRate","006daf50","undefined SetScreenRefreshRate(PCSettingsManager * this\, undefined4 param_1)","13"
"SetFSAA","006daf60","undefined SetFSAA(PCSettingsManager * this\, undefined4 param_1)","13"
"FUN_006daf70","006daf70","undefined FUN_006daf70(void * this\, undefined4 param_1)","13"
"SetBloomMethod","006daff0","undefined SetBloomMethod(PCSettingsManager * this\, undefined4 param_1)","13"
"SetDesiredBloomMethod","006db000","undefined SetDesiredBloomMethod(PCSettingsManager * this\, undefined4 param_1)","13"
"FUN_006db010","006db010","undefined FUN_006db010(void * this\, undefined1 param_1)","13"
"SetDesiredShadowMethod","006db020","undefined SetDesiredShadowMethod(PCSettingsManager * this\, undefined4 param_1)","13"
"FUN_006db030","006db030","undefined FUN_006db030(void * this\, undefined4 param_1)","13"
"FUN_006db040","006db040","undefined FUN_006db040(void * this\, undefined1 param_1)","13"
"FUN_006db050","006db050","undefined FUN_006db050(void * this\, undefined1 param_1)","13"
"SetSpeedBlurEnabled","006db060","undefined SetSpeedBlurEnabled(PCSettingsManager * this\, undefined1 param_1)","13"
"SetUseHires","006db070","undefined SetUseHires(PCSettingsManager * this\, undefined1 param_1)","19"
"FUN_006db090","006db090","undefined FUN_006db090(void * this\, undefined1 param_1)","13"
"SetHiresAvailable","006db0a0","undefined SetHiresAvailable(PCSettingsManager * this\, undefined1 param_1)","13"
"FUN_006db0c0","006db0c0","undefined FUN_006db0c0(undefined4 * param_1)","243"
"Save","006db1c0","void Save(PCSettingsManager * this)","596"
"ValidateSettings","006db7a0","void ValidateSettings(PCSettingsManager * this)","340"
"_PCSettingsUseHires","006db910","undefined1 _PCSettingsUseHires(void)","8"
"Initialise","006db940","void Initialise(PCSettingsManager * this)","75"
"Load","006db990","void Load(PCSettingsManager * this)","285"
"_NuInitHardware","006dbb30","undefined4 _NuInitHardware(uint * param_1\, int * param_2\, int param_3)","2298"
"FUN_006dc7a0","006dc7a0","undefined FUN_006dc7a0(char param_1)","230"
"_NuPCDetermineLanguage","006dc890","undefined _NuPCDetermineLanguage(char * param_1)","1156"
"FUN_006dcf30","006dcf30","undefined FUN_006dcf30(char * param_1)","408"
"FUN_006dd160","006dd160","undefined FUN_006dd160(char param_1)","321"
"FUN_006dd2b0","006dd2b0","undefined4 FUN_006dd2b0(HWND param_1\, int param_2)","37"
"FUN_006dd2e0","006dd2e0","undefined FUN_006dd2e0(void)","126"
"FUN_006dd380","006dd380","undefined4 FUN_006dd380(int param_1)","12"
"FUN_006dd390","006dd390","undefined4 FUN_006dd390(void)","97"
"FUN_006dd420","006dd420","uint FUN_006dd420(void)","56"
"_GetWinappUserFolder","006dd8c0","undefined _GetWinappUserFolder(void)","281"
"FUN_006dd9e0","006dd9e0","undefined FUN_006dd9e0(char * param_1\, char * param_2\, int param_3\, char * param_4)","830"
"_NuPCSetAppWindowTitle","006ddd40","undefined _NuPCSetAppWindowTitle(undefined * param_1)","10"
"_NuPCSetAppSaveFolders","006ddd50","undefined _NuPCSetAppSaveFolders(undefined * param_1\, undefined * param_2\, undefined * param_3\, undefined4 param_4)","49"
"_NuPCSetAppVistaGUID","006ddd90","undefined _NuPCSetAppVistaGUID(undefined1 * param_1)","25"
"_NuPCSetMenuBeepCallback","006dddb0","undefined _NuPCSetMenuBeepCallback(undefined4 param_1)","10"
"FUN_006dddf0","006dddf0","undefined FUN_006dddf0(void)","1"
"FUN_006dde00","006dde00","undefined FUN_006dde00(undefined4 * param_1\, undefined4 * param_2)","33"
"FUN_006dde30","006dde30","undefined FUN_006dde30(undefined4 param_1\, undefined4 param_2\, undefined4 param_3\, undefined4 param_4)","106"
"FUN_006ddea0","006ddea0","float10 FUN_006ddea0(void)","7"
"FUN_006ddeb0","006ddeb0","float10 FUN_006ddeb0(void)","7"
"FUN_006ddec0","006ddec0","undefined FUN_006ddec0(void)","217"
"FUN_006ddfa0","006ddfa0","undefined FUN_006ddfa0(float param_1)","174"
"FUN_006de050","006de050","undefined4 FUN_006de050(void)","3"
"WinMainShutDown","006de060","undefined WinMainShutDown(void)","122"
"FUN_006de0e0","006de0e0","undefined4 FUN_006de0e0(undefined4 param_1\, undefined4 param_2\, char * param_3\, undefined4 param_4)","200"
"WndProc","006de1c0","LRESULT WndProc(HWND param_1\, uint param_2\, WPARAM param_3\, uint param_4)","696"
"NuPCCreateWindow","006de4b0","undefined4 NuPCCreateWindow(HINSTANCE param_1\, int param_2\, ushort param_3)","420"
"FUN_006de6d0","006de6d0","undefined FUN_006de6d0(void)","1"
"FUN_006de750","006de750","undefined FUN_006de750(void)","1"
"FUN_006de760","006de760","undefined FUN_006de760(void)","1"
"FUN_006de8d0","006de8d0","undefined FUN_006de8d0(int param_1)","37"
"FUN_006de960","006de960","undefined FUN_006de960(void)","15"
"FUN_006de9a0","006de9a0","undefined FUN_006de9a0(void)","1"
"FUN_006dea60","006dea60","undefined FUN_006dea60(void)","1"
"FUN_006dec10","006dec10","int FUN_006dec10(int param_1\, int param_2)","64"
"_PCInitStrings","006ded20","undefined _PCInitStrings(void)","131"
"FUN_006dede0","006dede0","undefined4 FUN_006dede0(void)","3"
"FUN_006dee00","006dee00","undefined4 FUN_006dee00(void)","3"
"FUN_006dee10","006dee10","undefined4 FUN_006dee10(void)","3"
"FUN_006dee30","006dee30","undefined4 FUN_006dee30(void)","3"
"FUN_006dee40","006dee40","undefined4 FUN_006dee40(void)","3"
"FUN_006dee50","006dee50","undefined4 FUN_006dee50(void)","3"
"FUN_006dee60","006dee60","undefined4 FUN_006dee60(void)","3"
"FUN_006dee70","006dee70","undefined4 FUN_006dee70(void)","3"
"FUN_006dee90","006dee90","undefined4 FUN_006dee90(void)","3"
"FUN_006df080","006df080","undefined FUN_006df080(void)","55"
"_NuMemReleaseExit","006df0c0","undefined _NuMemReleaseExit(void)","20"
"_NudxFw_InvalidateObjects","006df0e0","undefined _NudxFw_InvalidateObjects(void)","181"
"FUN_006df270","006df270","undefined4 FUN_006df270(void)","6"
"FUN_006df290","006df290","float10 FUN_006df290(void)","74"
"FUN_006df300","006df300","undefined FUN_006df300(void)","13"
"_NudxFw_D3DEndCriticalSection","006df310","undefined _NudxFw_D3DEndCriticalSection(void)","13"
"FUN_006df320","006df320","undefined FUN_006df320(int param_1)","14"
"FUN_006df330","006df330","undefined1 FUN_006df330(void)","9"
"FUN_006df340","006df340","undefined FUN_006df340(undefined4 param_1\, float param_2\, float param_3\, int param_4\, char * param_5)","298"
"FUN_006df470","006df470","undefined FUN_006df470(undefined4 param_1\, float param_2\, float param_3\, int param_4\, char * param_5)","512"
"FUN_006df940","006df940","undefined FUN_006df940(void)","220"
"FUN_006dfa20","006dfa20","undefined FUN_006dfa20(void)","69"
"FUN_006dfd30","006dfd30","undefined4 FUN_006dfd30(void)","8"
"FUN_006dfd40","006dfd40","undefined4 FUN_006dfd40(void)","36"
"FUN_006dfd70","006dfd70","undefined FUN_006dfd70(void)","10"
"FUN_006dfd80","006dfd80","undefined FUN_006dfd80(void)","10"
"FUN_006dfd90","006dfd90","undefined FUN_006dfd90(void)","11"
"FUN_006dfda0","006dfda0","undefined4 FUN_006dfda0(void)","6"
"FUN_006dfdb0","006dfdb0","undefined4 FUN_006dfdb0(void)","6"
"_NudxFw_ReleaseThumbnailScreenshotData","006dfdc0","undefined _NudxFw_ReleaseThumbnailScreenshotData(void)","45"
"_NudxFw_ReleaseD3D","006dfdf0","undefined _NudxFw_ReleaseD3D(void)","40"
"FUN_006dfe20","006dfe20","undefined FUN_006dfe20(int param_1)","128"
"Release","006dff80","void Release(CNuConsole * this)","31"
"FUN_006dffc0","006dffc0","undefined FUN_006dffc0(int param_1)","104"
"FUN_006e0030","006e0030","undefined FUN_006e0030(int param_1\, char * param_2)","72"
"ExitNow","006e0080","void ExitNow(CNuConsole * this\, char * param_2\, ...)","93"
"FUN_006e0320","006e0320","undefined FUN_006e0320(int param_1)","5091"
"FUN_006e1710","006e1710","undefined FUN_006e1710(int param_1)","30"
"FUN_006e1750","006e1750","undefined FUN_006e1750(undefined1 * param_1)","172"
"FUN_006e1930","006e1930","undefined4 * FUN_006e1930(undefined4 * param_1)","472"
"FUN_006e1b10","006e1b10","uint FUN_006e1b10(uint * param_1\, uint * param_2)","87"
"FUN_006e1b70","006e1b70","int FUN_006e1b70(void * this\, int param_1\, int param_2\, int param_3)","390"
"FUN_006e1d00","006e1d00","undefined1 FUN_006e1d00(float param_1\, int param_2)","206"
"FUN_006e1df0","006e1df0","undefined FUN_006e1df0(int param_1)","261"
"FUN_006e1f00","006e1f00","undefined FUN_006e1f00(int param_1)","262"
"FUN_006e2010","006e2010","undefined FUN_006e2010(int param_1)","103"
"FUN_006e2080","006e2080","undefined FUN_006e2080(int param_1)","104"
"FUN_006e20f0","006e20f0","undefined FUN_006e20f0(int param_1)","53"
"FUN_006e2130","006e2130","undefined4 FUN_006e2130(int param_1)","14"
"ReleaseVideoResources","006e2170","void ReleaseVideoResources(CD3DCore * this)","208"
"FUN_006e2240","006e2240","undefined FUN_006e2240(int param_1)","15"
"FUN_006e2260","006e2260","undefined FUN_006e2260(void * this\, int param_1)","64"
"FUN_006e22a0","006e22a0","undefined FUN_006e22a0(int param_1)","17"
"FUN_006e2320","006e2320","undefined FUN_006e2320(void * this\, int param_1\, undefined4 param_2)","43"
"FUN_006e2390","006e2390","undefined FUN_006e2390(void * this\, char param_1)","71"
"FUN_006e23e0","006e23e0","undefined FUN_006e23e0(int param_1)","49"
"FUN_006e2420","006e2420","undefined FUN_006e2420(int param_1)","77"
"FUN_006e2470","006e2470","undefined FUN_006e2470(void * this\, undefined4 * param_1)","159"
"FUN_006e2510","006e2510","undefined FUN_006e2510(int param_1)","255"
"FUN_006e2610","006e2610","undefined FUN_006e2610(int param_1)","433"
"FUN_006e27d0","006e27d0","undefined4 FUN_006e27d0(int param_1)","17"
"FUN_006e27f0","006e27f0","bool FUN_006e27f0(int param_1)","17"
"FUN_006e2810","006e2810","undefined FUN_006e2810(void * this\, char param_1\, char param_2\, int param_3)","107"
"FUN_006e2880","006e2880","undefined FUN_006e2880(void * this\, int param_1\, int param_2)","87"
"FUN_006e28e0","006e28e0","undefined4 FUN_006e28e0(void * this\, int * param_1\, int * param_2)","501"
"FUN_006e2b40","006e2b40","undefined4 FUN_006e2b40(int param_1)","90"
"PreInitialize","006e2ba0","void PreInitialize(CD3DCore * this)","187"
"Release","006e2c60","void Release(CD3DCore * this)","123"
"FUN_006e2d20","006e2d20","undefined FUN_006e2d20(int param_1)","1608"
"thunk_FUN_006e2d20","006e3390","thunk undefined thunk_FUN_006e2d20(int param_1)","5"
"FUN_006e33a0","006e33a0","undefined FUN_006e33a0(void * param_1)","293"
"FUN_006e3650","006e3650","undefined FUN_006e3650(void * param_1)","205"
"FUN_006e3720","006e3720","undefined FUN_006e3720(void * this\, int param_1\, int param_2)","209"
"FUN_006e3800","006e3800","undefined FUN_006e3800(void * this\, undefined4 * param_1)","153"
"FUN_006e38a0","006e38a0","undefined FUN_006e38a0(void * this\, undefined4 * param_1)","134"
"BuildDeviceFromResolution","006e3940","void BuildDeviceFromResolution(CD3DCore * this)","2087"
"FUN_006e4170","006e4170","undefined FUN_006e4170(void * param_1)","48"
"FUN_006e41a0","006e41a0","undefined FUN_006e41a0(void * this\, undefined4 param_1\, undefined4 param_2\, undefined4 param_3\, undefined4 param_4)","140"
"FUN_006e4230","006e4230","undefined FUN_006e4230(undefined4 * param_1)","146"
"FUN_006e42d0","006e42d0","undefined FUN_006e42d0(undefined4 * param_1)","473"
"FUN_006e44b0","006e44b0","undefined FUN_006e44b0(undefined4 * param_1)","128"
"_d3dIsDeviceNULL","006e45a0","bool _d3dIsDeviceNULL(void)","12"
"FUN_006e45b0","006e45b0","undefined FUN_006e45b0(void)","403"
"FUN_006e45e0","006e45e0","undefined FUN_006e45e0(undefined4 param_1\, undefined4 param_2\, undefined4 param_3\, undefined4 param_4\, undefined4 param_5\, undefined4 param_6)","55"
"FUN_006e46b0","006e46b0","undefined FUN_006e46b0(undefined4 param_1\, undefined4 param_2\, undefined4 param_3\, undefined4 param_4\, undefined4 param_5\, undefined4 param_6\, undefined4 param_7\, undefined4 param_8)","59"
"FUN_006e46f0","006e46f0","undefined FUN_006e46f0(undefined4 param_1\, uint param_2\, undefined4 param_3\, undefined4 param_4\, undefined4 param_5\, undefined4 param_6)","63"
"FUN_006e4770","006e4770","undefined FUN_006e4770(undefined4 param_1\, undefined4 param_2)","32"
"FUN_006e47d0","006e47d0","undefined FUN_006e47d0(undefined4 param_1\, undefined4 param_2\, undefined4 param_3\, undefined4 param_4\, undefined4 param_5\, undefined4 param_6\, undefined4 param_7)","56"
"FUN_006e4810","006e4810","undefined FUN_006e4810(undefined4 param_1\, uint param_2\, undefined4 param_3\, undefined4 param_4\, undefined4 param_5)","60"
"FUN_006e4850","006e4850","undefined FUN_006e4850(undefined4 param_1\, undefined4 param_2)","32"
"FUN_006e4870","006e4870","undefined FUN_006e4870(undefined4 param_1\, undefined4 param_2)","32"
"FUN_006e48e0","006e48e0","undefined FUN_006e48e0(undefined4 param_1\, undefined4 param_2\, undefined4 param_3\, undefined4 param_4\, undefined4 param_5\, undefined4 param_6)","59"
"FUN_006e4980","006e4980","undefined FUN_006e4980(undefined4 param_1\, undefined4 param_2\, undefined4 param_3)","44"
"FUN_006e49b0","006e49b0","undefined FUN_006e49b0(undefined4 param_1\, undefined4 param_2\, undefined4 param_3\, undefined4 param_4)","61"
"FUN_006e4a10","006e4a10","undefined FUN_006e4a10(void)","10"
"FUN_006e4a40","006e4a40","undefined FUN_006e4a40(void)","19"
"FUN_006e4ff0","006e4ff0","undefined FUN_006e4ff0(undefined4 * param_1)","62"
"FUN_006e51d0","006e51d0","undefined FUN_006e51d0(int param_1)","50"
"FUN_006e5290","006e5290","undefined FUN_006e5290(undefined4 param_1)","27"
"FUN_006e52e0","006e52e0","undefined FUN_006e52e0(undefined4 param_1\, undefined4 param_2\, undefined4 param_3)","37"
"FUN_006e5340","006e5340","undefined FUN_006e5340(undefined4 param_1\, int param_2)","175"
"FUN_006e54e0","006e54e0","undefined FUN_006e54e0(uint param_1\, int param_2\, int param_3)","111"
"FUN_006e5570","006e5570","undefined FUN_006e5570(undefined4 param_1)","27"
"_d3dSetStreamSource","006e5590","undefined _d3dSetStreamSource(int param_1\, int param_2\, int param_3\, int param_4)","113"
"FUN_006e5610","006e5610","undefined FUN_006e5610(undefined4 param_1\, undefined4 param_2)","32"
"_d3dSetTexture","006e5630","undefined _d3dSetTexture(uint param_1\, int param_2)","64"
"FUN_006e5670","006e5670","undefined FUN_006e5670(undefined4 param_1\, undefined4 param_2\, undefined4 param_3)","37"
"FUN_006e56a0","006e56a0","undefined FUN_006e56a0(undefined4 param_1\, undefined4 param_2)","32"
"FUN_006e56c0","006e56c0","undefined FUN_006e56c0(int param_1)","50"
"FUN_006e5700","006e5700","undefined FUN_006e5700(undefined4 param_1)","27"
"FUN_006e5750","006e5750","undefined FUN_006e5750(undefined4 param_1\, undefined4 param_2\, undefined4 param_3)","37"
"FUN_006e57b0","006e57b0","undefined FUN_006e57b0(undefined4 * param_1)","20"
"FUN_006e57d0","006e57d0","undefined4 FUN_006e57d0(undefined4 param_1)","45"
"FUN_006e5800","006e5800","undefined4 FUN_006e5800(undefined4 param_1\, undefined4 param_2)","28"
"FUN_006e5820","006e5820","undefined FUN_006e5820(undefined4 param_1\, undefined4 param_2\, undefined4 param_3\, undefined4 param_4\, undefined4 param_5)","47"
"FUN_006e5850","006e5850","undefined FUN_006e5850(void)","14"
"FUN_006e59f0","006e59f0","undefined FUN_006e59f0(undefined4 param_1\, undefined4 param_2\, undefined4 param_3)","32"
"FUN_006e5a30","006e5a30","undefined FUN_006e5a30(undefined4 param_1\, undefined4 param_2\, undefined4 param_3\, undefined4 param_4\, undefined4 param_5\, undefined4 param_6\, undefined4 param_7\, undefined4 param_8\, undefined4 param_9\, undefined4 param_10\, undefined4 param_11\, undefined4 param_12\, undefined4 param_13\, undefined4 param_14)","88"
"FUN_006e5a90","006e5a90","undefined FUN_006e5a90(undefined4 param_1\, undefined4 param_2\, undefined4 param_3)","32"
"FUN_006e5ab0","006e5ab0","undefined FUN_006e5ab0(byte * param_1\, undefined4 param_2)","82"
"_d3dResRel","006e5b70","undefined _d3dResRel(int * param_1)","27"
"FUN_006e5b90","006e5b90","undefined FUN_006e5b90(undefined4 param_1\, undefined4 param_2\, undefined4 param_3\, undefined4 param_4\, int * param_5)","38"
"FUN_006e5bc0","006e5bc0","undefined FUN_006e5bc0(int * param_1)","13"
"FUN_006e5bd0","006e5bd0","undefined FUN_006e5bd0(undefined4 param_1\, undefined4 param_2\, undefined4 param_3\, undefined4 param_4\, int * param_5)","38"
"FUN_006e5c00","006e5c00","undefined FUN_006e5c00(int * param_1)","13"
"FUN_006e5f50","006e5f50","undefined4 * FUN_006e5f50(undefined4 * param_1)","12"
"FUN_006e5f60","006e5f60","undefined8 FUN_006e5f60(void)","854"
"FUN_006e66b0","006e66b0","undefined4 FUN_006e66b0(void)","100"
"FUN_006e6757","006e6757","exception * FUN_006e6757(void * this\, byte param_1)","34"
"FUN_006e679c","006e679c","exception * FUN_006e679c(void * this\, byte param_1)","34"
"FUN_006e67be","006e67be","undefined FUN_006e67be(void)","63"
"FUN_006e67fd","006e67fd","undefined FUN_006e67fd(void)","63"
"__cfltcvt_init","006e68ac","undefined __cfltcvt_init(void)","96"
"__fpmath","006e691c","void __fpmath(int param_1)","30"
"__security_check_cookie","006e693a","undefined __security_check_cookie(int param_1)","15"
"_memset","006e6950","void * _memset(void * _Dst\, int _Val\, size_t _Size)","122"
"__allshl","006e69d0","longlong __allshl(byte param_1\, int param_2)","31"
"_sprintf","006e69ef","int _sprintf(char * _Dest\, char * _Format\, ...)","123"
"__sprintf_s_l","006e6aa0","int __sprintf_s_l(char * _DstBuf\, size_t _DstSize\, char * _Format\, _locale_t _Locale\, ...)","29"
"__snprintf_s","006e6abd","int __snprintf_s(char * _DstBuf\, size_t _SizeInBytes\, size_t _MaxCount\, char * _Format\, ...)","31"
"__snprintf_s_l","006e6adc","int __snprintf_s_l(char * _DstBuf\, size_t _DstSize\, size_t _MaxCount\, char * _Format\, _locale_t _Locale\, ...)","32"
"FUN_006e6b18","006e6b18","undefined FUN_006e6b18(char * param_1\, size_t param_2\, char * param_3\, _locale_t param_4)","29"
"FUN_006e6b90","006e6b90","ulonglong FUN_006e6b90(undefined4 param_1\, undefined4 param_2)","28"
"FUN_006e6bc6","006e6bc6","ulonglong FUN_006e6bc6(void)","117"
"FUN_006e6c40","006e6c40","float10 FUN_006e6c40(double param_1\, undefined2 param_2)","494"
"__alloca_probe","006e6d60","undefined __alloca_probe(void)","43"
"_memcpy","006e6d90","void * _memcpy(void * _Dst\, void * _Src\, size_t _Size)","711"
"FUN_006e70f5","006e70f5","int FUN_006e70f5(int param_1)","185"
"__onexit","006e71dd","_onexit_t __onexit(_onexit_t _Func)","54"
"FUN_006e7213","006e7213","undefined FUN_006e7213(void)","6"
"_atexit","006e7219","int _atexit(_func_4879 * param_1)","18"
"fast_error_exit","006e725d","undefined fast_error_exit(int param_1)","36"
"check_managed_app","006e7281","undefined4 check_managed_app(void)","65"
"___tmainCRTStartup","006e72c2","int ___tmainCRTStartup(void)","420"
"entry","006e74a2","undefined entry(void)","10"
"_V6_HeapAlloc","006e74ac","int * _V6_HeapAlloc(uint * param_1)","70"
"FUN_006e74f2","006e74f2","undefined FUN_006e74f2(void)","9"
"_malloc","006e7570","void * _malloc(size_t _Size)","195"
"_free","006e7633","void _free(void * _Memory)","133"
"FUN_006e7689","006e7689","undefined FUN_006e7689(void)","9"
"_realloc","006e76c1","void * _realloc(void * _Memory\, size_t _NewSize)","524"
"FUN_006e7805","006e7805","undefined FUN_006e7805(void)","9"
"FUN_006e78dc","006e78dc","void * FUN_006e78dc(void * param_1\, uint param_2\, uint param_3)","121"
"FID_conflict:_wprintf","006e7955","int FID_conflict:_wprintf(char * _Format\, ...)","156"
"FUN_006e79f1","006e79f1","undefined FUN_006e79f1(void)","19"
"FUN_006e7a93","006e7a93","bool FUN_006e7a93(void)","22"
"__vsprintf_l","006e7aa9","int __vsprintf_l(char * _DstBuf\, char * _Format\, _locale_t param_3\, va_list _ArgList)","124"
"_vsprintf","006e7b25","int _vsprintf(char * _Dest\, char * _Format\, va_list _Args)","23"
"FID_conflict:__vscprintf_helper","006e7b3c","undefined4 FID_conflict:__vscprintf_helper(undefined * param_1\, int param_2\, undefined4 param_3\, undefined4 param_4)","85"
"_strncpy","006e7c00","char * _strncpy(char * _Dest\, char * _Source\, size_t _Count)","292"
"_strrchr","006e7d30","char * _strrchr(char * _Str\, int _Ch)","45"
"vfprintf_helper","006e7d5d","int vfprintf_helper(undefined * param_1\, FILE * param_2\, int param_3\, undefined4 param_4\, undefined4 param_5)","324"
"FUN_006e7ea1","006e7ea1","undefined FUN_006e7ea1(void)","10"
"FID_conflict:_vfprintf","006e7f05","int FID_conflict:_vfprintf(FILE * _File\, char * _Format\, va_list _ArgList)","28"
"FID_conflict:_fputc","006e8098","int FID_conflict:_fputc(int _Ch\, FILE * _File)","308"
"FUN_006e81cf","006e81cf","undefined FUN_006e81cf(void)","8"
"FUN_006e81d7","006e81d7","undefined * * FUN_006e81d7(void)","6"
"FUN_006e82ae","006e82ae","undefined FUN_006e82ae(uint param_1)","60"
"FUN_006e82ea","006e82ea","undefined FUN_006e82ea(int param_1\, int param_2)","46"
"FUN_006e8318","006e8318","undefined FUN_006e8318(uint param_1)","54"
"FUN_006e834e","006e834e","undefined FUN_006e834e(int param_1\, int param_2)","42"
"__alldiv","006e8380","undefined8 __alldiv(uint param_1\, uint param_2\, uint param_3\, uint param_4)","170"
"__allmul","006e8430","longlong __allmul(uint param_1\, int param_2\, uint param_3\, int param_4)","52"
"~type_info","006e8505","void ~type_info(type_info * this)","14"
"`scalar_deleting_destructor'","006e8513","void * `scalar_deleting_destructor'(type_info * this\, uint param_1)","28"
"operator==","006e8546","bool operator==(type_info * this\, type_info * param_1)","27"
"_free","006e85b0","thunk void _free(void * _Memory)","5"
"FUN_006e860e","006e860e","int FUN_006e860e(FILE * param_1)","114"
"_fclose","006e8680","int _fclose(FILE * _File)","113"
"FUN_006e86f4","006e86f4","undefined FUN_006e86f4(void)","8"
"FUN_006e86fc","006e86fc","uint FUN_006e86fc(LPWSTR param_1\, LPWSTR param_2\, uint param_3\, uint param_4\, FILE * param_5)","518"
"_fread_s","006e891d","size_t _fread_s(void * _DstBuf\, size_t _DstSize\, size_t _ElementSize\, size_t _Count\, FILE * _File)","140"
"FUN_006e89a9","006e89a9","undefined FUN_006e89a9(void)","10"
"FUN_006e89b3","006e89b3","undefined FUN_006e89b3(void * param_1\, size_t param_2\, size_t param_3\, FILE * param_4)","27"
"__fseek_nolock","006e89ce","int __fseek_nolock(FILE * _File\, long _Offset\, int _Origin)","135"
"_fseek","006e8a55","int _fseek(FILE * _File\, long _Offset\, int _Origin)","123"
"FUN_006e8ad0","006e8ad0","undefined FUN_006e8ad0(void)","10"
"__fsopen","006e8ada","FILE * __fsopen(char * _Filename\, char * _Mode\, int _ShFlag)","186"
"FUN_006e8b94","006e8b94","undefined FUN_006e8b94(void)","10"
"_fopen","006e8b9e","FILE * _fopen(char * _Filename\, char * _Mode)","19"
"FUN_006e8c01","006e8c01","uint FUN_006e8c01(char * param_1\, uint param_2\, uint param_3\, FILE * param_4)","351"
"_fwrite","006e8d60","size_t _fwrite(void * _Str\, size_t _Size\, size_t _Count\, FILE * _File)","120"
"FUN_006e8dd8","006e8dd8","undefined FUN_006e8dd8(void)","10"
"FUN_006e8de2","006e8de2","undefined4 FUN_006e8de2(LPCSTR param_1)","42"
"FUN_006e8e11","006e8e11","undefined FUN_006e8e11(ulong param_1)","13"
"_rand","006e8e1e","int _rand(void)","34"
"FUN_006e8e80","006e8e80","undefined FUN_006e8e80(void * param_1)","79"
"FUN_006e8ecf","006e8ecf","uint FUN_006e8ecf(void * this\, int param_1)","9"
"FUN_006e8ed8","006e8ed8","uint FUN_006e8ed8(int param_1\, undefined4 param_2)","145"
"FUN_006e8fac","006e8fac","undefined FUN_006e8fac(undefined4 param_1)","69"
"FUN_006e9040","006e9040","undefined FUN_006e9040(void)","79"
"FUN_006e9098","006e9098","uint FUN_006e9098(int param_1\, uint param_2)","184"
"FUN_006e9190","006e9190","undefined FUN_006e9190(void)","79"
"FUN_006e91e8","006e91e8","uint FUN_006e91e8(int param_1\, uint param_2)","184"
"FUN_006e92e0","006e92e0","undefined FUN_006e92e0(void)","84"
"FUN_006e933d","006e933d","undefined1[10] FUN_006e933d(int param_1\, uint param_2\, int param_3\, uint param_4)","453"
"FUN_006e9502","006e9502","undefined FUN_006e9502(void)","40"
"FUN_006e9530","006e9530","undefined FUN_006e9530(void)","20"
"FUN_006e954d","006e954d","uint FUN_006e954d(int param_1\, uint param_2)","157"
"swap","006e95f0","undefined swap(void)","40"
"shortsort","006e9620","undefined shortsort(undefined1 * param_1\, undefined1 * param_2\, int param_3\, undefined * param_4)","132"
"_qsort","006e96b0","void _qsort(void * _Base\, size_t _NumOfElements\, size_t _SizeOfElements\, _PtFuncCompare * _PtFuncCompare)","676"
"__flush","006e9957","int __flush(FILE * _File)","98"
"__fflush_nolock","006e99b9","int __fflush_nolock(FILE * _File)","66"
"flsall","006e99fb","int flsall(int param_1)","187"
"FUN_006e9a9d","006e9a9d","undefined FUN_006e9a9d(void)","17"
"FUN_006e9acc","006e9acc","undefined FUN_006e9acc(void)","9"
"__flushall","006e9b28","int __flushall(void)","9"
"_memcpy_s","006e9b31","errno_t _memcpy_s(void * _Dst\, rsize_t _DstSize\, void * _Src\, rsize_t _MaxCount)","123"
"_memmove_s","006e9bac","errno_t _memmove_s(void * _Dst\, rsize_t _DstSize\, void * _Src\, rsize_t _MaxCount)","91"
"FUN_006e9c07","006e9c07","undefined FUN_006e9c07(undefined4 * param_1)","17"
"exception","006e9c18","undefined exception(exception * this\, char * * param_1)","78"
"exception","006e9c66","undefined exception(exception * this\, char * * param_1\, int param_2)","24"
"exception","006e9c7e","undefined exception(exception * this\, exception * param_1)","88"
"operator=","006e9cd6","exception * operator=(exception * this\, exception * param_1)","86"
"~exception","006e9d2c","void ~exception(exception * this)","22"
"FUN_006e9e02","006e9e02","exception * FUN_006e9e02(void * this\, byte param_1)","28"
"FUN_006e9e1e","006e9e1e","exception * FUN_006e9e1e(void * this\, byte param_1)","34"
"FUN_006e9e40","006e9e40","exception * FUN_006e9e40(void * this\, byte param_1)","34"
"FUN_006e9e62","006e9e62","exception * FUN_006e9e62(void * this\, byte param_1)","34"
"FUN_006e9e84","006e9e84","undefined FUN_006e9e84(undefined4 param_1)","10"
"__invoke_watson","006e9e8e","void __invoke_watson(wchar_t * param_1\, wchar_t * param_2\, wchar_t * param_3\, uint param_4\, uintptr_t param_5)","252"
"FUN_006e9fb9","006e9fb9","undefined FUN_006e9fb9(wchar_t * param_1\, wchar_t * param_2\, wchar_t * param_3\, uint param_4\, uintptr_t param_5)","9"
"FUN_006e9fc2","006e9fc2","undefined FUN_006e9fc2(wchar_t * param_1\, wchar_t * param_2\, wchar_t * param_3\, uint param_4\, uintptr_t param_5)","36"
"FUN_006e9fe6","006e9fe6","undefined FUN_006e9fe6(void)","16"
"FUN_006e9ff6","006e9ff6","undefined FUN_006e9ff6(wchar_t * param_1\, wchar_t * param_2\, wchar_t * param_3\, uint param_4\, uintptr_t param_5)","9"
"bad_alloc","006e9fff","undefined bad_alloc(bad_alloc * this)","25"
"operator_new","006ea018","void * operator_new(uint param_1)","106"
"__CxxThrowException@8","006ea082","undefined __CxxThrowException@8(undefined4 param_1\, byte * param_2)","74"
"_JumpToContinuation","006ea0cc","void _JumpToContinuation(void * param_1\, EHRegistrationNode * param_2)","43"
"_CallMemberFunction0","006ea0fc","void _CallMemberFunction0(void * param_1\, void * param_2)","7"
"FID_conflict:_CallMemberFunction1","006ea103","undefined FID_conflict:_CallMemberFunction1(undefined4 param_1\, undefined * UNRECOVERED_JUMPTABLE)","7"
"FID_conflict:_CallMemberFunction1","006ea10a","undefined FID_conflict:_CallMemberFunction1(undefined4 param_1\, undefined * UNRECOVERED_JUMPTABLE)","7"
"_UnwindNestedFrames","006ea111","void _UnwindNestedFrames(EHRegistrationNode * param_1\, EHExceptionRecord * param_2)","82"
"FID_conflict:___CxxFrameHandler3","006ea163","undefined4 FID_conflict:___CxxFrameHandler3(EHExceptionRecord * param_1\, EHRegistrationNode * param_2\, _CONTEXT * param_3\, void * param_4)","54"
"FID_conflict:___CxxFrameHandler3","006ea199","undefined4 FID_conflict:___CxxFrameHandler3(EHExceptionRecord * param_1\, EHRegistrationNode * param_2\, _CONTEXT * param_3\, void * param_4)","54"
"FID_conflict:___CxxFrameHandler3","006ea1cf","undefined4 FID_conflict:___CxxFrameHandler3(EHExceptionRecord * param_1\, EHRegistrationNode * param_2\, _CONTEXT * param_3\, void * param_4)","54"
"_CallSETranslator","006ea24f","int _CallSETranslator(EHExceptionRecord * param_1\, EHRegistrationNode * param_2\, void * param_3\, void * param_4\, _s_FuncInfo * param_5\, int param_6\, EHRegistrationNode * param_7)","213"
"TranslatorGuardHandler","006ea324","_EXCEPTION_DISPOSITION TranslatorGuardHandler(EHExceptionRecord * param_1\, TranslatorGuardRN * param_2\, void * param_3\, void * param_4)","152"
"_GetRangeOfTrysToCheck","006ea3c1","_s_TryBlockMapEntry * _GetRangeOfTrysToCheck(_s_FuncInfo * param_1\, int param_2\, int param_3\, uint * param_4\, uint * param_5)","115"
"__CreateFrameInfo","006ea434","undefined4 * __CreateFrameInfo(undefined4 * param_1\, undefined4 param_2)","40"
"__IsExceptionObjectToBeDestroyed","006ea45c","undefined4 __IsExceptionObjectToBeDestroyed(int param_1)","33"
"__FindAndUnlinkFrame","006ea47d","undefined __FindAndUnlinkFrame(void * param_1)","76"
"_CallCatchBlock2","006ea4c9","void * _CallCatchBlock2(EHRegistrationNode * param_1\, _s_FuncInfo * param_2\, void * param_3\, int param_4\, ulong param_5)","94"
"__vsnprintf_l","006ea527","int __vsnprintf_l(char * _DstBuf\, size_t _MaxCount\, char * _Format\, _locale_t _Locale\, va_list _ArgList)","177"
"__vsnprintf","006ea5d8","int __vsnprintf(char * _Dest\, size_t _Count\, char * _Format\, va_list _Args)","27"
"__aulldiv","006ea600","undefined8 __aulldiv(uint param_1\, uint param_2\, uint param_3\, uint param_4)","104"
"__copysign","006ea668","double __copysign(double _Number\, double _Sign)","38"
"__chgsign","006ea68e","double __chgsign(double _X)","43"
"FUN_006ea6cf","006ea6cf","float10 FUN_006ea6cf(uint param_1\, undefined4 param_2)","227"
"FUN_006ea7b2","006ea7b2","float10 FUN_006ea7b2(int param_1\, uint param_2\, int param_3\, uint param_4)","661"
"FUN_006eaa47","006eaa47","bool FUN_006eaa47(undefined4 param_1\, undefined4 param_2)","21"
"__isnan","006eaa5c","int __isnan(double _X)","46"
"__fpclass","006eaa8a","int __fpclass(double _X)","148"
"__ftell_nolock","006eab1e","long __ftell_nolock(FILE * _File)","408"
"_ftell","006eacb6","long _ftell(FILE * _File)","100"
"FUN_006ead1a","006ead1a","undefined FUN_006ead1a(void)","10"
"FUN_006ead24","006ead24","int FUN_006ead24(int param_1)","59"
"FUN_006ead5f","006ead5f","DWORD * FUN_006ead5f(void)","19"
"FUN_006ead72","006ead72","DWORD * FUN_006ead72(void)","19"
"FUN_006ead85","006ead85","undefined FUN_006ead85(DWORD param_1)","30"
"__alloca_probe_16","006eae30","uint __alloca_probe_16(void)","22"
"__alloca_probe_8","006eae46","uint __alloca_probe_8(void)","22"
"__calloc_impl","006eae5c","int * __calloc_impl(uint param_1\, uint param_2\, undefined4 * param_3)","272"
"FUN_006eaf58","006eaf58","undefined FUN_006eaf58(void)","9"
"_calloc","006eaf7a","void * _calloc(size_t _Count\, size_t _Size)","63"
"FUN_006eafc0","006eafc0","float10 FUN_006eafc0(double param_1\, undefined2 param_2)","289"
"_memmove","006eb0f0","void * _memmove(void * _Dst\, void * _Src\, size_t _Size)","711"
"__allshr","006eb460","undefined8 __allshr(byte param_1\, int param_2)","33"
"_memchr","006eb490","void * _memchr(void * _Buf\, int _Val\, size_t _MaxCount)","173"
"_LocaleUpdate","006eb53d","undefined _LocaleUpdate(_LocaleUpdate * this\, localeinfo_struct * param_1)","130"
"__toupper_l","006eb5d8","int __toupper_l(int _C\, _locale_t _Locale)","280"
"_toupper","006eb6f0","int _toupper(int _C)","39"
"_fprintf","006eb717","int _fprintf(FILE * _File\, char * _Format\, ...)","325"
"FUN_006eb85c","006eb85c","undefined FUN_006eb85c(void)","10"
"__get_sys_err_msg","006eb8e4","char * __get_sys_err_msg(int m)","35"
"_perror","006eb907","void _perror(char * _ErrMsg)","132"
"FUN_006eb98b","006eb98b","undefined FUN_006eb98b(void)","10"
"FUN_006eb9e0","006eb9e0","undefined FUN_006eb9e0(void)","79"
"FUN_006eba38","006eba38","undefined FUN_006eba38(int param_1\, undefined4 param_2)","125"
"_ldexp","006ebaba","double _ldexp(double _X\, int _Y)","430"
"FUN_006ebcb0","006ebcb0","undefined FUN_006ebcb0(void * param_1)","79"
"FUN_006ebcff","006ebcff","uint FUN_006ebcff(void * this\, int param_1)","9"
"FUN_006ebd08","006ebd08","uint FUN_006ebd08(int param_1\, undefined4 param_2)","145"
"__amsg_exit","006ebd99","void __amsg_exit(int param_1)","36"
"FUN_006ebdbd","006ebdbd","undefined FUN_006ebdbd(undefined4 param_1)","38"
"___crtExitProcess","006ebde3","void ___crtExitProcess(int param_1)","20"
"FUN_006ebdf8","006ebdf8","undefined FUN_006ebdf8(void)","9"
"FUN_006ebe01","006ebe01","undefined FUN_006ebe01(void)","9"
"FUN_006ebe0a","006ebe0a","undefined FUN_006ebe0a(undefined4 * param_1)","24"
"__initterm_e","006ebe22","undefined __initterm_e(undefined4 * param_1\, undefined4 * param_2)","32"
"__get_osplatform","006ebe42","undefined4 __get_osplatform(int * param_1)","55"
"__get_winmajor","006ebef1","undefined4 __get_winmajor(undefined4 * param_1)","60"
"__cinit","006ebfd7","int __cinit(int param_1)","146"
"FUN_006ec069","006ec069","undefined FUN_006ec069(int param_1\, int param_2\, int param_3)","211"
"FUN_006ec136","006ec136","undefined FUN_006ec136(void)","15"
"_exit","006ec14b","void _exit(int _Code)","17"
"__exit","006ec15c","undefined __exit(int param_1)","17"
"__cexit","006ec16d","void __cexit(void)","15"
"__init_pointers","006ec18b","void __init_pointers(void)","76"
"_frexp","006ec1d7","double _frexp(double _X\, int * _Y)","218"
"FUN_006ec300","006ec300","undefined FUN_006ec300(void)","79"
"FUN_006ec358","006ec358","undefined FUN_006ec358(int param_1\, uint param_2)","174"
"vscan_fn","006ec406","undefined4 vscan_fn(undefined * param_1\, int param_2\, undefined4 param_3\, undefined4 param_4)","104"
"FUN_006ec46e","006ec46e","undefined FUN_006ec46e(undefined4 param_1\, int param_2)","31"
"FUN_006ec48d","006ec48d","undefined FUN_006ec48d(undefined4 param_1\, int param_2\, undefined4 param_3)","33"
"FUN_006ec4ae","006ec4ae","undefined FUN_006ec4ae(undefined4 param_1\, int param_2)","31"
"FUN_006ec4cd","006ec4cd","undefined FUN_006ec4cd(undefined4 param_1\, int param_2\, undefined4 param_3)","33"
"FUN_006ec4ee","006ec4ee","short * FUN_006ec4ee(short * param_1\, short * param_2)","94"
"vscan_fn","006ec54c","undefined4 vscan_fn(undefined * param_1\, int param_2\, undefined4 param_3\, undefined4 param_4)","110"
"FID_conflict:_swscanf","006ec5ba","int FID_conflict:_swscanf(wchar_t * _Src\, wchar_t * _Format\, ...)","31"
"FUN_006ec5d9","006ec5d9","undefined FUN_006ec5d9(undefined4 param_1\, int param_2\, undefined4 param_3)","33"
"FUN_006ec5fa","006ec5fa","undefined FUN_006ec5fa(undefined4 param_1\, int param_2)","31"
"FUN_006ec619","006ec619","undefined FUN_006ec619(undefined4 param_1\, int param_2\, undefined4 param_3)","33"
"__invoke_watson_if_error","006ec63a","void __invoke_watson_if_error(errno_t _ExpressionError\, wchar_t * _Expression\, wchar_t * _Function\, wchar_t * _File\, uint _Line\, uintptr_t _Reserved)","31"
"__set_controlfp","006ec65c","void __set_controlfp(uint _NewValue\, uint _Mask)","108"
"__hw_cw","006ec75f","uint __hw_cw(void)","142"
"___hw_cw_sse2","006ec8c8","uint ___hw_cw_sse2(undefined4 param_1\, uint param_2)","160"
"__statusfp","006ec9b2","uint __statusfp(void)","144"
"___statusfp_sse2","006eca78","uint ___statusfp_sse2(void)","59"
"__statusfp2","006ecc72","void __statusfp2(uint * _X86_status\, uint * _SSE2_status)","88"
"__clearfp","006eccca","uint __clearfp(void)","215"
"___control87_2","006ecda1","int ___control87_2(uint _NewValue\, uint _Mask\, uint * _X86_cw\, uint * _Sse2_cw)","778"
"__control87","006ed0ab","uint __control87(uint _NewValue\, uint _Mask)","771"
"__initp_misc_winsig","006ed6b7","undefined __initp_misc_winsig(undefined4 param_1)","25"
"siglookup","006ed76b","uint siglookup(uint param_1)","52"
"___get_sigabrt","006ed79f","_PHNDLR ___get_sigabrt(void)","13"
"_raise","006ed9fb","int _raise(int _SigNum)","411"
"FUN_006edb6f","006edb6f","undefined FUN_006edb6f(void)","15"
"__except_handler4","006edbe0","undefined4 __except_handler4(int * param_1\, PVOID param_2\, undefined4 param_3)","406"
"_strlen","006edd80","size_t _strlen(char * _Str)","139"
"__EH_prolog3","006ede0b","undefined __EH_prolog3(int param_1)","51"
"__EH_prolog3_catch","006ede3e","undefined __EH_prolog3_catch(int param_1)","54"
"__EH_epilog3","006edee3","undefined __EH_epilog3(void)","20"
"__forcdecpt_l","006edf15","void __forcdecpt_l(char * _Buf\, _locale_t _Locale)","113"
"__cropzeros_l","006edf86","void __cropzeros_l(char * _Buf\, _locale_t _Locale)","128"
"__fassign_l","006ee01c","void __fassign_l(int flag\, char * argument\, char * number\, _locale_t param_4)","64"
"__shift","006ee073","undefined __shift(void)","29"
"__cftoe2_l","006ee0ac","DWORD __cftoe2_l(uint param_1\, int param_2\, int param_3\, int * param_4\, char param_5\, localeinfo_struct * param_6)","362"
"__cftoe_l","006ee219","undefined __cftoe_l(double * param_1\, undefined1 * param_2\, uint param_3\, int param_4\, int param_5\, localeinfo_struct * param_6)","206"
"__cftoe","006ee2e7","errno_t __cftoe(double * _Value\, char * _Buf\, size_t _SizeInBytes\, int _Dec\, int _Caps)","30"
"__cftoa_l","006ee305","DWORD __cftoa_l(double * param_1\, undefined1 * param_2\, uint param_3\, size_t param_4\, int param_5\, localeinfo_struct * param_6)","881"
"__cftoa","006ee676","errno_t __cftoa(double * _Value\, char * _Buf\, size_t _SizeInBytes\, int _Dec\, int _Caps)","30"
"__cftof2_l","006ee694","undefined4 __cftof2_l(void * this\, int param_1\, size_t param_2\, char param_3\, localeinfo_struct * param_4)","245"
"__cftof_l","006ee789","undefined __cftof_l(double * param_1\, undefined1 * param_2\, int param_3\, size_t param_4\, localeinfo_struct * param_5)","185"
"__cftog_l","006ee85d","undefined __cftog_l(double * param_1\, undefined1 * param_2\, uint param_3\, size_t param_4\, int param_5\, localeinfo_struct * param_6)","248"
"__cftog","006ee955","undefined __cftog(double * param_1\, undefined1 * param_2\, uint param_3\, size_t param_4\, int param_5)","30"
"__cfltcvt_l","006ee973","errno_t __cfltcvt_l(double * arg\, char * buffer\, size_t sizeInBytes\, int format\, int precision\, int caps\, _locale_t plocinfo)","134"
"__cfltcvt","006ee9f9","errno_t __cfltcvt(double * arg\, char * buffer\, size_t sizeInBytes\, int format\, int precision\, int caps)","33"
"__initp_misc_cfltcvt_tab","006eea1a","undefined __initp_misc_cfltcvt_tab(void)","31"
"__setdefaultprecision","006eea39","undefined __setdefaultprecision(void)","38"
"__ms_p5_test_fdiv","006eea62","undefined4 __ms_p5_test_fdiv(void)","60"
"__ms_p5_mp_test_fdiv","006eea9e","undefined __ms_p5_mp_test_fdiv(void)","41"
"___report_gsfailure","006eeac7","void ___report_gsfailure(void)","260"
"fastzero_I","006eebcb","undefined fastzero_I(undefined1[16] * param_1\, uint param_2)","79"
"__VEC_memzero","006eec22","undefined1[16] * __VEC_memzero(undefined1[16] * param_1\, undefined4 param_2\, uint param_3)","143"
"__flsbuf","006eecd9","int __flsbuf(int _Ch\, FILE * _File)","352"
"write_char","006eee39","undefined write_char(void)","51"
"write_multi_char","006eee6c","undefined write_multi_char(undefined4 param_1\, int param_2)","36"
"write_string","006eee90","undefined write_string(int param_1)","74"
"FUN_006eef05","006eef05","undefined FUN_006eef05(FILE * param_1\, byte * param_2\, localeinfo_struct * param_3\, wchar_t * param_4)","2420"
"__vsnprintf_helper","006ef899","int __vsnprintf_helper(undefined * param_1\, char * param_2\, uint param_3\, int param_4\, undefined4 param_5\, undefined4 param_6)","202"
"FID_conflict:__vsnprintf_c_l","006ef98a","int FID_conflict:__vsnprintf_c_l(char * _DstBuf\, size_t _MaxCount\, char * param_3\, _locale_t _Locale\, va_list _ArgList)","40"
"__vsprintf_s_l","006ef9b2","int __vsprintf_s_l(char * _DstBuf\, size_t _DstSize\, char * _Format\, _locale_t _Locale\, va_list _ArgList)","134"
"__vsnprintf_s_l","006efa53","int __vsnprintf_s_l(char * _DstBuf\, size_t _DstSize\, size_t _MaxCount\, char * _Format\, _locale_t _Locale\, va_list _ArgList)","261"
"__vsnprintf_s","006efb58","int __vsnprintf_s(char * _DstBuf\, size_t _SizeInBytes\, size_t _MaxCount\, char * _Format\, va_list _ArgList)","30"
"FID_conflict:__vsnprintf_c_l","006efb9d","int FID_conflict:__vsnprintf_c_l(char * _DstBuf\, size_t _MaxCount\, char * param_3\, _locale_t _Locale\, va_list _ArgList)","40"
"___libm_error_support","006efbee","undefined ___libm_error_support(double * param_1\, undefined8 * param_2\, double * param_3\, int param_4)","634"
"FUN_006eff6f","006eff6f","undefined FUN_006eff6f(undefined4 * param_1\, undefined4 * param_2\, uint param_3)","129"
"__VEC_memcpy","006efff6","undefined4 * __VEC_memcpy(undefined4 * param_1\, undefined4 * param_2\, uint param_3)","227"
"FUN_006f00d9","006f00d9","undefined4 FUN_006f00d9(void)","108"
"FUN_006f0145","006f0145","int FUN_006f0145(int param_1)","110"
"__encoded_null","006f01b3","undefined __encoded_null(void)","9"
"FUN_006f01bc","006f01bc","int FUN_006f01bc(int param_1)","110"
"FUN_006f024e","006f024e","LPVOID FUN_006f024e(void)","50"
"__mtterm","006f0299","void __mtterm(void)","61"
"FUN_006f02d6","006f02d6","undefined FUN_006f02d6(int param_1\, int param_2)","182"
"FUN_006f038c","006f038c","undefined FUN_006f038c(void)","9"
"FUN_006f0395","006f0395","DWORD * FUN_006f0395(void)","119"
"__getptd","006f040c","_ptiddata __getptd(void)","24"
"FUN_006f0530","006f0530","undefined FUN_006f0530(void)","9"
"FUN_006f053c","006f053c","undefined FUN_006f053c(void)","9"
"__mtinit","006f05ba","int __mtinit(void)","388"
"FUN_006f073e","006f073e","uint FUN_006f073e(DWORD param_1)","33"
"__malloc_crt","006f076f","void * __malloc_crt(size_t _Size)","64"
"__calloc_crt","006f07af","void * __calloc_crt(size_t _Count\, size_t _Size)","72"
"__realloc_crt","006f07f7","void * __realloc_crt(void * _Ptr\, size_t _NewSize)","75"
"__recalloc_crt","006f0842","void * __recalloc_crt(void * _Ptr\, size_t _Count\, size_t _Size)","80"
"__msize","006f08ae","size_t __msize(void * _Memory)","146"
"FUN_006f0948","006f0948","undefined FUN_006f0948(void)","9"
"__SEH_prolog4","006f0954","undefined __SEH_prolog4(undefined4 param_1\, int param_2)","69"
"__SEH_epilog4","006f0999","undefined __SEH_epilog4(void)","20"
"FUN_006f09ad","006f09ad","undefined4 FUN_006f09ad(int * param_1)","61"
"FUN_006f09f8","006f09f8","undefined FUN_006f09f8(int param_1)","399"
"__FF_MSGBANNER","006f0bb8","void __FF_MSGBANNER(void)","57"
"FUN_006f0bf1","006f0bf1","undefined FUN_006f0bf1(void)","1"
"FUN_006f0c24","006f0c24","DWORD * FUN_006f0c24(int param_1\, DWORD param_2)","350"
"__wincmdln","006f0d9d","byte * __wincmdln(void)","93"
"__setenvp","006f0dfa","int __setenvp(void)","216"
"parse_cmdline","006f0edf","undefined parse_cmdline(undefined4 * param_1\, byte * param_2\, int * param_3)","408"
"__setargv","006f1077","int __setargv(void)","185"
"___crtGetEnvironmentStringsA","006f1130","LPVOID ___crtGetEnvironmentStringsA(void)","309"
"__ioinit","006f1265","int __ioinit(void)","562"
"__RTC_Initialize","006f14f1","undefined __RTC_Initialize(void)","36"
"___heap_select","006f1539","undefined4 ___heap_select(void)","85"
"__heap_init","006f1594","int __heap_init(void)","90"
"___security_init_cookie","006f1668","void ___security_init_cookie(void)","148"
"__mtinitlocks","006f16fc","int __mtinitlocks(void)","73"
"__mtdeletelocks","006f1745","void __mtdeletelocks(void)","85"
"FUN_006f179a","006f179a","undefined FUN_006f179a(int param_1)","21"
"__mtinitlocknum","006f17c7","int __mtinitlocknum(int _LockNum)","186"
"FUN_006f1881","006f1881","undefined FUN_006f1881(void)","9"
"__lock","006f188a","void __lock(int _File)","49"
"___sbh_heap_init","006f195e","undefined4 ___sbh_heap_init(undefined4 param_1)","72"
"thunk_FUN_006f19ca","006f19a6","thunk undefined thunk_FUN_006f19ca(void * this\, int param_1)","18"
"FUN_006f19ca","006f19ca","undefined FUN_006f19ca(void * this\, int param_1)","25"
"___sbh_free_block","006f19d1","undefined ___sbh_free_block(uint * param_1\, int param_2)","788"
"___sbh_alloc_new_region","006f1ce5","undefined4 * ___sbh_alloc_new_region(void)","176"
"___sbh_alloc_new_group","006f1d95","int ___sbh_alloc_new_group(int param_1)","262"
"___sbh_resize_block","006f1e9b","undefined4 ___sbh_resize_block(uint * param_1\, int param_2\, int param_3)","735"
"___sbh_heap_check","006f2247","undefined4 ___sbh_heap_check(void)","738"
"___sbh_alloc_block","006f25d1","int * ___sbh_alloc_block(uint * param_1)","739"
"FUN_006f28b4","006f28b4","undefined FUN_006f28b4(undefined4 param_1)","10"
"__callnewh","006f2905","int __callnewh(size_t _Size)","34"
"__stbuf","006f2927","int __stbuf(FILE * _File)","150"
"__ftbuf","006f29bd","void __ftbuf(int _Flag\, FILE * _File)","47"
"__validate_param_reuseA","006f2b12","bool __validate_param_reuseA(int * param_1\, int param_2\, char param_3\, uint param_4)","297"
"write_char","006f2c3b","undefined write_char(void)","51"
"write_multi_char","006f2c6e","undefined write_multi_char(undefined4 param_1\, int param_2)","36"
"__fileno","006f3c74","int __fileno(FILE * _File)","45"
"write_char","006f3ca1","undefined write_char(void)","51"
"write_multi_char","006f3cd4","undefined write_multi_char(undefined4 param_1\, int param_2)","36"
"_strchr","006f47b0","char * _strchr(char * _Str\, int _Val)","195"
"_Type_info_dtor","006f486e","void _Type_info_dtor(type_info * param_1)","103"
"FUN_006f48d5","006f48d5","undefined FUN_006f48d5(void)","9"
"___unDNameHelper","006f4a43","undefined ___unDNameHelper(char * param_1\, char * param_2\, int param_3\, ushort param_4)","49"
"_strcmp","006f4bc0","int _strcmp(char * _Str1\, char * _Str2)","135"
"_abort","006f4c48","void _abort(void)","243"
"FUN_006f4d3b","006f4d3b","undefined FUN_006f4d3b(uint param_1\, uint param_2)","30"
"___getlocaleinfo","006f4d59","int ___getlocaleinfo(_locale_t _Locale\, int _Lc_type\, LPCWSTR _LocaleName\, LCTYPE _FieldType\, void * _Address)","343"
"FUN_006f4eb3","006f4eb3","undefined FUN_006f4eb3(undefined4 param_1)","10"
"__close_nolock","006f4ebd","int __close_nolock(int _FileHandle)","148"
"__close","006f4f51","int __close(int _FileHandle)","195"
"FUN_006f5014","006f5014","undefined FUN_006f5014(void)","10"
"__freebuf","006f501e","void __freebuf(FILE * _File)","44"
"__filbuf","006f504a","int __filbuf(FILE * _File)","288"
"FUN_006f516a","006f516a","int FUN_006f516a(uint param_1\, LPWSTR param_2\, LPWSTR param_3)","1473"
"FUN_006f572b","006f572b","int FUN_006f572b(uint param_1\, LPWSTR param_2\, LPWSTR param_3)","243"
"FUN_006f581e","006f581e","undefined FUN_006f581e(void)","10"
"__lseek_nolock","006f5828","long __lseek_nolock(int _FileHandle\, long _Offset\, int _Origin)","114"
"__lseek","006f589a","long __lseek(int _FileHandle\, long _Offset\, int _Origin)","210"
"FUN_006f596c","006f596c","undefined FUN_006f596c(void)","10"
"FUN_006f5976","006f5976","undefined4 * FUN_006f5976(char * param_1\, char * param_2\, int param_3\, undefined4 * param_4)","672"
"FUN_006f5c16","006f5c16","undefined4 * FUN_006f5c16(void)","292"
"FUN_006f5d3d","006f5d3d","undefined FUN_006f5d3d(void)","9"
"__local_unwind4","006f5d48","undefined __local_unwind4(uint * param_1\, int param_2\, uint param_3)","144"
"FUN_006f5e1e","006f5e1e","undefined FUN_006f5e1e(int param_1)","28"
"_EH4_CallFilterFunc","006f5e3a","undefined _EH4_CallFilterFunc(undefined * param_1)","23"
"_EH4_TransferToHandler","006f5e51","undefined _EH4_TransferToHandler(undefined * UNRECOVERED_JUMPTABLE)","25"
"_EH4_GlobalUnwind","006f5e6a","undefined _EH4_GlobalUnwind(PVOID param_1)","26"
"_EH4_LocalUnwind","006f5e84","undefined _EH4_LocalUnwind(int param_1\, uint param_2\, undefined4 param_3\, uint * param_4)","23"
"__write_nolock","006f5e9b","int __write_nolock(int _FileHandle\, void * _Buf\, uint _MaxCharCount)","1478"
"__write","006f6461","int __write(int _FileHandle\, void * _Buf\, uint _MaxCharCount)","210"
"FUN_006f6533","006f6533","undefined FUN_006f6533(void)","10"
"FUN_006f6540","006f6540","undefined FUN_006f6540(void * param_1)","24"
"FUN_006f655e","006f655e","float10 FUN_006f655e(void * param_1\, int param_2)","425"
"__trandisp1","006f6710","undefined __trandisp1(undefined4 param_1\, int param_2)","103"
"__trandisp2","006f6777","undefined __trandisp2(undefined4 param_1\, int param_2)","140"
"FUN_006f68e0","006f68e0","undefined1[10] FUN_006f68e0(void)","21"
"FUN_006f68f5","006f68f5","undefined FUN_006f68f5(void)","23"
"FUN_006f690c","006f690c","undefined4 FUN_006f690c(void)","25"
"__fload_withFB","006f6925","uint __fload_withFB(undefined4 param_1\, int param_2)","67"
"FUN_006f6968","006f6968","uint FUN_006f6968(undefined4 param_1\, uint param_2)","22"
"FUN_006f697e","006f697e","undefined FUN_006f697e(void)","13"
"__math_exit","006f698b","undefined __math_exit(undefined4 param_1\, int param_2\, undefined4 param_3\, undefined4 param_4\, undefined4 param_5)","42"
"FUN_006f69c9","006f69c9","undefined FUN_006f69c9(undefined4 param_1\, int param_2\, undefined4 param_3\, undefined4 param_4\, undefined4 param_5\, undefined4 param_6\, undefined4 param_7)","163"
"FUN_006f6a70","006f6a70","float10 FUN_006f6a70(undefined4 param_1\, undefined4 param_2\, undefined2 param_3\, undefined4 param_4\, undefined4 param_5\, undefined4 param_6\, undefined4 param_7\, undefined4 param_8)","23"
"__startOneArgErrorHandling","006f6a87","float10 __startOneArgErrorHandling(undefined4 param_1\, int param_2\, ushort param_3\, undefined4 param_4\, undefined4 param_5\, undefined4 param_6)","60"
"FUN_006f6ad0","006f6ad0","undefined FUN_006f6ad0(void)","24"
"FUN_006f6aee","006f6aee","float10 FUN_006f6aee(int param_1\, uint param_2)","639"
"__cintrindisp2","006f6fa0","undefined __cintrindisp2(undefined4 param_1\, int param_2)","62"
"__cintrindisp1","006f6fde","undefined __cintrindisp1(undefined4 param_1\, int param_2)","61"
"__ctrandisp2","006f701b","undefined __ctrandisp2(uint param_1\, int param_2\, uint param_3\, int param_4)","72"
"FUN_006f7063","006f7063","undefined FUN_006f7063(void)","7"
"FUN_006f706a","006f706a","undefined FUN_006f706a(void)","327"
"__ctrandisp1","006f71b1","undefined __ctrandisp1(uint param_1\, int param_2)","51"
"__fload","006f71e4","float10 __fload(uint param_1\, int param_2)","60"
"FUN_006f7220","006f7220","undefined FUN_006f7220(void)","24"
"FUN_006f723e","006f723e","float10 FUN_006f723e(double param_1)","590"
"FUN_006f7490","006f7490","undefined FUN_006f7490(void)","24"
"FUN_006f74ae","006f74ae","float10 FUN_006f74ae(double param_1)","614"
"FUN_006f7720","006f7720","undefined FUN_006f7720(void)","25"
"FUN_006f7739","006f7739","float10 FUN_006f7739(double param_1\, int param_2\, uint param_3)","2872"
"__d_inttype","006f8280","undefined4 __d_inttype(double param_1)","100"
"FUN_006f82e4","006f82e4","undefined4 FUN_006f82e4(int param_1\, int param_2\, int param_3\, int param_4\, double * param_5)","318"
"__commit","006f8422","int __commit(int _FileHandle)","215"
"FUN_006f84f9","006f84f9","undefined FUN_006f84f9(void)","10"
"_strcpy_s","006f8503","errno_t _strcpy_s(char * _Dst\, rsize_t _SizeInBytes\, char * _Src)","101"
"FUN_006f8568","006f8568","undefined FUN_006f8568(void)","8"
"FUN_006f8594","006f8594","exception * FUN_006f8594(void * this\, byte param_1)","34"
"___TypeMatch","006f85b6","undefined4 ___TypeMatch(byte * param_1\, byte * param_2\, uint * param_3)","92"
"___FrameUnwindToState","006f8656","undefined ___FrameUnwindToState(int param_1\, undefined4 param_2\, int param_3\, int param_4)","166"
"FUN_006f871c","006f871c","undefined FUN_006f871c(void)","27"
"___DestructExceptionObject","006f877c","undefined ___DestructExceptionObject(int * param_1)","67"
"___AdjustPointer","006f87d0","int ___AdjustPointer(int param_1\, int * param_2)","37"
"IsInExceptionSpec","006f8b16","uchar IsInExceptionSpec(EHExceptionRecord * param_1\, _s_ESTypeList * param_2)","121"
"CallUnexpected","006f8b8f","void CallUnexpected(_s_ESTypeList * param_1)","49"
"CallCatchBlock","006f8c8a","void * CallCatchBlock(EHExceptionRecord * param_1\, EHRegistrationNode * param_2\, _CONTEXT * param_3\, _s_FuncInfo * param_4\, void * param_5\, int param_6\, ulong param_7)","172"
"FUN_006f8db0","006f8db0","undefined FUN_006f8db0(void)","118"
"___BuildCatchObjectHelper","006f8e26","char ___BuildCatchObjectHelper(int param_1\, int * param_2\, uint * param_3\, byte * param_4)","371"
"___BuildCatchObject","006f8fa5","undefined ___BuildCatchObject(int param_1\, int * param_2\, uint * param_3\, byte * param_4)","133"
"___CxxExceptionFilter","006f9036","int ___CxxExceptionFilter(void * param_1\, void * param_2\, int param_3\, void * param_4)","323"
"CatchIt","006f9179","void CatchIt(EHExceptionRecord * param_1\, EHRegistrationNode * param_2\, _CONTEXT * param_3\, void * param_4\, _s_FuncInfo * param_5\, _s_HandlerType * param_6\, _s_CatchableType * param_7\, _s_TryBlockMapEntry * param_8\, int param_9\, EHRegistrationNode * param_10\, uchar param_11)","108"
"FindHandlerForForeignException","006f91e5","void FindHandlerForForeignException(EHExceptionRecord * param_1\, EHRegistrationNode * param_2\, _CONTEXT * param_3\, void * param_4\, _s_FuncInfo * param_5\, int param_6\, int param_7\, EHRegistrationNode * param_8)","242"
"FindHandler","006f92d7","void FindHandler(EHExceptionRecord * param_1\, EHRegistrationNode * param_2\, _CONTEXT * param_3\, void * param_4\, _s_FuncInfo * param_5\, uchar param_6\, int param_7\, EHRegistrationNode * param_8)","854"
"___InternalCxxFrameHandler","006f9645","undefined4 ___InternalCxxFrameHandler(EHExceptionRecord * param_1\, EHRegistrationNode * param_2\, _CONTEXT * param_3\, void * param_4\, _s_FuncInfo * param_5\, int param_6\, EHRegistrationNode * param_7\, uchar param_8)","228"
"terminate","006f9729","void terminate(void)","44"
"unexpected","006f9762","void unexpected(void)","19"
"_inconsistency","006f9775","void _inconsistency(void)","48"
"__initp_eh_hooks","006f97ac","undefined __initp_eh_hooks(void)","17"
"__CallSettingFrame@12","006f97c0","undefined __CallSettingFrame@12(undefined4 param_1\, undefined4 param_2\, int param_3)","76"
"__set_exp","006f980c","float10 __set_exp(undefined8 param_1\, short param_2)","42"
"__set_bexp","006f9875","float10 __set_bexp(undefined8 param_1\, short param_2)","37"
"__sptype","006f989a","undefined4 __sptype(int param_1\, uint param_2)","91"
"FUN_006f98f5","006f98f5","undefined FUN_006f98f5(uint param_1\, uint param_2\, int * param_3)","175"
"__raise_exc_ex","006f99a4","undefined __raise_exc_ex(uint * param_1\, uint * param_2\, uint param_3\, int param_4\, uint * param_5\, uint * param_6\, int param_7)","730"
"__raise_exc","006f9c7e","undefined __raise_exc(uint * param_1\, uint * param_2\, uint param_3\, int param_4\, uint * param_5\, uint * param_6)","33"
"__raise_excf","006f9c9f","undefined __raise_excf(uint * param_1\, uint * param_2\, uint param_3\, int param_4\, uint * param_5\, uint * param_6)","33"
"__handle_exc","006f9cc0","bool __handle_exc(uint param_1\, double * param_2\, uint param_3)","481"
"__set_errno_from_matherr","006f9ea1","undefined __set_errno_from_matherr(int param_1)","40"
"__errcode","006f9ee9","char __errcode(byte param_1)","45"
"__umatherr","006f9f16","float10 __umatherr(int param_1\, int param_2)","158"
"__handle_qnan1","006f9fb4","float10 __handle_qnan1(int param_1\, double param_2)","83"
"__handle_qnan2","006fa007","float10 __handle_qnan2(int param_1\, double param_2\, double param_3)","95"
"__except1","006fa066","undefined __except1(uint param_1\, int param_2\, undefined8 param_3\, double param_4\, uint param_5)","186"
"__except2","006fa120","undefined __except2(uint param_1\, int param_2\, undefined8 param_3\, undefined8 param_4\, double param_5\, uint param_6)","204"
"__statfp","006fa1ec","int __statfp(void)","11"
"__clrfp","006fa1f7","int __clrfp(void)","12"
"__ctrlfp","006fa203","int __ctrlfp(void)","39"
"FUN_006fa22a","006fa22a","undefined FUN_006fa22a(void)","86"
"___get_fpsr_sse2","006fa280","undefined4 ___get_fpsr_sse2(void)","28"
"___set_fpsr_sse2","006fa29c","undefined ___set_fpsr_sse2(uint param_1)","68"
"__floor_default","006fa39b","float10 __floor_default(double param_1)","209"
"FUN_006fa46c","006fa46c","undefined4 FUN_006fa46c(void)","47"
"setSBCS","006fa49b","void setSBCS(threadmbcinfostruct * param_1)","85"
"setSBUpLow","006fa4f0","void setSBUpLow(threadmbcinfostruct * param_1)","394"
"___updatetmbcinfo","006fa67a","pthreadmbcinfo ___updatetmbcinfo(void)","152"
"FUN_006fa715","006fa715","undefined FUN_006fa715(void)","9"
"getSystemCP","006fa71e","int getSystemCP(int param_1)","122"
"FUN_006fa798","006fa798","undefined FUN_006fa798(undefined4 param_1\, int param_2)","473"
"__getmbcp","006fa971","int __getmbcp(void)","60"
"__setmbcp","006fa9ad","int __setmbcp(int _CodePage)","399"
"FUN_006fab0e","006fab0e","undefined FUN_006fab0e(void)","9"
"___initmbctable","006fab47","undefined4 ___initmbctable(void)","30"
"___freetlocinfo","006fab71","undefined ___freetlocinfo(void * param_1)","320"
"___addlocaleref","006facb1","undefined ___addlocaleref(LONG * param_1)","134"
"___removelocaleref","006fad37","LONG * ___removelocaleref(LONG * param_1)","140"
"__copytlocinfo_nolock","006fadc3","undefined __copytlocinfo_nolock(LONG * param_1)","36"
"__updatetlocinfoEx_nolock","006fade7","LONG * __updatetlocinfoEx_nolock(void)","62"
"___updatetlocinfo","006fae25","pthreadlocinfo ___updatetlocinfo(void)","106"
"FUN_006fae8f","006fae8f","undefined FUN_006fae8f(void)","12"
"__strcats","006fb07f","undefined __strcats(char * param_1\, rsize_t param_2\, int param_3)","59"
"___lc_strtolc","006fb0bd","undefined4 ___lc_strtolc(char * param_1\, char * param_2)","291"
"___lc_lctostr","006fb1e6","undefined ___lc_lctostr(char * param_1\, rsize_t param_2\, char * param_3)","104"
"__freea","006fbcd4","void __freea(void * _Memory)","27"
"__crtLCMapStringA_stat","006fbd09","int __crtLCMapStringA_stat(localeinfo_struct * param_1\, ulong param_2\, ulong param_3\, char * param_4\, int param_5\, char * param_6\, int param_7\, int param_8\, int param_9)","930"
"___crtLCMapStringA","006fc0ab","int ___crtLCMapStringA(_locale_t _Plocinfo\, LPCWSTR _LocaleName\, DWORD _DwMapFlag\, LPCSTR _LpSrcStr\, int _CchSrc\, LPSTR _LpDestStr\, int _CchDest\, int _Code_page\, BOOL _BError)","67"
"__isleadbyte_l","006fc0ee","int __isleadbyte_l(int _C\, _locale_t _Locale)","54"
"_isleadbyte","006fc124","int _isleadbyte(int _C)","14"
"__isctype_l","006fc355","int __isctype_l(int _C\, int _Type\, _locale_t _Locale)","182"
"FUN_006fc43a","006fc43a","undefined * FUN_006fc43a(void)","6"
"FUN_006fc440","006fc440","undefined * * FUN_006fc440(void)","6"
"__set_osfhnd","006fc446","int __set_osfhnd(int param_1\, intptr_t param_2)","125"
"__free_osfhnd","006fc4c3","int __free_osfhnd(int param_1)","129"
"__get_osfhandle","006fc544","intptr_t __get_osfhandle(int _FileHandle)","113"
"___lock_fhandle","006fc5b5","int ___lock_fhandle(int _Filehandle)","146"
"FUN_006fc64c","006fc64c","undefined FUN_006fc64c(void)","9"
"__unlock_fhandle","006fc655","void __unlock_fhandle(int _Filehandle)","34"
"__alloc_osfhnd","006fc677","int __alloc_osfhnd(void)","391"
"FUN_006fc74a","006fc74a","undefined FUN_006fc74a(void)","9"
"FUN_006fc80d","006fc80d","undefined FUN_006fc80d(void)","9"
"FUN_006fc930","006fc930","undefined FUN_006fc930(void)","24"
"FUN_006fc94e","006fc94e","float10 FUN_006fc94e(double param_1)","717"
"FUN_006fcc20","006fcc20","undefined FUN_006fcc20(void * param_1)","24"
"FUN_006fcc3e","006fcc3e","float10 FUN_006fcc3e(void * param_1\, int param_2)","395"
"__ValidateImageBase","006fcdd0","BOOL __ValidateImageBase(PBYTE pImageBase)","41"
"__FindPESection","006fce00","undefined __FindPESection(PBYTE pImageBase\, DWORD_PTR rva)","66"
"__IsNonwritableInCurrentImage","006fce50","BOOL __IsNonwritableInCurrentImage(PBYTE pTarget)","164"
"FUN_006fcf0b","006fcf0b","undefined FUN_006fcf0b(undefined4 param_1)","10"
"FUN_006fd019","006fd019","undefined FUN_006fd019(undefined4 param_1)","10"
"___crtInitCritSecNoSpinCount@8","006fd023","undefined4 ___crtInitCritSecNoSpinCount@8(LPCRITICAL_SECTION param_1)","16"
"___crtInitCritSecAndSpinCount","006fd033","int ___crtInitCritSecAndSpinCount(undefined4 param_1\, undefined4 param_2)","147"
"FUN_006fd100","006fd100","undefined FUN_006fd100(void)","24"
"FUN_006fd11e","006fd11e","float10 FUN_006fd11e(double param_1)","1334"
"FUN_006ff141","006ff141","int FUN_006ff141(short * param_1)","22"
"__invoke_watson_if_oneof","006ff157","errno_t __invoke_watson_if_oneof(errno_t _ExpressionError\, errno_t _ErrorValue1\, errno_t _ErrorValue2\, wchar_t * _Expression\, wchar_t * _Function\, wchar_t * _File\, uint _Line\, uintptr_t _Reserved)","46"
"__controlfp_s","00700d48","errno_t __controlfp_s(uint * _CurrentState\, uint _NewValue\, uint _Mask)","106"
"__isalpha_l","00700db2","int __isalpha_l(int _C\, _locale_t _Locale)","84"
"__isupper_l","00700e31","int __isupper_l(int _C\, _locale_t _Locale)","79"
"__islower_l","00700ea9","int __islower_l(int _C\, _locale_t _Locale)","79"
"__isdigit_l","00700f21","int __isdigit_l(int _C\, _locale_t _Locale)","79"
"_isdigit","00700f70","int _isdigit(int _C)","41"
"__isxdigit_l","00700f99","int __isxdigit_l(int _C\, _locale_t _Locale)","84"
"__isspace_l","00701018","int __isspace_l(int _C\, _locale_t _Locale)","79"
"__ispunct_l","00701090","int __ispunct_l(int _C\, _locale_t _Locale)","79"
"__isalnum_l","00701108","int __isalnum_l(int _C\, _locale_t _Locale)","84"
"__isprint_l","00701187","int __isprint_l(int _C\, _locale_t _Locale)","84"
"__isgraph_l","00701206","int __isgraph_l(int _C\, _locale_t _Locale)","84"
"__iscntrl_l","00701285","int __iscntrl_l(int _C\, _locale_t _Locale)","79"
"__tolower_l","0070138e","int __tolower_l(int _C\, _locale_t _Locale)","279"
"_tolower","007014a5","int _tolower(int _C)","39"
"FID_conflict:__atoflt_l","007014cc","int FID_conflict:__atoflt_l(_CRT_FLOAT * _Result\, char * _Str\, _locale_t _Locale)","166"
"__atoldbl_l","00701585","int __atoldbl_l(_LDOUBLE * _Result\, char * _Str\, _locale_t _Locale)","167"
"FID_conflict:__atoflt_l","0070163f","int FID_conflict:__atoflt_l(_CRT_FLOAT * _Result\, char * _Str\, _locale_t _Locale)","166"
"__fptostr","00701735","errno_t __fptostr(char * _Buf\, size_t _SizeInBytes\, int _Digits\, STRFLT _PtFlt)","189"
"___dtold","007017f2","undefined ___dtold(uint * param_1\, uint * param_2)","187"
"__fltout2","007018ad","STRFLT __fltout2(_CRT_DOUBLE _Dbl\, STRFLT _Flt\, char * _ResultStr\, size_t _SizeInBytes)","139"
"__alldvrm","00701940","undefined8 __alldvrm(uint param_1\, uint param_2\, uint param_3\, uint param_4)","223"
"__aullshr","00701a20","ulonglong __aullshr(byte param_1\, uint param_2)","31"
"FUN_00701a48","00701a48","undefined4 FUN_00701a48(void)","45"
"__get_sse2_info","00701a98","undefined4 __get_sse2_info(void)","96"
"__lseeki64_nolock","00701b05","longlong __lseeki64_nolock(int _FileHandle\, longlong _Offset\, int _Origin)","131"
"__lseeki64","00701b88","longlong __lseeki64(int _FileHandle\, longlong _Offset\, int _Origin)","271"
"FUN_00701c97","00701c97","undefined FUN_00701c97(void)","10"
"__getbuf","00701ca1","void __getbuf(FILE * _File)","68"
"__isatty","00701ce5","int __isatty(int _FileHandle)","94"
"__wctomb_s_l","00701d43","errno_t __wctomb_s_l(int * _SizeConverted\, char * _MbCh\, size_t _SizeInBytes\, wchar_t _WCh\, _locale_t _Locale)","351"
"_wctomb_s","00701ea2","errno_t _wctomb_s(int * _SizeConverted\, char * _MbCh\, rsize_t _SizeInBytes\, wchar_t _WCh)","27"
"__wctomb_l","00701ebd","int __wctomb_l(char * _MbCh\, wchar_t _WCh\, _locale_t _Locale)","79"
"_wctomb","00701f0c","int _wctomb(char * _MbCh\, wchar_t _WCh)","48"
"__aulldvrm","00701f40","undefined8 __aulldvrm(uint param_1\, uint param_2\, uint param_3\, uint param_4)","149"
"FUN_00701fd5","00701fd5","undefined4 FUN_00701fd5(void)","3"
"__frnd","00701fd8","float10 __frnd(double param_1)","17"
"FUN_00701fe9","00701fe9","undefined4 FUN_00701fe9(undefined4 param_1\, undefined4 param_2\, uint param_3)","439"
"_strcat_s","007021a6","errno_t _strcat_s(char * _Dst\, rsize_t _SizeInBytes\, char * _Src)","113"
"_strncpy_s","00702217","errno_t _strncpy_s(char * _Dst\, rsize_t _SizeInBytes\, char * _Src\, rsize_t _MaxCount)","179"
"__set_error_mode","007022ca","int __set_error_mode(int _Mode)","70"
"x_ismbbtype_l","00702320","int x_ismbbtype_l(localeinfo_struct * param_1\, uint param_2\, int param_3\, int param_4)","81"
"__ismbblead","007024de","int __ismbblead(uint _C)","19"
"__ismbbkana_l","00702519","int __ismbbkana_l(uint _C\, _locale_t _Locale)","83"
"strtoxl","0070257a","ulong strtoxl(localeinfo_struct * param_1\, char * param_2\, char * * param_3\, int param_4\, int param_5)","555"
"_strtol","007027a5","long _strtol(char * _Str\, char * * _EndPtr\, int _Radix)","41"
"_strtoul","007027e9","ulong _strtoul(char * _Str\, char * * _EndPtr\, int _Radix)","42"
"Destructor","0070284f","void Destructor(HeapManager * this)","38"
"getNumberOfDimensions","00702875","int getNumberOfDimensions(void)","99"
"getTypeEncoding","007028d8","int getTypeEncoding(void)","1078"
"UScore","00702e20","char * UScore(Tokens param_1)","25"
"getMemory","00702e39","void * getMemory(HeapManager * this\, uint param_1\, int param_2)","132"
"DName","00702edc","undefined DName(DName * this\, DName * param_1)","156"
"operator=","00702ff2","DName * operator=(DName * this\, DName * param_1)","123"
"operator[]","00703076","DName * operator[](Replicator * this\, int param_1)","37"
"operator+=","007030ac","DNameNode * operator+=(DNameNode * this\, DNameNode * param_1)","41"
"pDNameNode","00703112","undefined pDNameNode(pDNameNode * this\, DName * param_1)","47"
"DNameStatusNode","00703141","undefined DNameStatusNode(DNameStatusNode * this\, DNameStatus param_1)","37"
"und_strncpy","00703185","char * und_strncpy(char * param_1\, char * param_2\, uint param_3)","32"
"getDataIndirectType","007031ca","DName getDataIndirectType(void)","51"
"getThisType","007031fd","DName getThisType(void)","52"
"DName","00703244","undefined DName(DName * this\, DName * param_1)","86"
"DName","0070329a","undefined DName(DName * this\, DNameStatus param_1)","97"
"isValid","007032fb","int isValid(DName * this)","23"
"isEmpty","00703312","int isEmpty(DName * this)","21"
"isUDC","00703327","int isUDC(DName * this)","20"
"length","0070335d","int length(DName * this)","37"
"getLastChar","00703382","char getLastChar(DName * this)","56"
"getString","007033ba","char * getString(DName * this\, char * param_1\, int param_2)","145"
"operator|=","0070344b","DName * operator|=(DName * this\, DName * param_1)","53"
"operator=","00703480","DName * operator=(DName * this\, DNameStatus param_1)","129"
"Replicator","00703501","undefined Replicator(Replicator * this)","30"
"operator+=","0070351f","Replicator * operator+=(Replicator * this\, DName * param_1)","71"
"clone","00703566","DNameNode * clone(DNameNode * this)","71"
"pcharNode","007035ad","undefined pcharNode(pcharNode * this\, char * param_1\, int param_2)","101"
"UnDecorator","007036c3","undefined UnDecorator(UnDecorator * this\, char * param_1\, char * param_2\, int param_3\, _func_char_ptr_long * param_4\, ulong param_5)","115"
"getReturnType","00703736","DName getReturnType(DName * param_1)","47"
"operator+=","00703774","DName * operator+=(DName * this\, DNameStatus param_1)","121"
"operator=","007037ed","DName * operator=(DName * this\, DName * param_1)","104"
"doPchar","00703855","void doPchar(DName * this\, char * param_1\, int param_2)","166"
"DName","007038fb","undefined DName(DName * this\, char param_1)","38"
"DName","00703921","undefined DName(DName * this\, char * param_1)","49"
"DName","00703952","undefined DName(DName * this\, char * * param_1\, char param_2)","208"
"DName","00703a22","undefined DName(DName * this\, __uint64 param_1)","105"
"FUN_00703a8b","00703a8b","undefined FUN_00703a8b(void * this\, uint param_1\, int param_2)","150"
"operator+","00703b21","DName operator+(DName * this\, DNameStatus param_1)","46"
"operator+=","00703b4f","DName * operator+=(DName * this\, DName * param_1)","98"
"FUN_00703bb1","00703bb1","DName * FUN_00703bb1(void * this\, DName * param_1)","139"
"operator=","00703c3c","DName * operator=(DName * this\, char param_1)","28"
"operator=","00703c58","DName * operator=(DName * this\, char * param_1)","42"
"getCallingConvention","00703c82","DName getCallingConvention(void)","166"
"getVCallThunkType","00703d28","DName getVCallThunkType(void)","55"
"operator+","00703d5f","DName operator+(DName * this\, DName * param_1)","81"
"FUN_00703db0","00703db0","DName * FUN_00703db0(void * this\, DName * param_1\, DName * param_2)","46"
"operator+=","00703dde","DName * operator+=(DName * this\, char param_1)","106"
"operator+=","00703e48","DName * operator+=(DName * this\, char * param_1)","108"
"getArgumentList","00703eb4","DName getArgumentList(void)","224"
"getVdispMapType","00703f94","DName getVdispMapType(DName * param_1)","79"
"operator+","00703fe3","DName operator+(char param_1\, DName * param_2)","34"
"operator+","00704005","DName operator+(DNameStatus param_1\, DName * param_2)","34"
"operator+","00704027","DName operator+(char * param_1\, DName * param_2)","34"
"operator+","00704049","DName operator+(DName * this\, char param_1)","46"
"operator+","00704077","DName operator+(DName * this\, char * param_1)","46"
"getDimension","007040a5","DName getDimension(bool param_1)","321"
"getEnumType","007041e6","DName getEnumType(void)","178"
"getArgumentTypes","007042ba","DName getArgumentTypes(void)","196"
"getThrowTypes","0070437e","DName getThrowTypes(void)","126"
"getExtendedDataIndirectType","007043fc","DName getExtendedDataIndirectType(char * param_1\, bool * param_2\, int param_3)","293"
"getArrayType","00704521","DName getArrayType(DName * param_1)","351"
"getLexicalFrame","00704680","DName getLexicalFrame(void)","49"
"getVfTableType","007046e7","DName getVfTableType(DName * param_1)","336"
"getStringEncoding","00704837","DName getStringEncoding(char * param_1\, int param_2)","160"
"getSignedDimension","007048d7","DName getSignedDimension(void)","80"
"getTemplateConstant","00704927","DName getTemplateConstant(void)","699"
"getPtrRefDataType","00704be2","DName getPtrRefDataType(DName * param_1\, int param_2)","217"
"getTemplateArgumentList","00704ccf","DName getTemplateArgumentList(void)","440"
"getOperatorName","00704e87","DName getOperatorName(bool param_1\, bool * param_2)","1391"
"getTemplateName","007053f6","DName getTemplateName(bool param_1)","339"
"getZName","00705549","DName getZName(bool param_1)","490"
"getScopedName","00705733","DName getScopedName(void)","228"
"getECSUDataType","00705826","DName getECSUDataType(void)","256"
"getSymbolName","00705926","DName getSymbolName(void)","70"
"getBasedType","0070596c","DName getBasedType(void)","146"
"composeDeclaration","007059fe","DName composeDeclaration(DName * param_1)","2882"
"getDecoratedName","00706540","DName getDecoratedName(void)","529"
"getScope","00706751","DName getScope(void)","651"
"getFunctionIndirectType","007069dc","DName getFunctionIndirectType(DName * param_1)","833"
"getDataIndirectType","00706d1d","DName getDataIndirectType(DName * param_1\, char param_2\, DName * param_3\, int param_4)","1252"
"operator_char*","00707201","char * operator_char*(UnDecorator * this)","332"
"getPtrRefType","0070734d","DName getPtrRefType(DName * param_1\, DName * param_2\, char param_3)","278"
"___unDName","007074b4","char * ___unDName(char * param_1\, char * param_2\, int param_3\, int param_4\, undefined4 param_5\, ushort param_6)","154"
"FUN_0070754e","0070754e","undefined FUN_0070754e(void)","9"
"FUN_007075fa","007075fa","DName * FUN_007075fa(DName * param_1\, DName * param_2)","866"
"getPrimaryDataType","00707981","DName getPrimaryDataType(DName * param_1)","318"
"getDataType","00707abf","DName getDataType(DName * param_1)","177"
"getExternalDataType","00707b70","DName getExternalDataType(DName * param_1)","100"
"__crtGetLocaleInfoW_stat","00707bd4","int __crtGetLocaleInfoW_stat(localeinfo_struct * param_1\, ulong param_2\, ulong param_3\, wchar_t * param_4\, int param_5\, int param_6)","315"
"___crtGetLocaleInfoW","00707d0f","undefined ___crtGetLocaleInfoW(localeinfo_struct * param_1\, ulong param_2\, ulong param_3\, wchar_t * param_4\, int param_5\, int param_6)","59"
"__crtGetLocaleInfoA_stat","00707d4a","int __crtGetLocaleInfoA_stat(localeinfo_struct * param_1\, ulong param_2\, ulong param_3\, char * param_4\, int param_5\, int param_6)","317"
"___crtGetLocaleInfoA","00707e87","int ___crtGetLocaleInfoA(_locale_t _Plocinfo\, LPCWSTR _LocaleName\, LCTYPE _LCType\, LPSTR _LpLCData\, int _CchData)","59"
"FUN_00707ec2","00707ec2","DWORD FUN_00707ec2(undefined4 * param_1\, LPCSTR param_2\, uint param_3\, int param_4\, byte param_5)","1875"
"FID_conflict:__sopen_helper","007086d1","errno_t FID_conflict:__sopen_helper(char * _Filename\, int _OFlag\, int _ShFlag\, int _PMode\, int * _PFileHandle\, int _BSecure)","153"
"FUN_0070876f","0070876f","undefined FUN_0070876f(void)","46"
"FID_conflict:__sopen","0070879d","int FID_conflict:__sopen(wchar_t * _Filename\, int _OpenFlag\, int _ShareFlag\, ...)","48"
"FID_conflict:__sopen_s","007087cd","errno_t FID_conflict:__sopen_s(int * _FileHandle\, char * _Filename\, int _OpenFlag\, int _ShareFlag\, int _PermissionMode)","30"
"__mbsicmp_l","007087eb","int __mbsicmp_l(uchar * _Str1\, uchar * _Str2\, _locale_t _Locale)","538"
"__mbsicmp","00708a05","int __mbsicmp(uchar * _Str1\, uchar * _Str2)","19"
"__mbsnbcmp_l","00708a18","int __mbsnbcmp_l(uchar * _Str1\, uchar * _Str2\, size_t _MaxCount\, _locale_t _Locale)","361"
"__mbsnbcmp","00708b81","int __mbsnbcmp(uchar * _Str1\, uchar * _Str2\, size_t _MaxCount)","23"
"__global_unwind2","00708b98","undefined __global_unwind2(PVOID param_1)","32"
"__local_unwind2","00708bfd","undefined __local_unwind2(int param_1\, uint param_2)","132"
"__NLG_Notify1","00708ca4","undefined4 __NLG_Notify1(undefined4 param_1)","9"
"__NLG_Notify","00708cad","void __NLG_Notify(ulong param_1)","31"
"FUN_00708ccc","00708ccc","undefined FUN_00708ccc(void)","3"
"__putwch_nolock","00708ccf","wint_t __putwch_nolock(wchar_t _WCh)","194"
"__mbtowc_l","00708e72","int __mbtowc_l(wchar_t * _DstCh\, char * _SrcCh\, size_t _SrcSizeInBytes\, _locale_t _Locale)","275"
"_mbtowc","00708f85","int _mbtowc(wchar_t * _DstCh\, char * _SrcCh\, size_t _SrcSizeInBytes)","23"
"__87except","00708f9c","undefined __87except(int param_1\, int * param_2\, ushort * param_3)","252"
"_ValidateRead","00709e2b","int _ValidateRead(void * param_1\, uint param_2)","13"
"FID_conflict:_ValidateExecute","00709e38","bool FID_conflict:_ValidateExecute(int param_1)","13"
"FID_conflict:_ValidateExecute","00709e45","bool FID_conflict:_ValidateExecute(int param_1)","13"
"__crtGetStringTypeA_stat","00709e52","int __crtGetStringTypeA_stat(localeinfo_struct * param_1\, ulong param_2\, char * param_3\, int param_4\, ushort * param_5\, int param_6\, int param_7\, int param_8)","440"
"___crtGetStringTypeA","0070a00a","BOOL ___crtGetStringTypeA(_locale_t _Plocinfo\, DWORD _DWInfoType\, LPCSTR _LpSrcStr\, int _CchSrc\, LPWORD _LpCharType\, int _Code_page\, BOOL _BError)","64"
"__get_lc_time","0070a079","uint __get_lc_time(void)","1049"
"___free_lc_time","0070a492","undefined ___free_lc_time(undefined4 * param_1)","400"
"___init_time","0070a622","int ___init_time(threadlocinfo * _LocInfo)","115"
"___free_lconv_num","0070a6c8","undefined ___free_lconv_num(undefined4 * param_1)","64"
"___init_numeric","0070a708","int ___init_numeric(threadlocinfo * _LocInfo)","456"
"___free_lconv_mon","0070a903","undefined ___free_lconv_mon(int param_1)","137"
"___init_monetary","0070a98c","int ___init_monetary(threadlocinfo * _LocInfo)","708"
"___init_ctype","0070ac50","int ___init_ctype(threadlocinfo * _LocInfo)","917"
"____mb_cur_max_func","0070afe5","int ____mb_cur_max_func(void)","41"
"____lc_codepage_func","0070b024","UINT ____lc_codepage_func(void)","38"
"__Getdays_l","0070b099","char * __Getdays_l(localeinfo_struct * param_1)","248"
"__Getmonths_l","0070b1a0","char * __Getmonths_l(localeinfo_struct * param_1)","248"
"__Gettnames_l","0070b2a7","void * __Gettnames_l(localeinfo_struct * param_1)","826"
"FUN_0070b605","0070b605","undefined FUN_0070b605(int * param_1\, char * param_2)","32"
"FID_conflict:__store_num","0070b65b","undefined FID_conflict:__store_num(uint * param_1\, uint param_2\, int param_3)","121"
"FUN_0070b6d4","0070b6d4","undefined4 FUN_0070b6d4(int * param_1\, int * param_2\, _locale_t param_3\, uint * param_4\, int param_5\, int param_6)","998"
"FUN_0070baba","0070baba","undefined FUN_0070baba(_locale_t param_1\, int param_2\, undefined2 * param_3\, int * param_4\, uint * param_5\, int param_6)","1117"
"__Strftime_l","0070bf17","int __Strftime_l(char * param_1\, uint param_2\, char * param_3\, int * param_4\, int * param_5\, localeinfo_struct * param_6)","431"
"__strftime_l","0070c0c6","size_t __strftime_l(char * _Buf\, size_t _Max_size\, char * _Format\, tm * _Tm\, _locale_t _Locale)","30"
"__Strftime","0070c101","size_t __Strftime(char * param_1\, size_t _Maxsize\, char * param_3\, tm * param_4\, void * param_5)","30"
"_strcspn","0070c150","size_t _strcspn(char * _Str\, char * _Control)","70"
"_TranslateName","0070c196","bool _TranslateName(int param_1\, int param_2\, undefined4 * param_3)","96"
"_ProcessCodePage","0070c20a","undefined _ProcessCodePage(CHAR * param_1)","119"
"_TestDefaultCountry","0070c281","undefined4 _TestDefaultCountry(short param_1)","30"
"_LcidFromHexString","0070c29f","int _LcidFromHexString(undefined4 param_1\, char * param_2)","50"
"_GetPrimaryLen","0070c2d1","int _GetPrimaryLen(undefined4 param_1\, char * param_2)","27"
"_CountryEnumProc@4","0070c2ec","undefined _CountryEnumProc@4(char * param_1)","150"
"_TestDefaultLanguage","0070c382","undefined _TestDefaultLanguage(void * this\, uint param_1\, int param_2)","114"
"_LangCountryEnumProc@4","0070c3f4","undefined _LangCountryEnumProc@4(char * param_1)","464"
"_LanguageEnumProc@4","0070c5c4","undefined _LanguageEnumProc@4(char * param_1)","191"
"_GetLcidFromLangCountry","0070c6af","undefined _GetLcidFromLangCountry(void)","101"
"_GetLcidFromLanguage","0070c714","undefined _GetLcidFromLanguage(void)","60"
"___get_qualified_locale","0070c750","BOOL ___get_qualified_locale(LPLC_STRINGS _LpInStr\, UINT * _LpCodePage\, LPLC_STRINGS _LpOutStr)","478"
"_strncmp","0070f525","int _strncmp(char * _Str1\, char * _Str2\, size_t _MaxCount)","190"
"_strpbrk","0070f5f0","char * _strpbrk(char * _Str\, char * _Control)","64"
"___ansicp","0070f630","undefined ___ansicp(LCID param_1)","71"
"___convertcp","0070f677","undefined ___convertcp(UINT param_1\, UINT param_2\, char * param_3\, uint * param_4\, LPSTR param_5\, int param_6)","434"
"__iswctype_l","0070f829","int __iswctype_l(wint_t _C\, wctype_t _Type\, _locale_t _Locale)","130"
"_iswctype","0070f8ab","int _iswctype(wint_t _C\, wctype_t _Type)","110"
"__ungetc_nolock","0070f91e","int __ungetc_nolock(int _Ch\, FILE * _File)","286"
"_ungetc","0070fa3c","int _ungetc(int _Ch\, FILE * _File)","104"
"FUN_0070faa4","0070faa4","undefined FUN_0070faa4(void)","10"
"__fgetwc_nolock","0070faae","wint_t __fgetwc_nolock(FILE * _File)","423"
"__ungetwc_nolock","0070fccd","wint_t __ungetwc_nolock(wint_t _Ch\, FILE * _File)","427"
"FUN_0070feef","0070feef","int FUN_0070feef(short * param_1\, int param_2)","47"
"__wcstombs_l_helper","0070ff1e","undefined __wcstombs_l_helper(LPSTR param_1\, LPCWSTR param_2\, uint param_3\, localeinfo_struct * param_4)","582"
"__wcstombs_s_l","00710180","errno_t __wcstombs_s_l(size_t * _PtNumOfCharConverted\, char * _Dst\, size_t _DstSizeInBytes\, wchar_t * _Src\, size_t _MaxCountInBytes\, _locale_t _Locale)","177"
"_wcstombs_s","00710231","errno_t _wcstombs_s(size_t * _PtNumOfCharConverted\, char * _Dst\, size_t _DstSizeInBytes\, wchar_t * _Src\, size_t _MaxCountInBytes)","30"
"__RoundMan","0071031f","int __RoundMan(int param_1\, int param_2)","238"
"__ShrMan","0071044d","undefined __ShrMan(int param_1\, int param_2)","152"
"__ld12cvt","007104e5","undefined4 __ld12cvt(ushort * param_1\, uint * param_2\, int * param_3)","1321"
"FID_conflict:__ld12tod","00710a0e","INTRNCVT_STATUS FID_conflict:__ld12tod(_LDBL12 * _Ifp\, _CRT_DOUBLE * _D)","1346"
"FID_conflict:__ld12tod","00710f50","INTRNCVT_STATUS FID_conflict:__ld12tod(_LDBL12 * _Ifp\, _CRT_DOUBLE * _D)","1346"
"__ld12told","00711492","INTRNCVT_STATUS __ld12told(_LDBL12 * _Ifp\, _LDOUBLE * _Ld)","194"
"___ld12mul","007115af","undefined ___ld12mul(int * param_1\, int * param_2)","628"
"FUN_00711823","00711823","undefined FUN_00711823(int * param_1\, uint param_2\, int param_3)","777"
"FUN_00711b2c","00711b2c","undefined FUN_00711b2c(undefined2 * param_1\, int * param_2\, char * param_3\, int param_4\, int param_5\, int param_6\, int param_7\, int * param_8)","1680"
"FUN_007121ec","007121ec","undefined FUN_007121ec(_LDOUBLE * param_1\, int * param_2\, char * param_3\, int param_4\, int * param_5)","89"
"FUN_007122b2","007122b2","undefined FUN_007122b2(int param_1\, uint param_2\, ushort param_3\, int param_4\, byte param_5\, short * param_6)","2240"
"_atol","00712b78","long _atol(char * _Str)","17"
"__chsize_nolock","00712bce","int __chsize_nolock(int _FileHandle\, longlong _Size)","436"
"__setmode_nolock","00712e87","int __setmode_nolock(int _FileHandle\, int _Mode)","188"
"FUN_00712f89","00712f89","undefined4 FUN_00712f89(undefined4 * param_1)","52"
"___ascii_stricmp","007130b4","int ___ascii_stricmp(char * _Str1\, char * _Str2)","53"
"__stricmp_l","007130e9","int __stricmp_l(char * _Str1\, char * _Str2\, _locale_t _Locale)","211"
"__stricmp","007131bc","int __stricmp(char * _Str1\, char * _Str2)","80"
"___initconout","0071322b","void ___initconout(void)","31"
"__get_daylight","00713277","errno_t __get_daylight(int * _Daylight)","52"
"__get_dstbias","007132ab","errno_t __get_dstbias(long * _Daylight_savings_bias)","52"
"FUN_007132df","007132df","undefined4 FUN_007132df(undefined4 * param_1)","52"
"__get_tzname","00713313","errno_t __get_tzname(size_t * _ReturnValue\, char * _Buffer\, size_t _SizeInBytes\, int _Index)","162"
"FUN_007133b5","007133b5","undefined4 * FUN_007133b5(void)","6"
"FUN_007133bb","007133bb","undefined4 * FUN_007133bb(void)","6"
"FUN_007133c1","007133c1","undefined4 * FUN_007133c1(void)","6"
"FUN_007133c7","007133c7","undefined * * FUN_007133c7(void)","6"
"FUN_007133f1","007133f1","undefined FUN_007133f1(void)","802"
"FUN_007136a0","007136a0","undefined FUN_007136a0(void)","9"
"cvtdate","0071373a","int cvtdate(int param_1\, int param_2\, uint param_3\, int param_4\, int param_5\, int param_6\, int param_7\, int param_8\, int param_9)","498"
"__isindst_nolock","0071392f","bool __isindst_nolock(void)","427"
"___tzset","00713add","void ___tzset(void)","70"
"FUN_00713b23","00713b23","undefined FUN_00713b23(void)","9"
"__strnicmp_l","00713ba5","int __strnicmp_l(char * _Str1\, char * _Str2\, size_t _MaxCount\, _locale_t _Locale)","240"
"__strnicmp","00713c95","int __strnicmp(char * _Str1\, char * _Str2\, size_t _MaxCount)","92"
"xtoa_s","00713cf1","DWORD xtoa_s(uint param_1\, uint param_2\, int param_3)","219"
"__itoa_s","00713dcc","errno_t __itoa_s(int _Value\, char * _DstBuf\, size_t _Size\, int _Radix)","40"
"__ltoa_s","00713df4","errno_t __ltoa_s(long _Val\, char * _DstBuf\, size_t _Size\, int _Radix)","37"
"x64toa_s","00713e31","DWORD x64toa_s(undefined4 param_1\, undefined4 param_2\, uint param_3\, uint param_4\, uint param_5\, uint param_6\, char * param_7)","246"
"__i64toa_s","00713f27","errno_t __i64toa_s(longlong _Val\, char * _DstBuf\, size_t _Size\, int _Radix)","51"
"__ui64toa_s","00713f5a","errno_t __ui64toa_s(ulonglong _Val\, char * _DstBuf\, size_t _Size\, int _Radix)","29"
"__crtGetStringTypeW_stat","00713f77","int __crtGetStringTypeW_stat(localeinfo_struct * param_1\, ulong param_2\, wchar_t * param_3\, int param_4\, ushort * param_5\, int param_6\, int param_7)","548"
"___crtGetStringTypeW","0071419b","undefined ___crtGetStringTypeW(localeinfo_struct * param_1\, ulong param_2\, wchar_t * param_3\, int param_4\, ushort * param_5\, int param_6\, int param_7)","62"
"__filwbuf","007141d9","int __filwbuf(FILE * _File)","306"
"___mtold12","0071430b","undefined ___mtold12(char * param_1\, int param_2\, uint * param_3)","460"
"strtoxq","007144d7","__uint64 strtoxq(localeinfo_struct * param_1\, char * param_2\, char * * param_3\, int param_4\, int param_5)","660"
"__strtoi64","0071476b","longlong __strtoi64(char * _String\, char * * _EndPtr\, int _Radix)","41"
"__strtoui64","007147af","ulonglong __strtoui64(char * _String\, char * * _EndPtr\, int _Radix)","42"
"__getenv_helper_nolock","007147f4","char * __getenv_helper_nolock(char * param_1)","129"
"__getenv_s_helper","00714875","undefined4 __getenv_s_helper(char * param_1\, uint param_2\, char * param_3)","144"
"__dupenv_s_helper","00714908","DWORD __dupenv_s_helper(size_t * param_1\, char * param_2)","159"
"___ascii_strnicmp","00714bf0","int ___ascii_strnicmp(char * _Str1\, char * _Str2\, size_t _MaxCount)","97"
"__mbsnbicoll_l","00714c51","int __mbsnbicoll_l(uchar * _Str1\, uchar * _Str2\, size_t _MaxCount\, _locale_t _Locale)","236"
"__mbsnbicoll","00714d3d","int __mbsnbicoll(uchar * _Str1\, uchar * _Str2\, size_t _MaxCount)","23"
"___wtomb_environ","00714d54","int ___wtomb_environ(void)","149"
"__crtCompareStringA_stat","00714e1d","int __crtCompareStringA_stat(localeinfo_struct * param_1\, ulong param_2\, ulong param_3\, char * param_4\, int param_5\, char * param_6\, int param_7\, int param_8)","905"
"___crtCompareStringA","007151a6","int ___crtCompareStringA(_locale_t _Plocinfo\, LPCWSTR _LocaleName\, DWORD _DwCmpFlags\, LPCSTR _LpString1\, int _CchCount1\, LPCSTR _LpString2\, int _CchCount2\, int _Code_page)","64"
"__strnicoll_l","007151e6","int __strnicoll_l(char * _Str1\, char * _Str2\, size_t _MaxCount\, _locale_t _Locale)","248"
"__strnicoll","007152de","int __strnicoll(char * _Str1\, char * _Str2\, size_t _MaxCount)","39"
"findenv","00715305","int findenv(uchar * param_1)","77"
"copy_environ","00715352","undefined4 * copy_environ(void)","93"
"FUN_007153af","007153af","undefined4 FUN_007153af(undefined4 * param_1\, int param_2)","585"
"__strdup","007155fb","char * __strdup(char * _Src)","77"
"__mbschr_l","0071564b","uchar * __mbschr_l(uchar * _Str\, uint _Ch\, _locale_t _Locale)","186"
"__mbschr","00715705","uchar * __mbschr(uchar * _Str\, uint _Ch)","19"
"D3DXMatrixMultiply","00715718","thunk undefined D3DXMatrixMultiply()","6"
"D3DXMatrixOrthoLH","00715724","thunk undefined D3DXMatrixOrthoLH()","6"
"D3DXSaveSurfaceToFileInMemory","0071572a","thunk undefined D3DXSaveSurfaceToFileInMemory()","6"
"D3DXCreateTextureFromFileInMemory","00715730","thunk undefined D3DXCreateTextureFromFileInMemory()","6"
"D3DXCreateTextureFromFileInMemoryEx","00715748","thunk undefined D3DXCreateTextureFromFileInMemoryEx()","6"
"D3DXCreateCubeTextureFromFileInMemory","0071574e","thunk undefined D3DXCreateCubeTextureFromFileInMemory()","6"
"D3DPERF_BeginEvent","0071575a","thunk undefined D3DPERF_BeginEvent()","6"
"D3DPERF_EndEvent","00715760","thunk undefined D3DPERF_EndEvent()","6"
"Direct3DCreate9","00715766","thunk undefined Direct3DCreate9()","6"
"_StringCopyWorkerA@12","0071576c","undefined4 _StringCopyWorkerA@12(char * param_1\, int param_2\, char * param_3)","61"
"_StringCopyWorkerW@12","007157a9","undefined4 _StringCopyWorkerW@12(short * param_1\, int param_2\, short * param_3)","68"
"_StringVPrintfWorkerA@16","007157ed","undefined4 _StringVPrintfWorkerA@16(char * param_1\, int param_2\, char * param_3\, va_list param_4)","76"
"_StringVPrintfWorkerW@16","00715839","undefined4 _StringVPrintfWorkerW@16(wchar_t * param_1\, int param_2\, wchar_t * param_3\, va_list param_4)","77"
"FUN_00715886","00715886","undefined4 FUN_00715886(char * param_1\, int param_2\, int * param_3)","55"
"FUN_007158bd","007158bd","undefined4 FUN_007158bd(short * param_1\, int param_2\, int * param_3)","57"
"FUN_007158f6","007158f6","undefined FUN_007158f6()","20572"
"FUN_007275a4","007275a4","undefined FUN_007275a4()","20826"
"FUN_0073ea78","0073ea78","undefined4 FUN_0073ea78(char * param_1\, uint param_2\, char * param_3)","29"
"_StringCchCopyW@12","0073ea95","undefined4 _StringCchCopyW@12(short * param_1\, uint param_2\, short * param_3)","29"
"FID_conflict:_StringCbPrintfA","0073eab2","HRESULT FID_conflict:_StringCbPrintfA(STRSAFE_LPSTR pszDest\, size_t cbDest\, STRSAFE_LPCSTR pszFormat\, ...)","41"
"_StringCchPrintfW","0073eadb","HRESULT _StringCchPrintfW(STRSAFE_LPWSTR pszDest\, size_t cchDest\, STRSAFE_LPCWSTR pszFormat\, ...)","41"
"FUN_0073eb04","0073eb04","undefined4 FUN_0073eb04(char * param_1\, uint param_2\, int * param_3)","35"
"FUN_0073eb27","0073eb27","undefined4 FUN_0073eb27(short * param_1\, uint param_2\, int * param_3)","35"
"FUN_0073eb4a","0073eb4a","undefined FUN_0073eb4a(char * param_1\, undefined4 param_2\, undefined4 param_3\, LPCWSTR param_4\, int param_5)","478"
"FUN_0073ed28","0073ed28","undefined FUN_0073ed28(char * param_1\, undefined4 param_2\, undefined4 param_3\, char * param_4\, int param_5)","476"
"Ordinal_11","0073ef16","thunk undefined Ordinal_11()","6"
"DirectInput8Create","00740a10","thunk undefined DirectInput8Create()","6"
"Ordinal_4","00740a5e","thunk undefined Ordinal_4()","6"
"Ordinal_2","00740a64","thunk undefined Ordinal_2()","6"
"RtlUnwind","00740bf0","thunk void RtlUnwind(PVOID TargetFrame\, PVOID TargetIp\, PEXCEPTION_RECORD ExceptionRecord\, PVOID ReturnValue)","6"
"FUN_00740e50","00740e50","undefined FUN_00740e50(undefined1 * param_1)","16"
"FUN_00740e90","00740e90","undefined FUN_00740e90(char * param_1)","20"
"FUN_00740eb0","00740eb0","undefined FUN_00740eb0(void * this\, int param_1\, int param_2)","50"
"FUN_00740f30","00740f30","undefined FUN_00740f30(void * this\, int param_1\, int param_2)","27"
"FUN_00740f50","00740f50","char * FUN_00740f50(void * this\, int param_1\, int param_2)","87"
"FUN_007411c0","007411c0","undefined FUN_007411c0(int param_1)","32"
"FUN_00741230","00741230","undefined FUN_00741230(int * param_1\, int param_2)","124"
"FUN_007412e0","007412e0","undefined FUN_007412e0(int param_1\, undefined4 * param_2)","22"
"FUN_00741300","00741300","undefined FUN_00741300(int param_1\, int param_2\, undefined4 * param_3)","27"
"FUN_007414c0","007414c0","undefined4 * FUN_007414c0(void * this\, int * param_1)","128"
"FUN_007415b0","007415b0","undefined FUN_007415b0(int param_1)","9"
"FUN_00741610","00741610","undefined4 FUN_00741610(void)","12"
"FUN_00741620","00741620","int FUN_00741620(uint param_1)","31"
"FUN_00741640","00741640","undefined FUN_00741640(int param_1)","61"
"FUN_00741690","00741690","float10 FUN_00741690(void)","7"
"FUN_007416a0","007416a0","int * FUN_007416a0(void * this\, int param_1\, int param_2\, undefined4 param_3)","208"
"FUN_00741770","00741770","undefined FUN_00741770(int param_1\, int param_2)","28"
"FUN_00741790","00741790","undefined FUN_00741790(int param_1\, int param_2\, undefined4 param_3)","31"
"FUN_00741860","00741860","uint FUN_00741860(uint * param_1\, uint param_2\, int param_3\, undefined1 * param_4)","82"
"FUN_007418c0","007418c0","uint FUN_007418c0(uint * param_1)","1650"
"FUN_00741f70","00741f70","undefined4 FUN_00741f70(int param_1)","30"
"FUN_00741f90","00741f90","undefined FUN_00741f90(void * this\, int param_1\, undefined4 param_2\, undefined4 param_3)","55"
"FUN_00741fd0","00741fd0","undefined FUN_00741fd0(void * this\, int param_1\, undefined4 param_2\, undefined4 param_3)","55"
"FUN_00742010","00742010","undefined FUN_00742010(void * this\, int param_1\, int param_2\, int param_3)","177"
"FUN_00742120","00742120","undefined FUN_00742120(uint param_1)","91"
"FUN_00742190","00742190","float FUN_00742190(float param_1)","62"
"FUN_007421d0","007421d0","undefined FUN_007421d0(int param_1)","115"
"FUN_00742280","00742280","undefined FUN_00742280(undefined4 * param_1)","24"
"FUN_007422a0","007422a0","undefined FUN_007422a0(undefined4 * param_1\, undefined4 * param_2\, undefined4 param_3)","33"
"thunk_FUN_00743930","007422d0","thunk undefined thunk_FUN_00743930(undefined4 * param_1)","5"
"FUN_00742310","00742310","undefined FUN_00742310(short * param_1)","48"
"FUN_00742340","00742340","undefined FUN_00742340(void * this\, int param_1\, int param_2\, int param_3)","42"
"FUN_00742380","00742380","undefined FUN_00742380(void * this\, undefined4 param_1)","48"
"FUN_007423b0","007423b0","undefined FUN_007423b0(void * this\, int param_1\, undefined4 param_2)","57"
"FUN_00742410","00742410","undefined FUN_00742410(int param_1\, int * param_2\, int * param_3)","565"
"FUN_00742650","00742650","undefined FUN_00742650(undefined4 * param_1)","22"
"FUN_007426d0","007426d0","undefined FUN_007426d0(void * this\, undefined4 param_1)","48"
"FUN_00742700","00742700","undefined FUN_00742700(void * this\, undefined4 param_1)","48"
"FUN_00742730","00742730","undefined FUN_00742730(undefined4 param_1\, undefined4 param_2\, int param_3\, int param_4)","4146"
"FUN_007438e0","007438e0","undefined FUN_007438e0(undefined4 * param_1)","22"
"FUN_00743900","00743900","undefined FUN_00743900(int param_1)","12"
"FUN_00743910","00743910","undefined FUN_00743910(undefined4 * param_1\, undefined4 * param_2\, undefined4 param_3)","20"
"FUN_00743930","00743930","undefined FUN_00743930(undefined4 * param_1)","11"
"FUN_00743940","00743940","undefined FUN_00743940(float param_1)","17"
"FUN_00743980","00743980","undefined FUN_00743980(int param_1\, int param_2)","601"
"FUN_00743c50","00743c50","undefined FUN_00743c50(undefined4 * param_1)","46"
"thunk_FUN_00742650","00743c80","thunk undefined thunk_FUN_00742650(undefined4 * param_1)","5"
"FUN_00743c90","00743c90","int FUN_00743c90(int param_1\, int param_2)","16"
"FUN_00743da0","00743da0","undefined FUN_00743da0(undefined4 * param_1\, undefined4 * param_2\, undefined4 param_3\, int * param_4\, undefined4 param_5\, int param_6\, undefined4 * param_7\, int param_8)","612"
"FUN_00744010","00744010","undefined FUN_00744010(undefined4 * param_1)","72"
"FUN_00744060","00744060","undefined FUN_00744060(int param_1\, int param_2\, int param_3\, int param_4\, int param_5)","110"
"FUN_00744160","00744160","undefined * * FUN_00744160(byte * param_1)","154"
"FUN_00744230","00744230","undefined4 FUN_00744230(int * param_1)","31"
"FUN_00744250","00744250","undefined4 FUN_00744250(int * param_1)","31"
"FUN_00744320","00744320","undefined FUN_00744320(void * this\, int param_1\, int param_2\, uint param_3\, int param_4)","272"
"FUN_00744430","00744430","undefined4 FUN_00744430(void * this\, undefined4 param_1)","109"
"FUN_007444b0","007444b0","uint FUN_007444b0(void * this\, uint param_1)","104"
"FUN_007445b0","007445b0","undefined4 FUN_007445b0(void * this\, int param_1)","75"
"FUN_00744600","00744600","uint FUN_00744600(int * param_1)","292"
"FUN_007449f0","007449f0","undefined FUN_007449f0(uint * param_1\, undefined1 param_2)","179"
"FUN_00744b70","00744b70","undefined FUN_00744b70(uint * param_1\, int * param_2\, int param_3)","1093"
"FUN_007450a0","007450a0","undefined FUN_007450a0(undefined4 * param_1)","53"
"FUN_00745120","00745120","undefined4 * FUN_00745120(void * this\, byte param_1)","74"
"FUN_00745170","00745170","undefined FUN_00745170(void * this\, char * param_1)","31"
"FUN_00745190","00745190","undefined FUN_00745190(void * this\, char * param_1)","31"
"FUN_007451b0","007451b0","undefined FUN_007451b0(void * this\, int param_1\, undefined4 param_2\, undefined4 param_3)","11"
"FUN_007451d0","007451d0","undefined FUN_007451d0(void * this\, undefined1 param_1)","13"
"FUN_00745260","00745260","undefined FUN_00745260(undefined4 * param_1)","53"
"FUN_007453a0","007453a0","undefined4 * FUN_007453a0(undefined4 * param_1)","16"
"FUN_007458a0","007458a0","undefined4 * FUN_007458a0(void * this\, byte param_1)","74"
"FUN_007459a0","007459a0","undefined FUN_007459a0(void * this\, int param_1\, undefined4 * param_2)","297"
"FUN_00745ad0","00745ad0","undefined FUN_00745ad0(void * this\, int param_1\, int param_2\, undefined4 * param_3)","323"
"FUN_00745f30","00745f30","undefined4 * FUN_00745f30(undefined4 * param_1)","73"
"FUN_00746020","00746020","undefined4 * FUN_00746020(void * this\, int param_1)","252"
"FUN_00746120","00746120","undefined FUN_00746120(undefined4 * param_1)","107"
"FUN_00746190","00746190","undefined4 * FUN_00746190(void * this\, byte param_1)","30"
"FUN_007462b0","007462b0","undefined FUN_007462b0(undefined4 param_1\, int param_2)","61"
"FUN_007462f0","007462f0","undefined FUN_007462f0(undefined4 param_1\, int param_2)","64"
"FUN_00746370","00746370","undefined4 FUN_00746370(undefined4 param_1)","12"
"FUN_007463a0","007463a0","undefined FUN_007463a0(void * this\, undefined1 param_1)","51"
"FUN_007463e0","007463e0","int FUN_007463e0(int * param_1)","65"
"FUN_00746430","00746430","void * FUN_00746430(void * this\, char * param_1)","19"
"FUN_007464c0","007464c0","void * FUN_007464c0(char * param_1\, int param_2)","57"
"FUN_00746520","00746520","undefined FUN_00746520(void * this\, undefined4 param_1\, undefined4 param_2\, undefined4 param_3\, undefined4 param_4\, undefined4 param_5\, undefined4 param_6\, undefined4 param_7\, undefined4 param_8)","67"
"FUN_00746590","00746590","char * FUN_00746590(int param_1)","161"
"FUN_007466e0","007466e0","undefined FUN_007466e0(int param_1)","37"
"FUN_00746710","00746710","undefined FUN_00746710(void * this\, int param_1\, undefined4 param_2\, undefined4 param_3)","80"
"FUN_00746760","00746760","undefined FUN_00746760(void * this\, char * param_1\, undefined4 param_2)","63"
"FUN_007467a0","007467a0","undefined4 FUN_007467a0(void * this\, byte * param_1)","102"
"FUN_00746810","00746810","undefined FUN_00746810(void * this\, void * param_1)","126"
"FUN_00746900","00746900","undefined4 FUN_00746900(byte * param_1)","68"
"FUN_00746950","00746950","char * FUN_00746950(undefined4 param_1\, int param_2)","156"
"FUN_00746a00","00746a00","int FUN_00746a00(void * this\, int * param_1)","307"
"FUN_00746bb0","00746bb0","undefined4 FUN_00746bb0(void * this\, byte * param_1)","96"
"FUN_00746c20","00746c20","undefined FUN_00746c20(void * this\, int param_1)","130"
"FUN_00746cb0","00746cb0","int * FUN_00746cb0(void * this\, byte * param_1\, int param_2)","99"
"FUN_00746d20","00746d20","uint * FUN_00746d20(void * this\, byte * param_1)","108"
"FUN_00746db0","00746db0","int FUN_00746db0(void * this\, int param_1\, int param_2)","350"
"FUN_00746f10","00746f10","undefined4 FUN_00746f10(void * this\, int * param_1\, uint * param_2)","1038"
"FUN_00747320","00747320","undefined FUN_00747320(void * this\, byte * param_1\, char * param_2\, undefined1 param_3)","279"
"FUN_00747440","00747440","undefined FUN_00747440(void * this\, void * param_1)","794"
"FUN_00747760","00747760","undefined FUN_00747760(void * this\, void * param_1)","347"
"FUN_007478c0","007478c0","undefined FUN_007478c0(void * this\, void * param_1)","1617"
"FUN_00747f50","00747f50","undefined FUN_00747f50(void * this\, void * param_1)","213"
"FUN_00748030","00748030","undefined FUN_00748030(void * this\, void * param_1)","254"
"FUN_00748150","00748150","undefined FUN_00748150(void * this\, undefined4 * param_1\, void * param_2)","690"
"FUN_00748430","00748430","undefined4 * FUN_00748430(void * this\, uint param_1\, undefined1 param_2)","43"
"FUN_00748460","00748460","undefined FUN_00748460(void * this\, int param_1\, int param_2)","39"
"FUN_00748490","00748490","undefined FUN_00748490(undefined4 * param_1)","32"
"FUN_007484b0","007484b0","void * FUN_007484b0(undefined4 * param_1)","46"
"FUN_007484e0","007484e0","undefined FUN_007484e0(void * this\, uint param_1)","69"
"FUN_00748530","00748530","undefined FUN_00748530(void * this\, char * param_1\, size_t param_2)","114"
"FUN_007486b0","007486b0","undefined FUN_007486b0(void * this\, char * param_1)","36"
"FUN_007486e0","007486e0","undefined FUN_007486e0(void * this\, undefined4 param_1)","90"
"FUN_007487e0","007487e0","uint FUN_007487e0(int * param_1)","24"
"FUN_007488d0","007488d0","uint FUN_007488d0(int * param_1)","24"
"FUN_00748a80","00748a80","undefined FUN_00748a80(float param_1)","25"
"FUN_00748aa0","00748aa0","undefined FUN_00748aa0(char * param_1)","34"
"FUN_00748ad0","00748ad0","undefined FUN_00748ad0(float param_1\, float param_2\, float param_3\, float param_4)","49"
"FUN_00748b10","00748b10","undefined FUN_00748b10(char * param_1)","120"
"FUN_00748b90","00748b90","undefined4 * FUN_00748b90(void * this\, int param_1\, int param_2)","96"
"FUN_00748bf0","00748bf0","undefined FUN_00748bf0(char * param_1\, size_t param_2\, int * param_3\, size_t param_4\, undefined4 param_5)","257"
"FUN_00748d00","00748d00","undefined FUN_00748d00(void * this\, int * param_1)","324"
"FUN_00749390","00749390","bool FUN_00749390(void * this\, char * param_1\, size_t param_2)","58"
"FUN_0074a7e0","0074a7e0","undefined4 FUN_0074a7e0(void)","149"
"FUN_0074a9a0","0074a9a0","uint FUN_0074a9a0(void * this\, char * param_1)","55"
"FUN_0074a9e0","0074a9e0","undefined1 FUN_0074a9e0(void * this\, char * param_1)","46"
"FUN_0074aa10","0074aa10","void * FUN_0074aa10(undefined4 * param_1)","46"
"FUN_0074aa40","0074aa40","void * FUN_0074aa40(void * this\, int param_1)","51"
"FUN_0074aa80","0074aa80","int FUN_0074aa80(void * this\, int param_1)","55"
"FUN_0074aac0","0074aac0","undefined4 FUN_0074aac0(int * param_1\, int * param_2\, undefined4 * param_3)","607"
"FUN_0074ad30","0074ad30","undefined FUN_0074ad30(void)","409"
"FUN_0074af30","0074af30","uint FUN_0074af30(char param_1\, char param_2\, char param_3)","49"
"FUN_0074b010","0074b010","int FUN_0074b010(void * this\, int param_1)","35"
"FUN_0074b1c0","0074b1c0","undefined FUN_0074b1c0(void * this\, char * param_1)","23"
"FUN_0074b2a0","0074b2a0","int FUN_0074b2a0(char * param_1)","249"
"FUN_0074b3a0","0074b3a0","byte FUN_0074b3a0(void * param_1)","607"
"FUN_0074b640","0074b640","int FUN_0074b640(char * param_1\, int * param_2\, char * param_3)","95"
"FUN_0074b6a0","0074b6a0","bool FUN_0074b6a0(void * this\, int * param_1)","38"
"FUN_0074b720","0074b720","uint FUN_0074b720(int * param_1)","37"
"FUN_0074b770","0074b770","int * FUN_0074b770(int * param_1)","36"
"FUN_0074b7c0","0074b7c0","int FUN_0074b7c0(void * this\, int * param_1)","37"
"FUN_0074b7f0","0074b7f0","undefined4 FUN_0074b7f0(void * this\, int * param_1)","41"
"FUN_0074b820","0074b820","int * FUN_0074b820(void * this\, int param_1)","54"
"FUN_0074b880","0074b880","undefined FUN_0074b880(char * param_1)","91"
"FUN_0074ba60","0074ba60","undefined FUN_0074ba60(undefined4 * param_1)","33"
"FUN_0074ba90","0074ba90","undefined FUN_0074ba90(int * param_1\, int param_2)","299"
"FUN_0074bbc0","0074bbc0","undefined FUN_0074bbc0(int param_1)","132"
"FUN_0074bc80","0074bc80","undefined4 * FUN_0074bc80(void * this\, byte param_1)","54"
"FUN_0074bcc0","0074bcc0","uint FUN_0074bcc0(int * param_1)","37"
"FUN_0074bd00","0074bd00","int * FUN_0074bd00(int * param_1)","36"
"FUN_0074bd60","0074bd60","int FUN_0074bd60(void * this\, int * param_1)","37"
"FUN_0074bdd0","0074bdd0","undefined4 FUN_0074bdd0(void * this\, int * param_1)","41"
"FUN_0074be00","0074be00","int * FUN_0074be00(void * this\, int param_1)","54"
"FUN_0074bef0","0074bef0","undefined4 FUN_0074bef0(void * this\, int * param_1\, int param_2\, undefined1 param_3\, undefined4 param_4)","97"
"FUN_0074bf60","0074bf60","undefined FUN_0074bf60(void * this\, char * param_1\, char * param_2)","217"
"FUN_0074c040","0074c040","undefined FUN_0074c040(void * this\, char * param_1)","154"
"FUN_0074c0e0","0074c0e0","undefined FUN_0074c0e0(void * this\, undefined4 param_1)","145"
"FUN_0074c180","0074c180","undefined FUN_0074c180(int param_1)","32"
"FUN_0074c1a0","0074c1a0","undefined FUN_0074c1a0(void * this\, undefined4 param_1)","144"
"FUN_0074c230","0074c230","undefined FUN_0074c230(int param_1)","112"
"FUN_0074c2b0","0074c2b0","undefined FUN_0074c2b0(void * this\, undefined1 param_1)","95"
"FUN_0074c310","0074c310","undefined FUN_0074c310(void * this\, undefined4 param_1\, undefined4 param_2\, char * param_3)","168"
"FUN_0074c3c0","0074c3c0","undefined FUN_0074c3c0(void * this\, undefined4 param_1\, undefined4 param_2\, undefined4 param_3\, char * param_4\, undefined4 param_5\, char * param_6\, undefined4 param_7\, undefined4 param_8)","259"
"FUN_0074c4d0","0074c4d0","undefined FUN_0074c4d0(void * this\, undefined4 param_1)","95"
"FUN_0074c530","0074c530","undefined4 FUN_0074c530(void * this\, int * param_1\, int * param_2)","692"
"FUN_0074c800","0074c800","int * FUN_0074c800(void * this\, int * param_1)","53"
"FUN_0074c910","0074c910","undefined FUN_0074c910(undefined4 * param_1\, undefined4 * param_2\, undefined4 * param_3)","30"
"FUN_0074c930","0074c930","void * FUN_0074c930(void * param_1\, int param_2\, int param_3)","47"
"FUN_0074c9c0","0074c9c0","undefined FUN_0074c9c0(int * param_1\, int * param_2)","2617"
"FUN_0074d470","0074d470","int * FUN_0074d470(void * this\, int * param_1)","41"
"FUN_0074d4a0","0074d4a0","int * FUN_0074d4a0(void * this\, int * param_1)","41"
"FUN_0074d4d0","0074d4d0","undefined FUN_0074d4d0(void * this\, int * param_1\, int param_2\, void * param_3\, int param_4\, void * param_5)","90"
"FUN_0074d530","0074d530","undefined FUN_0074d530(int param_1)","42"
"FUN_0074d5c0","0074d5c0","undefined FUN_0074d5c0(int param_1)","42"
"FUN_0074d5f0","0074d5f0","undefined FUN_0074d5f0(void * param_1)","57"
"FUN_0074d660","0074d660","void * FUN_0074d660(void * param_1\, int param_2\, void * param_3)","48"
"FUN_0074d690","0074d690","undefined FUN_0074d690(int param_1)","200"
"FUN_0074d760","0074d760","undefined4 * FUN_0074d760(undefined4 * param_1\, int param_2\, undefined4 * param_3)","46"
"FUN_0074d790","0074d790","undefined FUN_0074d790(int param_1)","70"
"FUN_0074d7e0","0074d7e0","undefined4 FUN_0074d7e0(void)","184"
"FUN_0074d8a0","0074d8a0","undefined FUN_0074d8a0(void * this\, undefined4 param_1\, undefined4 * param_2\, uint param_3\, undefined4 * param_4)","560"
"FUN_0074db00","0074db00","undefined FUN_0074db00(void * this\, undefined4 * param_1\, void * param_2\, undefined4 * param_3\, undefined4 * param_4)","137"
"FUN_0074db90","0074db90","undefined1 * FUN_0074db90(undefined1 * param_1)","129"
"FUN_0074dc20","0074dc20","undefined FUN_0074dc20(void * this\, undefined4 * param_1)","105"
"FUN_0074dc90","0074dc90","undefined FUN_0074dc90(void * this\, byte * param_1)","432"
"FUN_0074de40","0074de40","undefined FUN_0074de40(void * this\, int * param_1\, int * param_2)","610"
"FUN_0074e0e0","0074e0e0","undefined FUN_0074e0e0(int param_1)","2117"
"FUN_0074e9e0","0074e9e0","undefined FUN_0074e9e0(void)","1"
"FUN_0074ec90","0074ec90","undefined FUN_0074ec90(void)","21"
"FUN_0074ecb0","0074ecb0","undefined FUN_0074ecb0(void)","21"
"__vsnwprintf_l","0074ecc5","int __vsnwprintf_l(wchar_t * _DstBuf\, size_t _MaxCount\, wchar_t * _Format\, _locale_t _Locale\, va_list _ArgList)","210"
"__vsnwprintf","0074ed97","int __vsnwprintf(wchar_t * _Dest\, size_t _Count\, wchar_t * _Format\, va_list _Args)","27"
"_free","0074edb2","thunk void _free(void * _Memory)","5"
"write_char","0074edb7","undefined write_char(wchar_t param_1)","37"
"write_multi_char","0074eddc","undefined write_multi_char(wchar_t param_1\, int param_2)","37"
"write_string","0074ee01","undefined write_string(int param_1)","79"
"FUN_0074ee50","0074ee50","undefined FUN_0074ee50(int param_1\, wchar_t * param_2\, localeinfo_struct * param_3\, wchar_t * param_4)","2288"
"__fputwc_nolock","0074f760","wint_t __fputwc_nolock(wchar_t _Ch\, FILE * _File)","478"
"__flswbuf","0074f9bb","int __flswbuf(int _Ch\, FILE * _File)","368"
"D3DXCompileShader","0074fb2c","thunk undefined D3DXCompileShader()","6"
"D3DXCreateEffectCompiler","0074fb32","thunk undefined D3DXCreateEffectCompiler()","6"
"D3DXCreateBuffer","0074fb38","thunk undefined D3DXCreateBuffer()","6"
"FUN_0074fcc0","0074fcc0","undefined FUN_0074fcc0(void)","12"
